   287.000000       1.33299994    
          37          37
   1.25000000       20.0000000    
   1.25000000       20.0000000    
           4           3
          25          70          15
   IIN     XIN       REL SPACING 
    1       0.00000   0.50000
    2       0.10000   0.70000
    3       0.20000   1.00000
    4       0.30000   1.40000
    5       0.40000   2.00000
    6       0.50000   3.00000
    7       0.60000   3.00000
    8       0.70000   3.00000
    9       0.80000   2.50000
   10       0.90000   2.00000
   11       1.00000   1.50000

 INTERPOLATED POSITIONS OF THE GRID POINTS ON THE BLADE
 AND THE RELATIVE SPACING OF THE POINTS 

    1       0.00000   0.50000
    2       0.01449   0.52279
    3       0.02899   0.54768
    4       0.04348   0.57467
    5       0.05797   0.60376
    6       0.07246   0.63495
    7       0.08696   0.66824
    8       0.10145   0.70363
    9       0.11594   0.74113
   10       0.13043   0.78072
   11       0.14493   0.82241
   12       0.15942   0.86620
   13       0.17391   0.91210
   14       0.18841   0.96009
   15       0.20290   1.00970
   16       0.21739   1.05957
   17       0.23188   1.11190
   18       0.24638   1.16701
   19       0.26087   1.22518
   20       0.27536   1.28674
   21       0.28986   1.35198
   22       0.30435   1.42048
   23       0.31884   1.49170
   24       0.33333   1.56790
   25       0.34783   1.64971
   26       0.36232   1.73773
   27       0.37681   1.83256
   28       0.39130   1.93482
   29       0.40580   2.06053
   30       0.42029   2.21595
   31       0.43478   2.37380
   32       0.44928   2.52982
   33       0.46377   2.67976
   34       0.47826   2.81935
   35       0.49275   2.94432
   36       0.50725   3.02159
   37       0.52174   3.05055
   38       0.53623   3.06306
   39       0.55072   3.06219
   40       0.56522   3.05096
   41       0.57971   3.03242
   42       0.59420   3.00963
   43       0.60870   3.00719
   44       0.62319   3.01828
   45       0.63768   3.02694
   46       0.65217   3.03164
   47       0.66667   3.03086
   48       0.68116   3.02308
   49       0.69565   3.00678
   50       0.71014   2.96370
   51       0.72464   2.90395
   52       0.73913   2.83628
   53       0.75362   2.76222
   54       0.76812   2.68329
   55       0.78261   2.60101
   56       0.79710   2.51691
   57       0.81159   2.44203
   58       0.82609   2.36957
   59       0.84058   2.29710
   60       0.85507   2.22464
   61       0.86957   2.15217
   62       0.88406   2.07971
   63       0.89855   2.00725
   64       0.91304   1.93478
   65       0.92754   1.86232
   66       0.94203   1.78985
   67       0.95652   1.71739
   68       0.97101   1.64493
   69       0.98551   1.57246
   70       1.00000   1.50000
  REARRANGED AND SCALED INPUT BLADE SECTION 
  N     XSURF       YSURF 
    1       0.01106   0.04384
    2       0.00618   0.03289
    3       0.00272   0.02194
    4       0.00065   0.01097
    5       0.00000   0.00000
    6       0.00013  -0.00408
    7       0.00048  -0.00816
    8       0.00099  -0.01225
    9       0.00155  -0.01633
   10       0.00216  -0.02041
   11       0.00288  -0.02450
   12       0.00376  -0.02858
   13       0.00478  -0.03267
   14       0.00585  -0.03676
   15       0.00690  -0.04084
   16       0.00801  -0.04493
   17       0.00921  -0.04902
   18       0.01050  -0.05310
   19       0.03816  -0.10676
   20       0.06583  -0.13797
   21       0.09350  -0.15843
   22       0.12116  -0.17187
   23       0.14067  -0.17841
   24       0.16093  -0.18211
   25       0.17969  -0.18389
   26       0.19920  -0.18392
   27       0.21871  -0.18218
   28       0.23822  -0.17890
   29       0.25773  -0.17410
   30       0.27724  -0.16785
   31       0.29674  -0.16011
   32       0.31625  -0.15090
   33       0.33576  -0.14011
   34       0.35527  -0.12770
   35       0.37478  -0.11359
   36       0.39429  -0.09762
   37       0.41380  -0.07976
   38       0.43331  -0.05979
   39       0.45282  -0.03769
   40       0.47233  -0.01331
   41       0.49184   0.01346
   42       0.51134   0.04261
   43       0.53085   0.07425
   44       0.55036   0.10833
   45       0.56987   0.14488
   46       0.58938   0.18385
   47       0.60889   0.22520
   48       0.62840   0.26886
   49       0.64791   0.31474
   50       0.66742   0.36280
   51       0.68693   0.41303
   52       0.70644   0.46539
   53       0.72594   0.51986
   54       0.74545   0.57639
   55       0.76496   0.63491
   56       0.78447   0.69525
   57       0.80398   0.75717
   58       0.82349   0.82036
   59       0.84300   0.88454
   60       0.86251   0.94944
   61       0.88202   1.01486
   62       0.90153   1.08073
   63       0.92103   1.14717
   64       0.94054   1.21464
   65       0.96005   1.28362
   66       0.96665   1.30724
   67       0.97324   1.33105
   68       0.97983   1.35522
   69       0.98642   1.37994
   70       0.99302   1.40554
   71       0.99961   1.43235
   72       0.99992   1.43417
   73       1.00000   1.43602
   74       0.99984   1.43786
   75       0.99944   1.43966
   76       0.99880   1.44140
   77       0.99795   1.44304
   78       0.99690   1.44455
   79       0.99565   1.44592
   80       0.99424   1.44712
   81       0.99269   1.44812
   82       0.99102   1.44891
   83       0.98926   1.44948
   84       0.98743   1.44982
   85       0.98558   1.44992
   86       0.98374   1.44979
   87       0.98192   1.44941
   88       0.98017   1.44881
   89       0.97851   1.44798
   90       0.97697   1.44695
   91       0.97558   1.44572
   92       0.97435   1.44433
   93       0.97332   1.44279
   94       0.97111   1.43591
   95       0.96890   1.43161
   96       0.96669   1.42709
   97       0.96447   1.42229
   98       0.96226   1.41746
   99       0.96005   1.41255
  100       0.94054   1.37070
  101       0.92103   1.33011
  102       0.90153   1.28987
  103       0.88202   1.25029
  104       0.86251   1.21146
  105       0.84300   1.17336
  106       0.82349   1.13603
  107       0.80398   1.09951
  108       0.78447   1.06380
  109       0.76496   1.02891
  110       0.74545   0.99479
  111       0.72594   0.96141
  112       0.70644   0.92874
  113       0.68693   0.89675
  114       0.66742   0.86538
  115       0.64791   0.83461
  116       0.62840   0.80440
  117       0.60889   0.77469
  118       0.58938   0.74549
  119       0.56987   0.71672
  120       0.55036   0.68836
  121       0.53085   0.66039
  122       0.51134   0.63277
  123       0.49184   0.60553
  124       0.47233   0.57865
  125       0.45282   0.55219
  126       0.43331   0.52615
  127       0.41380   0.50058
  128       0.39429   0.47549
  129       0.37478   0.45083
  130       0.35527   0.42665
  131       0.33576   0.40279
  132       0.31625   0.37927
  133       0.29674   0.35592
  134       0.27724   0.33272
  135       0.25773   0.30959
  136       0.23822   0.28656
  137       0.21871   0.26362
  138       0.19920   0.24101
  139       0.17969   0.21874
  140       0.16018   0.19716
  141       0.14067   0.17632
  142       0.12116   0.15625
  143       0.09772   0.13318
  144       0.07428   0.11078
  145       0.05084   0.08867
  146       0.02739   0.06626
  147       0.02624   0.06508
  148       0.02511   0.06388
  149       0.02401   0.06266
  150       0.02295   0.06142
  151       0.02192   0.06016
  152       0.02091   0.05887
  153       0.01992   0.05757
  154       0.01895   0.05626
  155       0.01802   0.05492
  156       0.01710   0.05357
  157       0.01619   0.05221
  158       0.01530   0.05084
  159       0.01442   0.04946
  160       0.01356   0.04807
  161       0.01271   0.04667
  162       0.01188   0.04526
  COORDINATES GOING ROUND THE BLADE AFTER ANY ROTATION
     N        XSURF        YSURF 
         1     0.01106     0.04384
         2     0.00618     0.03289
         3     0.00272     0.02194
         4     0.00065     0.01097
         5     0.00000     0.00000
         6     0.00013    -0.00408
         7     0.00048    -0.00816
         8     0.00099    -0.01225
         9     0.00155    -0.01633
        10     0.00216    -0.02041
        11     0.00288    -0.02450
        12     0.00376    -0.02858
        13     0.00478    -0.03267
        14     0.00585    -0.03676
        15     0.00690    -0.04084
        16     0.00801    -0.04493
        17     0.00921    -0.04902
        18     0.01050    -0.05310
        19     0.03816    -0.10676
        20     0.06583    -0.13797
        21     0.09350    -0.15843
        22     0.12116    -0.17187
        23     0.14067    -0.17841
        24     0.16093    -0.18211
        25     0.17969    -0.18389
        26     0.19920    -0.18392
        27     0.21871    -0.18218
        28     0.23822    -0.17890
        29     0.25773    -0.17410
        30     0.27724    -0.16785
        31     0.29674    -0.16011
        32     0.31625    -0.15090
        33     0.33576    -0.14011
        34     0.35527    -0.12770
        35     0.37478    -0.11359
        36     0.39429    -0.09762
        37     0.41380    -0.07976
        38     0.43331    -0.05979
        39     0.45282    -0.03769
        40     0.47233    -0.01331
        41     0.49184     0.01346
        42     0.51134     0.04261
        43     0.53085     0.07425
        44     0.55036     0.10833
        45     0.56987     0.14488
        46     0.58938     0.18385
        47     0.60889     0.22520
        48     0.62840     0.26886
        49     0.64791     0.31474
        50     0.66742     0.36280
        51     0.68693     0.41303
        52     0.70644     0.46539
        53     0.72594     0.51986
        54     0.74545     0.57639
        55     0.76496     0.63491
        56     0.78447     0.69525
        57     0.80398     0.75717
        58     0.82349     0.82036
        59     0.84300     0.88454
        60     0.86251     0.94944
        61     0.88202     1.01486
        62     0.90153     1.08073
        63     0.92103     1.14717
        64     0.94054     1.21464
        65     0.96005     1.28362
        66     0.96665     1.30724
        67     0.97324     1.33105
        68     0.97983     1.35522
        69     0.98642     1.37994
        70     0.99302     1.40554
        71     0.99961     1.43235
        72     0.99992     1.43417
        73     1.00000     1.43602
        74     0.99984     1.43786
        75     0.99944     1.43966
        76     0.99880     1.44140
        77     0.99795     1.44304
        78     0.99690     1.44455
        79     0.99565     1.44592
        80     0.99424     1.44712
        81     0.99269     1.44812
        82     0.99102     1.44891
        83     0.98926     1.44948
        84     0.98743     1.44982
        85     0.98558     1.44992
        86     0.98374     1.44979
        87     0.98192     1.44941
        88     0.98017     1.44881
        89     0.97851     1.44798
        90     0.97697     1.44695
        91     0.97558     1.44572
        92     0.97435     1.44433
        93     0.97332     1.44279
        94     0.97111     1.43591
        95     0.96890     1.43161
        96     0.96669     1.42709
        97     0.96447     1.42229
        98     0.96226     1.41746
        99     0.96005     1.41255
       100     0.94054     1.37070
       101     0.92103     1.33011
       102     0.90153     1.28987
       103     0.88202     1.25029
       104     0.86251     1.21146
       105     0.84300     1.17336
       106     0.82349     1.13603
       107     0.80398     1.09951
       108     0.78447     1.06380
       109     0.76496     1.02891
       110     0.74545     0.99479
       111     0.72594     0.96141
       112     0.70644     0.92874
       113     0.68693     0.89675
       114     0.66742     0.86538
       115     0.64791     0.83461
       116     0.62840     0.80440
       117     0.60889     0.77469
       118     0.58938     0.74549
       119     0.56987     0.71672
       120     0.55036     0.68836
       121     0.53085     0.66039
       122     0.51134     0.63277
       123     0.49184     0.60553
       124     0.47233     0.57865
       125     0.45282     0.55219
       126     0.43331     0.52615
       127     0.41380     0.50058
       128     0.39429     0.47549
       129     0.37478     0.45083
       130     0.35527     0.42665
       131     0.33576     0.40279
       132     0.31625     0.37927
       133     0.29674     0.35592
       134     0.27724     0.33272
       135     0.25773     0.30959
       136     0.23822     0.28656
       137     0.21871     0.26362
       138     0.19920     0.24101
       139     0.17969     0.21874
       140     0.16018     0.19716
       141     0.14067     0.17632
       142     0.12116     0.15625
       143     0.09772     0.13318
       144     0.07428     0.11078
       145     0.05084     0.08867
       146     0.02739     0.06626
       147     0.02624     0.06508
       148     0.02511     0.06388
       149     0.02401     0.06266
       150     0.02295     0.06142
       151     0.02192     0.06016
       152     0.02091     0.05887
       153     0.01992     0.05757
       154     0.01895     0.05626
       155     0.01802     0.05492
       156     0.01710     0.05357
       157     0.01619     0.05221
       158     0.01530     0.05084
       159     0.01442     0.04946
       160     0.01356     0.04807
       161     0.01271     0.04667
       162     0.01188     0.04526
  LEADING EDGE POINT =            5  TE POINT =          73

  NO OF SUCT S POINTS          69  NO PRESS S POINTS          95
  XMIN,XMAX, XCHORD     0.00000000       1.00000000       1.00000000    

   SUCTION SURFACE POINTS FROM LE TO TE.
         1     0.00000     0.00000
         2     0.00013    -0.00408
         3     0.00048    -0.00816
         4     0.00099    -0.01225
         5     0.00155    -0.01633
         6     0.00216    -0.02041
         7     0.00288    -0.02450
         8     0.00376    -0.02858
         9     0.00478    -0.03267
        10     0.00585    -0.03676
        11     0.00690    -0.04084
        12     0.00801    -0.04493
        13     0.00921    -0.04902
        14     0.01050    -0.05310
        15     0.03816    -0.10676
        16     0.06583    -0.13797
        17     0.09350    -0.15843
        18     0.12116    -0.17187
        19     0.14067    -0.17841
        20     0.16093    -0.18211
        21     0.17969    -0.18389
        22     0.19920    -0.18392
        23     0.21871    -0.18218
        24     0.23822    -0.17890
        25     0.25773    -0.17410
        26     0.27724    -0.16785
        27     0.29674    -0.16011
        28     0.31625    -0.15090
        29     0.33576    -0.14011
        30     0.35527    -0.12770
        31     0.37478    -0.11359
        32     0.39429    -0.09762
        33     0.41380    -0.07976
        34     0.43331    -0.05979
        35     0.45282    -0.03769
        36     0.47233    -0.01331
        37     0.49184     0.01346
        38     0.51134     0.04261
        39     0.53085     0.07425
        40     0.55036     0.10833
        41     0.56987     0.14488
        42     0.58938     0.18385
        43     0.60889     0.22520
        44     0.62840     0.26886
        45     0.64791     0.31474
        46     0.66742     0.36280
        47     0.68693     0.41303
        48     0.70644     0.46539
        49     0.72594     0.51986
        50     0.74545     0.57639
        51     0.76496     0.63491
        52     0.78447     0.69525
        53     0.80398     0.75717
        54     0.82349     0.82036
        55     0.84300     0.88454
        56     0.86251     0.94944
        57     0.88202     1.01486
        58     0.90153     1.08073
        59     0.92103     1.14717
        60     0.94054     1.21464
        61     0.96005     1.28362
        62     0.96665     1.30724
        63     0.97324     1.33105
        64     0.97983     1.35522
        65     0.98642     1.37994
        66     0.99302     1.40554
        67     0.99961     1.43235
        68     0.99992     1.43417
        69     1.00000     1.43602

   PRESSURE SURFACE POINTS FROM LE TO TE.
         1     0.00000     0.00000
         2     0.00065     0.01097
         3     0.00272     0.02194
         4     0.00618     0.03289
         5     0.01106     0.04384
         6     0.01188     0.04526
         7     0.01271     0.04667
         8     0.01356     0.04807
         9     0.01442     0.04946
        10     0.01530     0.05084
        11     0.01619     0.05221
        12     0.01710     0.05357
        13     0.01802     0.05492
        14     0.01895     0.05626
        15     0.01992     0.05757
        16     0.02091     0.05887
        17     0.02192     0.06016
        18     0.02295     0.06142
        19     0.02401     0.06266
        20     0.02511     0.06388
        21     0.02624     0.06508
        22     0.02739     0.06626
        23     0.05084     0.08867
        24     0.07428     0.11078
        25     0.09772     0.13318
        26     0.12116     0.15625
        27     0.14067     0.17632
        28     0.16018     0.19716
        29     0.17969     0.21874
        30     0.19920     0.24101
        31     0.21871     0.26362
        32     0.23822     0.28656
        33     0.25773     0.30959
        34     0.27724     0.33272
        35     0.29674     0.35592
        36     0.31625     0.37927
        37     0.33576     0.40279
        38     0.35527     0.42665
        39     0.37478     0.45083
        40     0.39429     0.47549
        41     0.41380     0.50058
        42     0.43331     0.52615
        43     0.45282     0.55219
        44     0.47233     0.57865
        45     0.49184     0.60553
        46     0.51134     0.63277
        47     0.53085     0.66039
        48     0.55036     0.68836
        49     0.56987     0.71672
        50     0.58938     0.74549
        51     0.60889     0.77469
        52     0.62840     0.80440
        53     0.64791     0.83461
        54     0.66742     0.86538
        55     0.68693     0.89675
        56     0.70644     0.92874
        57     0.72594     0.96141
        58     0.74545     0.99479
        59     0.76496     1.02891
        60     0.78447     1.06380
        61     0.80398     1.09951
        62     0.82349     1.13603
        63     0.84300     1.17336
        64     0.86251     1.21146
        65     0.88202     1.25029
        66     0.90153     1.28987
        67     0.92103     1.33011
        68     0.94054     1.37070
        69     0.96005     1.41255
        70     0.96226     1.41746
        71     0.96447     1.42229
        72     0.96669     1.42709
        73     0.96890     1.43161
        74     0.97111     1.43591
        75     0.97332     1.44279
        76     0.97435     1.44433
        77     0.97558     1.44572
        78     0.97697     1.44695
        79     0.97851     1.44798
        80     0.98017     1.44881
        81     0.98192     1.44941
        82     0.98374     1.44979
        83     0.98558     1.44992
        84     0.98743     1.44982
        85     0.98926     1.44948
        86     0.99102     1.44891
        87     0.99269     1.44812
        88     0.99424     1.44712
        89     0.99565     1.44592
        90     0.99690     1.44455
        91     0.99795     1.44304
        92     0.99880     1.44140
        93     0.99944     1.43966
        94     0.99984     1.43786
        95     1.00000     1.43602
  POINTS ON THE BLADE TO BE USED FOR PLOTTING 
  AND FINAL INTERPOLATION 
  N           X          YUP        YLOW        THICK 
    1      0.0000      0.0000      0.0000      0.0000
    2      0.0001     -0.0019      0.0010      0.0030
    3      0.0002     -0.0055      0.0042      0.0097
    4      0.0006     -0.0088      0.0094      0.0183
    5      0.0010     -0.0123      0.0128      0.0251
    6      0.0016     -0.0163      0.0158      0.0321
    7      0.0022     -0.0209      0.0194      0.0403
    8      0.0030     -0.0253      0.0230      0.0483
    9      0.0040     -0.0295      0.0259      0.0554
   10      0.0050     -0.0336      0.0293      0.0629
   11      0.0062     -0.0382      0.0330      0.0712
   12      0.0075     -0.0431      0.0359      0.0790
   13      0.0089     -0.0481      0.0391      0.0872
   14      0.0105     -0.0531      0.0426      0.0957
   15      0.0122     -0.0563      0.0457      0.1021
   16      0.0140     -0.0598      0.0487      0.1085
   17      0.0159     -0.0635      0.0517      0.1152
   18      0.0179     -0.0675      0.0547      0.1222
   19      0.0201     -0.0716      0.0578      0.1294
   20      0.0223     -0.0760      0.0607      0.1367
   21      0.0247     -0.0807      0.0634      0.1441
   22      0.0272     -0.0856      0.0661      0.1516
   23      0.0299     -0.0906      0.0686      0.1593
   24      0.0326     -0.0960      0.0712      0.1672
   25      0.0355     -0.1015      0.0740      0.1755
   26      0.0384     -0.1071      0.0768      0.1839
   27      0.0415     -0.1106      0.0798      0.1903
   28      0.0447     -0.1142      0.0828      0.1970
   29      0.0481     -0.1179      0.0860      0.2039
   30      0.0515     -0.1218      0.0893      0.2111
   31      0.0550     -0.1258      0.0926      0.2184
   32      0.0587     -0.1299      0.0961      0.2260
   33      0.0625     -0.1342      0.0996      0.2338
   34      0.0663     -0.1383      0.1033      0.2416
   35      0.0703     -0.1413      0.1070      0.2483
   36      0.0744     -0.1443      0.1109      0.2552
   37      0.0786     -0.1474      0.1149      0.2623
   38      0.0829     -0.1506      0.1190      0.2696
   39      0.0873     -0.1539      0.1232      0.2771
   40      0.0918     -0.1572      0.1275      0.2847
   41      0.0964     -0.1599      0.1319      0.2918
   42      0.1011     -0.1621      0.1365      0.2987
   43      0.1059     -0.1645      0.1413      0.3058
   44      0.1108     -0.1669      0.1461      0.3130
   45      0.1159     -0.1693      0.1510      0.3203
   46      0.1210     -0.1718      0.1560      0.3278
   47      0.1261     -0.1735      0.1614      0.3349
   48      0.1314     -0.1753      0.1668      0.3421
   49      0.1368     -0.1771      0.1724      0.3495
   50      0.1423     -0.1787      0.1780      0.3567
   51      0.1478     -0.1797      0.1840      0.3637
   52      0.1535     -0.1808      0.1900      0.3708
   53      0.1592     -0.1818      0.1961      0.3779
   54      0.1650     -0.1825      0.2025      0.3850
   55      0.1709     -0.1831      0.2091      0.3921
   56      0.1769     -0.1836      0.2157      0.3993
   57      0.1830     -0.1839      0.2225      0.4064
   58      0.1891     -0.1839      0.2295      0.4134
   59      0.1954     -0.1839      0.2366      0.4205
   60      0.2017     -0.1837      0.2439      0.4276
   61      0.2080     -0.1831      0.2512      0.4344
   62      0.2145     -0.1826      0.2587      0.4413
   63      0.2210     -0.1818      0.2663      0.4481
   64      0.2276     -0.1807      0.2740      0.4547
   65      0.2342     -0.1796      0.2819      0.4614
   66      0.2409     -0.1782      0.2898      0.4680
   67      0.2477     -0.1766      0.2978      0.4743
   68      0.2546     -0.1749      0.3059      0.4807
   69      0.2615     -0.1729      0.3140      0.4869
   70      0.2684     -0.1707      0.3223      0.4930
   71      0.2755     -0.1684      0.3306      0.4990
   72      0.2826     -0.1657      0.3390      0.5048
   73      0.2897     -0.1629      0.3475      0.5104
   74      0.2969     -0.1601      0.3561      0.5161
   75      0.3041     -0.1566      0.3647      0.5214
   76      0.3114     -0.1532      0.3735      0.5266
   77      0.3187     -0.1495      0.3823      0.5318
   78      0.3261     -0.1454      0.3911      0.5366
   79      0.3335     -0.1413      0.4001      0.5414
   80      0.3410     -0.1368      0.4092      0.5460
   81      0.3485     -0.1320      0.4184      0.5504
   82      0.3560     -0.1271      0.4276      0.5548
   83      0.3636     -0.1217      0.4370      0.5587
   84      0.3712     -0.1162      0.4464      0.5626
   85      0.3789     -0.1102      0.4560      0.5662
   86      0.3865     -0.1040      0.4657      0.5697
   87      0.3942     -0.0977      0.4754      0.5731
   88      0.4020     -0.0906      0.4854      0.5760
   89      0.4097     -0.0835      0.4953      0.5788
   90      0.4175     -0.0760      0.5054      0.5814
   91      0.4253     -0.0680      0.5156      0.5836
   92      0.4331     -0.0600      0.5259      0.5859
   93      0.4409     -0.0511      0.5363      0.5875
   94      0.4488     -0.0423      0.5468      0.5891
   95      0.4566     -0.0329      0.5574      0.5903
   96      0.4645     -0.0231      0.5680      0.5911
   97      0.4724     -0.0132      0.5787      0.5920
   98      0.4803     -0.0024      0.5896      0.5920
   99      0.4882      0.0084      0.6005      0.5920
  100      0.4961      0.0198      0.6114      0.5917
  101      0.5039      0.0316      0.6224      0.5909
  102      0.5118      0.0434      0.6335      0.5901
  103      0.5197      0.0562      0.6446      0.5884
  104      0.5276      0.0690      0.6558      0.5868
  105      0.5355      0.0824      0.6670      0.5847
  106      0.5434      0.0961      0.6783      0.5822
  107      0.5512      0.1099      0.6896      0.5797
  108      0.5591      0.1246      0.7010      0.5764
  109      0.5669      0.1393      0.7124      0.5731
  110      0.5747      0.1545      0.7238      0.5693
  111      0.5825      0.1701      0.7353      0.5652
  112      0.5903      0.1858      0.7468      0.5611
  113      0.5980      0.2022      0.7584      0.5563
  114      0.6058      0.2186      0.7700      0.5514
  115      0.6135      0.2354      0.7816      0.5462
  116      0.6211      0.2526      0.7933      0.5407
  117      0.6288      0.2697      0.8050      0.5352
  118      0.6364      0.2876      0.8168      0.5291
  119      0.6440      0.3055      0.8285      0.5230
  120      0.6515      0.3236      0.8403      0.5167
  121      0.6590      0.3421      0.8521      0.5100
  122      0.6665      0.3605      0.8639      0.5034
  123      0.6739      0.3795      0.8758      0.4963
  124      0.6813      0.3985      0.8877      0.4892
  125      0.6886      0.4175      0.8995      0.4820
  126      0.6959      0.4371      0.9115      0.4744
  127      0.7031      0.4565      0.9233      0.4668
  128      0.7103      0.4762      0.9352      0.4590
  129      0.7174      0.4961      0.9472      0.4510
  130      0.7245      0.5159      0.9590      0.4431
  131      0.7316      0.5361      0.9710      0.4349
  132      0.7385      0.5563      0.9829      0.4266
  133      0.7454      0.5763      0.9947      0.4184
  134      0.7523      0.5969      1.0067      0.4099
  135      0.7591      0.6172      1.0186      0.4014
  136      0.7658      0.6374      1.0304      0.3929
  137      0.7724      0.6580      1.0423      0.3843
  138      0.7790      0.6784      1.0540      0.3757
  139      0.7855      0.6986      1.0657      0.3671
  140      0.7920      0.7191      1.0775      0.3585
  141      0.7983      0.7393      1.0892      0.3499
  142      0.8046      0.7593      1.1007      0.3414
  143      0.8109      0.7795      1.1124      0.3329
  144      0.8170      0.7994      1.1239      0.3245
  145      0.8231      0.8190      1.1352      0.3162
  146      0.8291      0.8387      1.1467      0.3080
  147      0.8350      0.8581      1.1580      0.2999
  148      0.8408      0.8772      1.1691      0.2919
  149      0.8465      0.8962      1.1802      0.2840
  150      0.8522      0.9150      1.1912      0.2762
  151      0.8577      0.9335      1.2021      0.2686
  152      0.8632      0.9517      1.2128      0.2611
  153      0.8686      0.9698      1.2235      0.2538
  154      0.8739      0.9875      1.2340      0.2466
  155      0.8790      1.0049      1.2444      0.2395
  156      0.8841      1.0221      1.2546      0.2326
  157      0.8892      1.0390      1.2648      0.2258
  158      0.8941      1.0555      1.2747      0.2192
  159      0.8989      1.0718      1.2845      0.2127
  160      0.9036      1.0877      1.2941      0.2064
  161      0.9082      1.1034      1.3036      0.2002
  162      0.9127      1.1188      1.3129      0.1941
  163      0.9171      1.1338      1.3220      0.1882
  164      0.9214      1.1484      1.3309      0.1824
  165      0.9256      1.1629      1.3396      0.1767
  166      0.9297      1.1771      1.3481      0.1710
  167      0.9337      1.1909      1.3564      0.1655
  168      0.9375      1.2043      1.3645      0.1602
  169      0.9413      1.2173      1.3723      0.1550
  170      0.9450      1.2303      1.3802      0.1499
  171      0.9485      1.2428      1.3878      0.1450
  172      0.9519      1.2549      1.3952      0.1402
  173      0.9553      1.2667      1.4023      0.1356
  174      0.9585      1.2780      1.4092      0.1311
  175      0.9616      1.2890      1.4159      0.1269
  176      0.9645      1.2997      1.4224      0.1227
  177      0.9674      1.3100      1.4285      0.1186
  178      0.9701      1.3199      1.4340      0.1142
  179      0.9728      1.3294      1.4411      0.1117
  180      0.9753      1.3385      1.4454      0.1068
  181      0.9777      1.3473      1.4474      0.1001
  182      0.9799      1.3557      1.4487      0.0930
  183      0.9821      1.3637      1.4494      0.0857
  184      0.9841      1.3714      1.4498      0.0785
  185      0.9860      1.3785      1.4499      0.0714
  186      0.9878      1.3854      1.4497      0.0643
  187      0.9895      1.3919      1.4494      0.0575
  188      0.9911      1.3979      1.4489      0.0510
  189      0.9925      1.4035      1.4482      0.0448
  190      0.9938      1.4087      1.4474      0.0388
  191      0.9950      1.4134      1.4465      0.0331
  192      0.9960      1.4177      1.4455      0.0278
  193      0.9970      1.4215      1.4445      0.0229
  194      0.9978      1.4248      1.4433      0.0185
  195      0.9984      1.4276      1.4421      0.0145
  196      0.9990      1.4299      1.4408      0.0110
  197      0.9994      1.4317      1.4396      0.0080
  198      0.9998      1.4332      1.4382      0.0051
  199      0.9999      1.4345      1.4367      0.0022
  200      1.0000      1.4360      1.4360      0.0000
 GRID EXPANSION RATIO UP=    1.12157 DOWN =    1.05711
  AXIAL,TANGENTIAL AND RADIAL COORDINATES ON THE STREAM
  SURFACE BEFORE TRANSFORMING TO R-THETA COORDINATES 
 J, XGRID,YGRID,RGRID            1  -1.83077622E-02  -1.93192866E-02  0.316170633    
 J, XGRID,YGRID,RGRID            2  -1.62090454E-02  -1.72116850E-02  0.316130459    
 J, XGRID,YGRID,RGRID            3  -1.43379401E-02  -1.53325396E-02  0.316098779    
 J, XGRID,YGRID,RGRID            4  -1.26699768E-02  -1.36570875E-02  0.316075534    
 J, XGRID,YGRID,RGRID            5  -1.11832386E-02  -1.21632488E-02  0.316060156    
 J, XGRID,YGRID,RGRID            6  -9.85811464E-03  -1.08313374E-02  0.316051513    
 J, XGRID,YGRID,RGRID            7  -8.67707096E-03  -9.64380056E-03  0.316048533    
 J, XGRID,YGRID,RGRID            8  -7.62445992E-03  -8.58498923E-03  0.316049963    
 J, XGRID,YGRID,RGRID            9  -6.68631587E-03  -7.64094852E-03  0.316054910    
 J, XGRID,YGRID,RGRID           10  -5.85018937E-03  -6.79923873E-03  0.316062421    
 J, XGRID,YGRID,RGRID           11  -5.10497112E-03  -6.04876736E-03  0.316071808    
 J, XGRID,YGRID,RGRID           12  -4.44076909E-03  -5.37964422E-03  0.316082269    
 J, XGRID,YGRID,RGRID           13  -3.84876085E-03  -4.78305202E-03  0.316093475    
 J, XGRID,YGRID,RGRID           14  -3.32109048E-03  -4.25112806E-03  0.316104978    
 J, XGRID,YGRID,RGRID           15  -2.85075186E-03  -3.77686322E-03  0.316116512    
 J, XGRID,YGRID,RGRID           16  -2.43150815E-03  -3.35400668E-03  0.316127777    
 J, XGRID,YGRID,RGRID           17  -2.05780519E-03  -2.97698658E-03  0.316138625    
 J, XGRID,YGRID,RGRID           18  -1.72468077E-03  -2.64083431E-03  0.316149026    
 J, XGRID,YGRID,RGRID           19  -1.42772845E-03  -2.34111957E-03  0.316158831    
 J, XGRID,YGRID,RGRID           20  -1.16301095E-03  -2.07389309E-03  0.316167980    
 J, XGRID,YGRID,RGRID           21  -9.27033310E-04  -1.83563295E-03  0.316176564    
 J, XGRID,YGRID,RGRID           22  -7.16664130E-04  -1.62319932E-03  0.316184431    
 J, XGRID,YGRID,RGRID           23  -5.29121025E-04  -1.43379287E-03  0.316191703    
 J, XGRID,YGRID,RGRID           24  -3.61930695E-04  -1.26491731E-03  0.316198379    
 J, XGRID,YGRID,RGRID           25  -2.12882253E-04  -1.11434737E-03  0.316204458    
 J, XGRID,YGRID,RGRID           26  -7.99999980E-05  -9.80098615E-04  0.316210002    
 J, XGRID,YGRID,RGRID           27   5.07510558E-05  -1.02461537E-03  0.316234618    
 J, XGRID,YGRID,RGRID           28   1.87427970E-04  -1.56764349E-03  0.316260725    
 J, XGRID,YGRID,RGRID           29   3.30574287E-04  -2.01097550E-03  0.316288292    
 J, XGRID,YGRID,RGRID           30   4.80739807E-04  -2.30372674E-03  0.316317558    
 J, XGRID,YGRID,RGRID           31   6.38466328E-04  -2.61619384E-03  0.316348761    
 J, XGRID,YGRID,RGRID           32   8.04295298E-04  -2.94480310E-03  0.316381902    
 J, XGRID,YGRID,RGRID           33   9.78766591E-04  -3.29064182E-03  0.316417277    
 J, XGRID,YGRID,RGRID           34   1.16242818E-03  -3.65518476E-03  0.316455007    
 J, XGRID,YGRID,RGRID           35   1.35580986E-03  -3.98196466E-03  0.316495240    
 J, XGRID,YGRID,RGRID           36   1.55946240E-03  -4.21196502E-03  0.316538215    
 J, XGRID,YGRID,RGRID           37   1.77391688E-03  -4.45950497E-03  0.316584080    
 J, XGRID,YGRID,RGRID           38   1.99971371E-03  -4.72022686E-03  0.316633075    
 J, XGRID,YGRID,RGRID           39   2.23738933E-03  -4.99338098E-03  0.316685438    
 J, XGRID,YGRID,RGRID           40   2.48747924E-03  -5.19607589E-03  0.316741407    
 J, XGRID,YGRID,RGRID           41   2.75038928E-03  -5.39530953E-03  0.316801101    
 J, XGRID,YGRID,RGRID           42   3.02618183E-03  -5.60438354E-03  0.316864759    
 J, XGRID,YGRID,RGRID           43   3.31547204E-03  -5.80514455E-03  0.316932499    
 J, XGRID,YGRID,RGRID           44   3.61897796E-03  -5.95830288E-03  0.317004770    
 J, XGRID,YGRID,RGRID           45   3.93747725E-03  -6.11711014E-03  0.317081749    
 J, XGRID,YGRID,RGRID           46   4.27183788E-03  -6.27868203E-03  0.317163825    
 J, XGRID,YGRID,RGRID           47   4.62299213E-03  -6.39905082E-03  0.317251503    
 J, XGRID,YGRID,RGRID           48   4.99178004E-03  -6.51584379E-03  0.317344964    
 J, XGRID,YGRID,RGRID           49   5.37887868E-03  -6.58830535E-03  0.317444623    
 J, XGRID,YGRID,RGRID           50   5.78556582E-03  -6.65193703E-03  0.317551076    
 J, XGRID,YGRID,RGRID           51   6.21327665E-03  -6.69361604E-03  0.317664623    
 J, XGRID,YGRID,RGRID           52   6.66360371E-03  -6.70365617E-03  0.317786008    
 J, XGRID,YGRID,RGRID           53   7.13828206E-03  -6.69189962E-03  0.317915916    
 J, XGRID,YGRID,RGRID           54   7.63921812E-03  -6.64332462E-03  0.318054974    
 J, XGRID,YGRID,RGRID           55   8.17246176E-03  -6.55727368E-03  0.318205118    
 J, XGRID,YGRID,RGRID           56   8.74566659E-03  -6.42819097E-03  0.318368673    
 J, XGRID,YGRID,RGRID           57   9.35942680E-03  -6.25018263E-03  0.318546116    
 J, XGRID,YGRID,RGRID           58   1.00132618E-02  -6.01353915E-03  0.318737507    
 J, XGRID,YGRID,RGRID           59   1.07055586E-02  -5.70921972E-03  0.318942249    
 J, XGRID,YGRID,RGRID           60   1.14336498E-02  -5.32925315E-03  0.319159657    
 J, XGRID,YGRID,RGRID           61   1.21937841E-02  -4.86291852E-03  0.319388449    
 J, XGRID,YGRID,RGRID           62   1.29736681E-02  -4.30868752E-03  0.319624424    
 J, XGRID,YGRID,RGRID           63   1.37608740E-02  -3.66526539E-03  0.319863439    
 J, XGRID,YGRID,RGRID           64   1.45512372E-02  -2.92302645E-03  0.320103705    
 J, XGRID,YGRID,RGRID           65   1.53413396E-02  -2.08599027E-03  0.320343405    
 J, XGRID,YGRID,RGRID           66   1.61285698E-02  -1.14113372E-03  0.320581198    
 J, XGRID,YGRID,RGRID           67   1.69111248E-02  -9.44827480E-05  0.320816189    
 J, XGRID,YGRID,RGRID           68   1.76879391E-02   1.05290336E-03  0.321047336    
 J, XGRID,YGRID,RGRID           69   1.84643269E-02   2.31086509E-03  0.321275622    
 J, XGRID,YGRID,RGRID           70   1.92438550E-02   3.68809840E-03  0.321501702    
 J, XGRID,YGRID,RGRID           71   2.00259276E-02   5.18589281E-03  0.321724772    
 J, XGRID,YGRID,RGRID           72   2.08096132E-02   6.79760380E-03  0.321943820    
 J, XGRID,YGRID,RGRID           73   2.15935297E-02   8.52957554E-03  0.322158068    
 J, XGRID,YGRID,RGRID           74   2.23759264E-02   1.03605697E-02  0.322366297    
 J, XGRID,YGRID,RGRID           75   2.31546648E-02   1.22845350E-02  0.322567642    
 J, XGRID,YGRID,RGRID           76   2.39228494E-02   1.42781418E-02  0.322759956    
 J, XGRID,YGRID,RGRID           77   2.46761627E-02   1.63243953E-02  0.322941780    
 J, XGRID,YGRID,RGRID           78   2.54125595E-02   1.84114110E-02  0.323112607    
 J, XGRID,YGRID,RGRID           79   2.61304025E-02   2.05270592E-02  0.323272288    
 J, XGRID,YGRID,RGRID           80   2.68283933E-02   2.26588491E-02  0.323420525    
 J, XGRID,YGRID,RGRID           81   2.75056493E-02   2.47905906E-02  0.323557436    
 J, XGRID,YGRID,RGRID           82   2.81616673E-02   2.69076973E-02  0.323683321    
 J, XGRID,YGRID,RGRID           83   2.87988167E-02   2.90041771E-02  0.323798776    
 J, XGRID,YGRID,RGRID           84   2.94177141E-02   3.10700666E-02  0.323904395    
 J, XGRID,YGRID,RGRID           85   3.00183017E-02   3.30957361E-02  0.324000359    
 J, XGRID,YGRID,RGRID           86   3.06005646E-02   3.50740701E-02  0.324087113    
 J, XGRID,YGRID,RGRID           87   3.11644655E-02   3.70009691E-02  0.324165076    
 J, XGRID,YGRID,RGRID           88   3.17099579E-02   3.88735794E-02  0.324234605    
 J, XGRID,YGRID,RGRID           89   3.22369970E-02   4.06933390E-02  0.324296117    
 J, XGRID,YGRID,RGRID           90   3.27455476E-02   4.24614511E-02  0.324350089    
 J, XGRID,YGRID,RGRID           91   3.32355723E-02   4.41805497E-02  0.324397027    
 J, XGRID,YGRID,RGRID           92   3.37070040E-02   4.58664782E-02  0.324437201    
 J, XGRID,YGRID,RGRID           93   3.41598168E-02   4.74959984E-02  0.324471265    
 J, XGRID,YGRID,RGRID           94   3.45939398E-02   4.90883030E-02  0.324499547    
 J, XGRID,YGRID,RGRID           95   3.50093506E-02   5.06672747E-02  0.324522644    
 J, XGRID,YGRID,RGRID           96   3.54059935E-02   5.23438603E-02  0.324541003    
 J, XGRID,YGRID,RGRID           97   3.58059555E-02   5.33100069E-02  0.324535549    
 J, XGRID,YGRID,RGRID           98   3.62287946E-02   5.43314815E-02  0.324528396    
 J, XGRID,YGRID,RGRID           99   3.66758071E-02   5.54112904E-02  0.324519098    
 J, XGRID,YGRID,RGRID          100   3.71483788E-02   5.65527715E-02  0.324507505    
 J, XGRID,YGRID,RGRID          101   3.76479551E-02   5.77594452E-02  0.324493229    
 J, XGRID,YGRID,RGRID          102   3.81760672E-02   5.90350367E-02  0.324476063    
 J, XGRID,YGRID,RGRID          103   3.87343243E-02   6.03834763E-02  0.324455500    
 J, XGRID,YGRID,RGRID          104   3.93244214E-02   6.18089251E-02  0.324431211    
 J, XGRID,YGRID,RGRID          105   3.99481803E-02   6.33157864E-02  0.324402779    
 J, XGRID,YGRID,RGRID          106   4.06074636E-02   6.49087131E-02  0.324369699    
 J, XGRID,YGRID,RGRID          107   4.13042754E-02   6.65926114E-02  0.324331492    
 J, XGRID,YGRID,RGRID          108   4.20403294E-02   6.83726817E-02  0.324287206    
 J, XGRID,YGRID,RGRID          109   4.28179689E-02   7.02544078E-02  0.324236333    
 J, XGRID,YGRID,RGRID          110   4.36398201E-02   7.22436085E-02  0.324178755    
 J, XGRID,YGRID,RGRID          111   4.45083641E-02   7.43464157E-02  0.324113846    

  THE BLADE CENTROID ON THE X-Y SURFACE IS AT X, Y=    0.01696  -0.00300


  THE J VALUE OF THE CENTROID IS J =           68

  THE CENTROID ON THE STREAM SURFACE IS AT   1.69592667E-02   0.00000000    
  THE HUB SECTION CENTROID IS AT   1.69592667E-02   0.00000000    

  AXIAL & RADIAL COORDINATES ON THE SS AFTER STACKING 
  J  , XGRID,RGRID            1  -1.83077622E-02  0.316170633    
  J  , XGRID,RGRID            2  -1.62090454E-02  0.316130459    
  J  , XGRID,RGRID            3  -1.43379401E-02  0.316098779    
  J  , XGRID,RGRID            4  -1.26699768E-02  0.316075534    
  J  , XGRID,RGRID            5  -1.11832386E-02  0.316060156    
  J  , XGRID,RGRID            6  -9.85811464E-03  0.316051513    
  J  , XGRID,RGRID            7  -8.67707096E-03  0.316048533    
  J  , XGRID,RGRID            8  -7.62445992E-03  0.316049963    
  J  , XGRID,RGRID            9  -6.68631587E-03  0.316054910    
  J  , XGRID,RGRID           10  -5.85018937E-03  0.316062421    
  J  , XGRID,RGRID           11  -5.10497112E-03  0.316071808    
  J  , XGRID,RGRID           12  -4.44076909E-03  0.316082269    
  J  , XGRID,RGRID           13  -3.84876085E-03  0.316093475    
  J  , XGRID,RGRID           14  -3.32109048E-03  0.316104978    
  J  , XGRID,RGRID           15  -2.85075186E-03  0.316116512    
  J  , XGRID,RGRID           16  -2.43150815E-03  0.316127777    
  J  , XGRID,RGRID           17  -2.05780519E-03  0.316138625    
  J  , XGRID,RGRID           18  -1.72468077E-03  0.316149026    
  J  , XGRID,RGRID           19  -1.42772845E-03  0.316158831    
  J  , XGRID,RGRID           20  -1.16301095E-03  0.316167980    
  J  , XGRID,RGRID           21  -9.27033310E-04  0.316176564    
  J  , XGRID,RGRID           22  -7.16664130E-04  0.316184431    
  J  , XGRID,RGRID           23  -5.29121025E-04  0.316191703    
  J  , XGRID,RGRID           24  -3.61930695E-04  0.316198379    
  J  , XGRID,RGRID           25  -2.12882253E-04  0.316204458    
  J  , XGRID,RGRID           26  -7.99999980E-05  0.316210002    
  J  , XGRID,RGRID           27   5.07510558E-05  0.316234618    
  J  , XGRID,RGRID           28   1.87427970E-04  0.316260725    
  J  , XGRID,RGRID           29   3.30574287E-04  0.316288292    
  J  , XGRID,RGRID           30   4.80739807E-04  0.316317558    
  J  , XGRID,RGRID           31   6.38466328E-04  0.316348761    
  J  , XGRID,RGRID           32   8.04295298E-04  0.316381902    
  J  , XGRID,RGRID           33   9.78766591E-04  0.316417277    
  J  , XGRID,RGRID           34   1.16242818E-03  0.316455007    
  J  , XGRID,RGRID           35   1.35580986E-03  0.316495240    
  J  , XGRID,RGRID           36   1.55946240E-03  0.316538215    
  J  , XGRID,RGRID           37   1.77391688E-03  0.316584080    
  J  , XGRID,RGRID           38   1.99971371E-03  0.316633075    
  J  , XGRID,RGRID           39   2.23738933E-03  0.316685438    
  J  , XGRID,RGRID           40   2.48747924E-03  0.316741407    
  J  , XGRID,RGRID           41   2.75038928E-03  0.316801101    
  J  , XGRID,RGRID           42   3.02618183E-03  0.316864759    
  J  , XGRID,RGRID           43   3.31547204E-03  0.316932499    
  J  , XGRID,RGRID           44   3.61897796E-03  0.317004770    
  J  , XGRID,RGRID           45   3.93747725E-03  0.317081749    
  J  , XGRID,RGRID           46   4.27183788E-03  0.317163825    
  J  , XGRID,RGRID           47   4.62299213E-03  0.317251503    
  J  , XGRID,RGRID           48   4.99178004E-03  0.317344964    
  J  , XGRID,RGRID           49   5.37887868E-03  0.317444623    
  J  , XGRID,RGRID           50   5.78556582E-03  0.317551076    
  J  , XGRID,RGRID           51   6.21327665E-03  0.317664623    
  J  , XGRID,RGRID           52   6.66360371E-03  0.317786008    
  J  , XGRID,RGRID           53   7.13828206E-03  0.317915916    
  J  , XGRID,RGRID           54   7.63921812E-03  0.318054974    
  J  , XGRID,RGRID           55   8.17246176E-03  0.318205118    
  J  , XGRID,RGRID           56   8.74566659E-03  0.318368673    
  J  , XGRID,RGRID           57   9.35942680E-03  0.318546116    
  J  , XGRID,RGRID           58   1.00132618E-02  0.318737507    
  J  , XGRID,RGRID           59   1.07055586E-02  0.318942249    
  J  , XGRID,RGRID           60   1.14336498E-02  0.319159657    
  J  , XGRID,RGRID           61   1.21937841E-02  0.319388449    
  J  , XGRID,RGRID           62   1.29736681E-02  0.319624424    
  J  , XGRID,RGRID           63   1.37608740E-02  0.319863439    
  J  , XGRID,RGRID           64   1.45512372E-02  0.320103705    
  J  , XGRID,RGRID           65   1.53413396E-02  0.320343405    
  J  , XGRID,RGRID           66   1.61285698E-02  0.320581198    
  J  , XGRID,RGRID           67   1.69111248E-02  0.320816189    
  J  , XGRID,RGRID           68   1.76879391E-02  0.321047336    
  J  , XGRID,RGRID           69   1.84643269E-02  0.321275622    
  J  , XGRID,RGRID           70   1.92438550E-02  0.321501702    
  J  , XGRID,RGRID           71   2.00259276E-02  0.321724772    
  J  , XGRID,RGRID           72   2.08096132E-02  0.321943820    
  J  , XGRID,RGRID           73   2.15935297E-02  0.322158068    
  J  , XGRID,RGRID           74   2.23759264E-02  0.322366297    
  J  , XGRID,RGRID           75   2.31546648E-02  0.322567642    
  J  , XGRID,RGRID           76   2.39228494E-02  0.322759956    
  J  , XGRID,RGRID           77   2.46761627E-02  0.322941780    
  J  , XGRID,RGRID           78   2.54125595E-02  0.323112607    
  J  , XGRID,RGRID           79   2.61304025E-02  0.323272288    
  J  , XGRID,RGRID           80   2.68283933E-02  0.323420525    
  J  , XGRID,RGRID           81   2.75056493E-02  0.323557436    
  J  , XGRID,RGRID           82   2.81616673E-02  0.323683321    
  J  , XGRID,RGRID           83   2.87988167E-02  0.323798776    
  J  , XGRID,RGRID           84   2.94177141E-02  0.323904395    
  J  , XGRID,RGRID           85   3.00183017E-02  0.324000359    
  J  , XGRID,RGRID           86   3.06005646E-02  0.324087113    
  J  , XGRID,RGRID           87   3.11644655E-02  0.324165076    
  J  , XGRID,RGRID           88   3.17099579E-02  0.324234605    
  J  , XGRID,RGRID           89   3.22369970E-02  0.324296117    
  J  , XGRID,RGRID           90   3.27455476E-02  0.324350089    
  J  , XGRID,RGRID           91   3.32355723E-02  0.324397027    
  J  , XGRID,RGRID           92   3.37070040E-02  0.324437201    
  J  , XGRID,RGRID           93   3.41598168E-02  0.324471265    
  J  , XGRID,RGRID           94   3.45939398E-02  0.324499547    
  J  , XGRID,RGRID           95   3.50093506E-02  0.324522644    
  J  , XGRID,RGRID           96   3.54059935E-02  0.324541003    
  J  , XGRID,RGRID           97   3.58059555E-02  0.324535549    
  J  , XGRID,RGRID           98   3.62287946E-02  0.324528396    
  J  , XGRID,RGRID           99   3.66758071E-02  0.324519098    
  J  , XGRID,RGRID          100   3.71483788E-02  0.324507505    
  J  , XGRID,RGRID          101   3.76479551E-02  0.324493229    
  J  , XGRID,RGRID          102   3.81760672E-02  0.324476063    
  J  , XGRID,RGRID          103   3.87343243E-02  0.324455500    
  J  , XGRID,RGRID          104   3.93244214E-02  0.324431211    
  J  , XGRID,RGRID          105   3.99481803E-02  0.324402779    
  J  , XGRID,RGRID          106   4.06074636E-02  0.324369699    
  J  , XGRID,RGRID          107   4.13042754E-02  0.324331492    
  J  , XGRID,RGRID          108   4.20403294E-02  0.324287206    
  J  , XGRID,RGRID          109   4.28179689E-02  0.324236333    
  J  , XGRID,RGRID          110   4.36398201E-02  0.324178755    
  J  , XGRID,RGRID          111   4.45083641E-02  0.324113846    
  REARRANGED AND SCALED INPUT BLADE SECTION 
  N     XSURF       YSURF 
    1       0.01264   0.04576
    2       0.00733   0.03425
    3       0.00347   0.02279
    4       0.00103   0.01137
    5       0.00000   0.00000
    6       0.00001  -0.00514
    7       0.00032  -0.01027
    8       0.00086  -0.01540
    9       0.00156  -0.02052
   10       0.00244  -0.02563
   11       0.00355  -0.03074
   12       0.00488  -0.03584
   13       0.00640  -0.04094
   14       0.00807  -0.04603
   15       0.00986  -0.05111
   16       0.01179  -0.05619
   17       0.01387  -0.06127
   18       0.01610  -0.06634
   19       0.04227  -0.11200
   20       0.06844  -0.13993
   21       0.09461  -0.15863
   22       0.12078  -0.17114
   23       0.14030  -0.17758
   24       0.15981  -0.18137
   25       0.17933  -0.18325
   26       0.19885  -0.18337
   27       0.21837  -0.18179
   28       0.23788  -0.17866
   29       0.25740  -0.17401
   30       0.27692  -0.16788
   31       0.29644  -0.16026
   32       0.31595  -0.15115
   33       0.33547  -0.14049
   34       0.35499  -0.12823
   35       0.37451  -0.11426
   36       0.39402  -0.09850
   37       0.41354  -0.08079
   38       0.43306  -0.06103
   39       0.45258  -0.03900
   40       0.47209  -0.01465
   41       0.49161   0.01228
   42       0.51113   0.04182
   43       0.53065   0.07410
   44       0.55017   0.10916
   45       0.56968   0.14697
   46       0.58920   0.18747
   47       0.60872   0.23049
   48       0.62824   0.27590
   49       0.64775   0.32359
   50       0.66727   0.37351
   51       0.68679   0.42572
   52       0.70631   0.48037
   53       0.72582   0.53754
   54       0.74534   0.59727
   55       0.76486   0.65939
   56       0.78438   0.72365
   57       0.80389   0.78971
   58       0.82341   0.85730
   59       0.84293   0.92627
   60       0.86245   0.99656
   61       0.88196   1.06813
   62       0.90148   1.14094
   63       0.92100   1.21499
   64       0.94052   1.29045
   65       0.96004   1.36750
   66       0.96664   1.39388
   67       0.97324   1.42043
   68       0.97985   1.44724
   69       0.98645   1.47445
   70       0.99306   1.50234
   71       0.99966   1.53122
   72       0.99995   1.53308
   73       1.00000   1.53495
   74       0.99980   1.53682
   75       0.99936   1.53864
   76       0.99868   1.54039
   77       0.99778   1.54204
   78       0.99667   1.54356
   79       0.99538   1.54491
   80       0.99391   1.54609
   81       0.99231   1.54706
   82       0.99060   1.54782
   83       0.98880   1.54834
   84       0.98694   1.54862
   85       0.98507   1.54866
   86       0.98321   1.54845
   87       0.98139   1.54800
   88       0.97964   1.54732
   89       0.97801   1.54641
   90       0.97650   1.54530
   91       0.97515   1.54399
   92       0.97399   1.54253
   93       0.97303   1.54092
   94       0.97086   1.53422
   95       0.96870   1.52951
   96       0.96653   1.52466
   97       0.96437   1.51957
   98       0.96220   1.51446
   99       0.96004   1.50929
  100       0.94052   1.46393
  101       0.92100   1.41975
  102       0.90148   1.37594
  103       0.88196   1.33281
  104       0.86245   1.29046
  105       0.84293   1.24892
  106       0.82341   1.20822
  107       0.80389   1.16841
  108       0.78438   1.12952
  109       0.76486   1.09157
  110       0.74534   1.05452
  111       0.72582   1.01831
  112       0.70631   0.98290
  113       0.68679   0.94824
  114       0.66727   0.91429
  115       0.64775   0.88103
  116       0.62824   0.84841
  117       0.60872   0.81639
  118       0.58920   0.78496
  119       0.56968   0.75408
  120       0.55017   0.72371
  121       0.53065   0.69384
  122       0.51113   0.66444
  123       0.49161   0.63550
  124       0.47209   0.60703
  125       0.45258   0.57901
  126       0.43306   0.55147
  127       0.41354   0.52438
  128       0.39402   0.49776
  129       0.37451   0.47157
  130       0.35499   0.44583
  131       0.33547   0.42045
  132       0.31595   0.39544
  133       0.29644   0.37072
  134       0.27692   0.34627
  135       0.25740   0.32205
  136       0.23788   0.29808
  137       0.21837   0.27437
  138       0.19885   0.25102
  139       0.17933   0.22807
  140       0.15981   0.20567
  141       0.14030   0.18386
  142       0.12078   0.16264
  143       0.09708   0.13765
  144       0.07339   0.11319
  145       0.04970   0.08897
  146       0.02600   0.06460
  147       0.02507   0.06360
  148       0.02416   0.06258
  149       0.02327   0.06154
  150       0.02240   0.06049
  151       0.02156   0.05943
  152       0.02073   0.05835
  153       0.01992   0.05725
  154       0.01913   0.05615
  155       0.01836   0.05503
  156       0.01761   0.05390
  157       0.01686   0.05276
  158       0.01613   0.05161
  159       0.01541   0.05046
  160       0.01470   0.04930
  161       0.01400   0.04812
  162       0.01331   0.04694
  COORDINATES GOING ROUND THE BLADE AFTER ANY ROTATION
     N        XSURF        YSURF 
         1     0.01264     0.04576
         2     0.00733     0.03425
         3     0.00347     0.02279
         4     0.00103     0.01137
         5     0.00000     0.00000
         6     0.00001    -0.00514
         7     0.00032    -0.01027
         8     0.00086    -0.01540
         9     0.00156    -0.02052
        10     0.00244    -0.02563
        11     0.00355    -0.03074
        12     0.00488    -0.03584
        13     0.00640    -0.04094
        14     0.00807    -0.04603
        15     0.00986    -0.05111
        16     0.01179    -0.05619
        17     0.01387    -0.06127
        18     0.01610    -0.06634
        19     0.04227    -0.11200
        20     0.06844    -0.13993
        21     0.09461    -0.15863
        22     0.12078    -0.17114
        23     0.14030    -0.17758
        24     0.15981    -0.18137
        25     0.17933    -0.18325
        26     0.19885    -0.18337
        27     0.21837    -0.18179
        28     0.23788    -0.17866
        29     0.25740    -0.17401
        30     0.27692    -0.16788
        31     0.29644    -0.16026
        32     0.31595    -0.15115
        33     0.33547    -0.14049
        34     0.35499    -0.12823
        35     0.37451    -0.11426
        36     0.39402    -0.09850
        37     0.41354    -0.08079
        38     0.43306    -0.06103
        39     0.45258    -0.03900
        40     0.47209    -0.01465
        41     0.49161     0.01228
        42     0.51113     0.04182
        43     0.53065     0.07410
        44     0.55017     0.10916
        45     0.56968     0.14697
        46     0.58920     0.18747
        47     0.60872     0.23049
        48     0.62824     0.27590
        49     0.64775     0.32359
        50     0.66727     0.37351
        51     0.68679     0.42572
        52     0.70631     0.48037
        53     0.72582     0.53754
        54     0.74534     0.59727
        55     0.76486     0.65939
        56     0.78438     0.72365
        57     0.80389     0.78971
        58     0.82341     0.85730
        59     0.84293     0.92627
        60     0.86245     0.99656
        61     0.88196     1.06813
        62     0.90148     1.14094
        63     0.92100     1.21499
        64     0.94052     1.29045
        65     0.96004     1.36750
        66     0.96664     1.39388
        67     0.97324     1.42043
        68     0.97985     1.44724
        69     0.98645     1.47445
        70     0.99306     1.50234
        71     0.99966     1.53122
        72     0.99995     1.53308
        73     1.00000     1.53495
        74     0.99980     1.53682
        75     0.99936     1.53864
        76     0.99868     1.54039
        77     0.99778     1.54204
        78     0.99667     1.54356
        79     0.99538     1.54491
        80     0.99391     1.54609
        81     0.99231     1.54706
        82     0.99060     1.54782
        83     0.98880     1.54834
        84     0.98694     1.54862
        85     0.98507     1.54866
        86     0.98321     1.54845
        87     0.98139     1.54800
        88     0.97964     1.54732
        89     0.97801     1.54641
        90     0.97650     1.54530
        91     0.97515     1.54399
        92     0.97399     1.54253
        93     0.97303     1.54092
        94     0.97086     1.53422
        95     0.96870     1.52951
        96     0.96653     1.52466
        97     0.96437     1.51957
        98     0.96220     1.51446
        99     0.96004     1.50929
       100     0.94052     1.46393
       101     0.92100     1.41975
       102     0.90148     1.37594
       103     0.88196     1.33281
       104     0.86245     1.29046
       105     0.84293     1.24892
       106     0.82341     1.20822
       107     0.80389     1.16841
       108     0.78438     1.12952
       109     0.76486     1.09157
       110     0.74534     1.05452
       111     0.72582     1.01831
       112     0.70631     0.98290
       113     0.68679     0.94824
       114     0.66727     0.91429
       115     0.64775     0.88103
       116     0.62824     0.84841
       117     0.60872     0.81639
       118     0.58920     0.78496
       119     0.56968     0.75408
       120     0.55017     0.72371
       121     0.53065     0.69384
       122     0.51113     0.66444
       123     0.49161     0.63550
       124     0.47209     0.60703
       125     0.45258     0.57901
       126     0.43306     0.55147
       127     0.41354     0.52438
       128     0.39402     0.49776
       129     0.37451     0.47157
       130     0.35499     0.44583
       131     0.33547     0.42045
       132     0.31595     0.39544
       133     0.29644     0.37072
       134     0.27692     0.34627
       135     0.25740     0.32205
       136     0.23788     0.29808
       137     0.21837     0.27437
       138     0.19885     0.25102
       139     0.17933     0.22807
       140     0.15981     0.20567
       141     0.14030     0.18386
       142     0.12078     0.16264
       143     0.09708     0.13765
       144     0.07339     0.11319
       145     0.04970     0.08897
       146     0.02600     0.06460
       147     0.02507     0.06360
       148     0.02416     0.06258
       149     0.02327     0.06154
       150     0.02240     0.06049
       151     0.02156     0.05943
       152     0.02073     0.05835
       153     0.01992     0.05725
       154     0.01913     0.05615
       155     0.01836     0.05503
       156     0.01761     0.05390
       157     0.01686     0.05276
       158     0.01613     0.05161
       159     0.01541     0.05046
       160     0.01470     0.04930
       161     0.01400     0.04812
       162     0.01331     0.04694
  LEADING EDGE POINT =            5  TE POINT =          73

  NO OF SUCT S POINTS          69  NO PRESS S POINTS          95
  XMIN,XMAX, XCHORD     0.00000000       1.00000000       1.00000000    

   SUCTION SURFACE POINTS FROM LE TO TE.
         1     0.00000     0.00000
         2     0.00001    -0.00514
         3     0.00032    -0.01027
         4     0.00086    -0.01540
         5     0.00156    -0.02052
         6     0.00244    -0.02563
         7     0.00355    -0.03074
         8     0.00488    -0.03584
         9     0.00640    -0.04094
        10     0.00807    -0.04603
        11     0.00986    -0.05111
        12     0.01179    -0.05619
        13     0.01387    -0.06127
        14     0.01610    -0.06634
        15     0.04227    -0.11200
        16     0.06844    -0.13993
        17     0.09461    -0.15863
        18     0.12078    -0.17114
        19     0.14030    -0.17758
        20     0.15981    -0.18137
        21     0.17933    -0.18325
        22     0.19885    -0.18337
        23     0.21837    -0.18179
        24     0.23788    -0.17866
        25     0.25740    -0.17401
        26     0.27692    -0.16788
        27     0.29644    -0.16026
        28     0.31595    -0.15115
        29     0.33547    -0.14049
        30     0.35499    -0.12823
        31     0.37451    -0.11426
        32     0.39402    -0.09850
        33     0.41354    -0.08079
        34     0.43306    -0.06103
        35     0.45258    -0.03900
        36     0.47209    -0.01465
        37     0.49161     0.01228
        38     0.51113     0.04182
        39     0.53065     0.07410
        40     0.55017     0.10916
        41     0.56968     0.14697
        42     0.58920     0.18747
        43     0.60872     0.23049
        44     0.62824     0.27590
        45     0.64775     0.32359
        46     0.66727     0.37351
        47     0.68679     0.42572
        48     0.70631     0.48037
        49     0.72582     0.53754
        50     0.74534     0.59727
        51     0.76486     0.65939
        52     0.78438     0.72365
        53     0.80389     0.78971
        54     0.82341     0.85730
        55     0.84293     0.92627
        56     0.86245     0.99656
        57     0.88196     1.06813
        58     0.90148     1.14094
        59     0.92100     1.21499
        60     0.94052     1.29045
        61     0.96004     1.36750
        62     0.96664     1.39388
        63     0.97324     1.42043
        64     0.97985     1.44724
        65     0.98645     1.47445
        66     0.99306     1.50234
        67     0.99966     1.53122
        68     0.99995     1.53308
        69     1.00000     1.53495

   PRESSURE SURFACE POINTS FROM LE TO TE.
         1     0.00000     0.00000
         2     0.00103     0.01137
         3     0.00347     0.02279
         4     0.00733     0.03425
         5     0.01264     0.04576
         6     0.01331     0.04694
         7     0.01400     0.04812
         8     0.01470     0.04930
         9     0.01541     0.05046
        10     0.01613     0.05161
        11     0.01686     0.05276
        12     0.01761     0.05390
        13     0.01836     0.05503
        14     0.01913     0.05615
        15     0.01992     0.05725
        16     0.02073     0.05835
        17     0.02156     0.05943
        18     0.02240     0.06049
        19     0.02327     0.06154
        20     0.02416     0.06258
        21     0.02507     0.06360
        22     0.02600     0.06460
        23     0.04970     0.08897
        24     0.07339     0.11319
        25     0.09708     0.13765
        26     0.12078     0.16264
        27     0.14030     0.18386
        28     0.15981     0.20567
        29     0.17933     0.22807
        30     0.19885     0.25102
        31     0.21837     0.27437
        32     0.23788     0.29808
        33     0.25740     0.32205
        34     0.27692     0.34627
        35     0.29644     0.37072
        36     0.31595     0.39544
        37     0.33547     0.42045
        38     0.35499     0.44583
        39     0.37451     0.47157
        40     0.39402     0.49776
        41     0.41354     0.52438
        42     0.43306     0.55147
        43     0.45258     0.57901
        44     0.47209     0.60703
        45     0.49161     0.63550
        46     0.51113     0.66444
        47     0.53065     0.69384
        48     0.55017     0.72371
        49     0.56968     0.75408
        50     0.58920     0.78496
        51     0.60872     0.81639
        52     0.62824     0.84841
        53     0.64775     0.88103
        54     0.66727     0.91429
        55     0.68679     0.94824
        56     0.70631     0.98290
        57     0.72582     1.01831
        58     0.74534     1.05452
        59     0.76486     1.09157
        60     0.78438     1.12952
        61     0.80389     1.16841
        62     0.82341     1.20822
        63     0.84293     1.24892
        64     0.86245     1.29046
        65     0.88196     1.33281
        66     0.90148     1.37594
        67     0.92100     1.41975
        68     0.94052     1.46393
        69     0.96004     1.50929
        70     0.96220     1.51446
        71     0.96437     1.51957
        72     0.96653     1.52466
        73     0.96870     1.52951
        74     0.97086     1.53422
        75     0.97303     1.54092
        76     0.97399     1.54253
        77     0.97515     1.54399
        78     0.97650     1.54530
        79     0.97801     1.54641
        80     0.97964     1.54732
        81     0.98139     1.54800
        82     0.98321     1.54845
        83     0.98507     1.54866
        84     0.98694     1.54862
        85     0.98880     1.54834
        86     0.99060     1.54782
        87     0.99231     1.54706
        88     0.99391     1.54609
        89     0.99538     1.54491
        90     0.99667     1.54356
        91     0.99778     1.54204
        92     0.99868     1.54039
        93     0.99936     1.53864
        94     0.99980     1.53682
        95     1.00000     1.53495
  POINTS ON THE BLADE TO BE USED FOR PLOTTING 
  AND FINAL INTERPOLATION 
  N           X          YUP        YLOW        THICK 
    1      0.0000      0.0000      0.0000      0.0000
    2      0.0001     -0.0060      0.0007      0.0067
    3      0.0002     -0.0091      0.0028      0.0119
    4      0.0006     -0.0126      0.0062      0.0188
    5      0.0010     -0.0164      0.0110      0.0274
    6      0.0016     -0.0205      0.0139      0.0343
    7      0.0022     -0.0245      0.0171      0.0415
    8      0.0030     -0.0284      0.0208      0.0493
    9      0.0040     -0.0324      0.0243      0.0567
   10      0.0050     -0.0364      0.0274      0.0638
   11      0.0062     -0.0403      0.0310      0.0713
   12      0.0075     -0.0444      0.0347      0.0790
   13      0.0089     -0.0485      0.0378      0.0863
   14      0.0105     -0.0528      0.0411      0.0939
   15      0.0122     -0.0571      0.0447      0.1018
   16      0.0140     -0.0615      0.0480      0.1095
   17      0.0159     -0.0658      0.0512      0.1170
   18      0.0179     -0.0695      0.0543      0.1238
   19      0.0201     -0.0732      0.0574      0.1307
   20      0.0223     -0.0772      0.0604      0.1376
   21      0.0247     -0.0814      0.0632      0.1446
   22      0.0272     -0.0858      0.0659      0.1516
   23      0.0299     -0.0903      0.0686      0.1589
   24      0.0326     -0.0951      0.0714      0.1665
   25      0.0355     -0.1001      0.0743      0.1745
   26      0.0384     -0.1053      0.0774      0.1827
   27      0.0415     -0.1107      0.0806      0.1913
   28      0.0447     -0.1146      0.0839      0.1985
   29      0.0481     -0.1182      0.0873      0.2055
   30      0.0515     -0.1218      0.0908      0.2127
   31      0.0550     -0.1256      0.0944      0.2201
   32      0.0587     -0.1295      0.0982      0.2277
   33      0.0625     -0.1335      0.1020      0.2356
   34      0.0663     -0.1377      0.1060      0.2437
   35      0.0703     -0.1413      0.1100      0.2513
   36      0.0744     -0.1442      0.1142      0.2584
   37      0.0786     -0.1472      0.1186      0.2658
   38      0.0829     -0.1503      0.1230      0.2733
   39      0.0873     -0.1534      0.1276      0.2810
   40      0.0918     -0.1566      0.1322      0.2888
   41      0.0964     -0.1595      0.1370      0.2965
   42      0.1011     -0.1618      0.1419      0.3037
   43      0.1059     -0.1640      0.1470      0.3110
   44      0.1108     -0.1664      0.1522      0.3186
   45      0.1159     -0.1688      0.1574      0.3262
   46      0.1210     -0.1712      0.1628      0.3340
   47      0.1261     -0.1729      0.1685      0.3414
   48      0.1314     -0.1747      0.1742      0.3489
   49      0.1368     -0.1764      0.1801      0.3565
   50      0.1423     -0.1780      0.1861      0.3641
   51      0.1478     -0.1790      0.1923      0.3713
   52      0.1535     -0.1801      0.1986      0.3788
   53      0.1592     -0.1813      0.2050      0.3863
   54      0.1650     -0.1819      0.2117      0.3936
   55      0.1709     -0.1824      0.2184      0.4009
   56      0.1769     -0.1830      0.2253      0.4083
   57      0.1830     -0.1833      0.2324      0.4156
   58      0.1891     -0.1833      0.2396      0.4229
   59      0.1954     -0.1833      0.2469      0.4303
   60      0.2017     -0.1831      0.2544      0.4375
   61      0.2080     -0.1826      0.2620      0.4446
   62      0.2145     -0.1821      0.2697      0.4518
   63      0.2210     -0.1814      0.2776      0.4589
   64      0.2276     -0.1803      0.2856      0.4659
   65      0.2342     -0.1792      0.2936      0.4729
   66      0.2409     -0.1779      0.3018      0.4798
   67      0.2477     -0.1763      0.3102      0.4865
   68      0.2546     -0.1747      0.3186      0.4933
   69      0.2615     -0.1727      0.3271      0.4998
   70      0.2684     -0.1705      0.3358      0.5063
   71      0.2755     -0.1683      0.3445      0.5128
   72      0.2826     -0.1657      0.3533      0.5190
   73      0.2897     -0.1629      0.3623      0.5252
   74      0.2969     -0.1601      0.3713      0.5313
   75      0.3041     -0.1567      0.3804      0.5371
   76      0.3114     -0.1533      0.3897      0.5429
   77      0.3187     -0.1496      0.3990      0.5486
   78      0.3261     -0.1456      0.4085      0.5541
   79      0.3335     -0.1415      0.4180      0.5595
   80      0.3410     -0.1370      0.4276      0.5647
   81      0.3485     -0.1323      0.4374      0.5697
   82      0.3560     -0.1275      0.4472      0.5747
   83      0.3636     -0.1221      0.4572      0.5793
   84      0.3712     -0.1166      0.4672      0.5839
   85      0.3789     -0.1107      0.4774      0.5882
   86      0.3865     -0.1045      0.4877      0.5923
   87      0.3942     -0.0983      0.4981      0.5964
   88      0.4020     -0.0913      0.5086      0.5999
   89      0.4097     -0.0843      0.5192      0.6034
   90      0.4175     -0.0768      0.5299      0.6067
   91      0.4253     -0.0689      0.5407      0.6096
   92      0.4331     -0.0610      0.5515      0.6125
   93      0.4409     -0.0521      0.5626      0.6147
   94      0.4488     -0.0433      0.5737      0.6169
   95      0.4566     -0.0339      0.5848      0.6188
   96      0.4645     -0.0241      0.5961      0.6203
   97      0.4724     -0.0142      0.6075      0.6217
   98      0.4803     -0.0034      0.6190      0.6223
   99      0.4882      0.0075      0.6305      0.6229
  100      0.4961      0.0190      0.6421      0.6231
  101      0.5039      0.0309      0.6538      0.6228
  102      0.5118      0.0430      0.6655      0.6225
  103      0.5197      0.0560      0.6774      0.6214
  104      0.5276      0.0691      0.6893      0.6202
  105      0.5355      0.0828      0.7012      0.6184
  106      0.5434      0.0969      0.7133      0.6164
  107      0.5512      0.1112      0.7253      0.6141
  108      0.5591      0.1264      0.7376      0.6112
  109      0.5669      0.1416      0.7497      0.6082
  110      0.5747      0.1574      0.7620      0.6046
  111      0.5825      0.1736      0.7744      0.6008
  112      0.5903      0.1898      0.7867      0.5969
  113      0.5980      0.2069      0.7992      0.5923
  114      0.6058      0.2240      0.8116      0.5877
  115      0.6135      0.2415      0.8242      0.5827
  116      0.6211      0.2594      0.8368      0.5774
  117      0.6288      0.2772      0.8493      0.5721
  118      0.6364      0.2958      0.8620      0.5662
  119      0.6440      0.3143      0.8747      0.5604
  120      0.6515      0.3332      0.8874      0.5542
  121      0.6590      0.3524      0.9002      0.5478
  122      0.6665      0.3715      0.9129      0.5415
  123      0.6739      0.3912      0.9258      0.5346
  124      0.6813      0.4110      0.9386      0.5277
  125      0.6886      0.4308      0.9515      0.5207
  126      0.6959      0.4512      0.9644      0.5132
  127      0.7031      0.4715      0.9773      0.5058
  128      0.7103      0.4921      0.9902      0.4981
  129      0.7174      0.5130      1.0031      0.4901
  130      0.7245      0.5338      1.0160      0.4822
  131      0.7316      0.5551      1.0289      0.4739
  132      0.7385      0.5764      1.0419      0.4655
  133      0.7454      0.5975      1.0547      0.4571
  134      0.7523      0.6193      1.0677      0.4483
  135      0.7591      0.6409      1.0806      0.4396
  136      0.7658      0.6624      1.0934      0.4309
  137      0.7724      0.6843      1.1063      0.4220
  138      0.7790      0.7060      1.1191      0.4131
  139      0.7855      0.7276      1.1318      0.4043
  140      0.7920      0.7494      1.1447      0.3953
  141      0.7983      0.7709      1.1574      0.3864
  142      0.8046      0.7923      1.1699      0.3776
  143      0.8109      0.8138      1.1826      0.3688
  144      0.8170      0.8351      1.1952      0.3600
  145      0.8231      0.8561      1.2075      0.3514
  146      0.8291      0.8772      1.2200      0.3428
  147      0.8350      0.8981      1.2323      0.3342
  148      0.8408      0.9187      1.2444      0.3258
  149      0.8465      0.9392      1.2565      0.3174
  150      0.8522      0.9595      1.2686      0.3091
  151      0.8577      0.9795      1.2804      0.3009
  152      0.8632      0.9993      1.2921      0.2928
  153      0.8686      1.0190      1.3037      0.2847
  154      0.8739      1.0384      1.3152      0.2768
  155      0.8790      1.0574      1.3265      0.2691
  156      0.8841      1.0763      1.3376      0.2614
  157      0.8892      1.0949      1.3487      0.2538
  158      0.8941      1.1132      1.3595      0.2463
  159      0.8989      1.1312      1.3702      0.2390
  160      0.9036      1.1489      1.3806      0.2318
  161      0.9082      1.1664      1.3910      0.2246
  162      0.9127      1.1835      1.4011      0.2176
  163      0.9171      1.2002      1.4110      0.2108
  164      0.9214      1.2165      1.4207      0.2041
  165      0.9256      1.2328      1.4302      0.1974
  166      0.9297      1.2486      1.4394      0.1908
  167      0.9337      1.2640      1.4484      0.1845
  168      0.9375      1.2789      1.4572      0.1782
  169      0.9413      1.2936      1.4658      0.1722
  170      0.9450      1.3080      1.4743      0.1663
  171      0.9485      1.3220      1.4825      0.1605
  172      0.9519      1.3355      1.4905      0.1549
  173      0.9553      1.3487      1.4982      0.1495
  174      0.9585      1.3613      1.5057      0.1443
  175      0.9616      1.3736      1.5129      0.1393
  176      0.9645      1.3855      1.5200      0.1345
  177      0.9674      1.3969      1.5266      0.1297
  178      0.9701      1.4080      1.5327      0.1247
  179      0.9728      1.4185      1.5401      0.1216
  180      0.9753      1.4287      1.5441      0.1154
  181      0.9777      1.4384      1.5462      0.1078
  182      0.9799      1.4476      1.5474      0.0998
  183      0.9821      1.4565      1.5482      0.0917
  184      0.9841      1.4649      1.5486      0.0837
  185      0.9860      1.4728      1.5486      0.0759
  186      0.9878      1.4803      1.5485      0.0682
  187      0.9895      1.4873      1.5481      0.0608
  188      0.9911      1.4939      1.5476      0.0537
  189      0.9925      1.4999      1.5470      0.0471
  190      0.9938      1.5055      1.5462      0.0407
  191      0.9950      1.5107      1.5452      0.0346
  192      0.9960      1.5153      1.5442      0.0290
  193      0.9970      1.5194      1.5432      0.0238
  194      0.9978      1.5229      1.5421      0.0192
  195      0.9984      1.5259      1.5408      0.0149
  196      0.9990      1.5283      1.5396      0.0112
  197      0.9994      1.5302      1.5383      0.0081
  198      0.9998      1.5318      1.5370      0.0052
  199      0.9999      1.5330      1.5355      0.0026
  200      1.0000      1.5350      1.5350      0.0000
 GRID EXPANSION RATIO UP=    1.12157 DOWN =    1.05711
  AXIAL,TANGENTIAL AND RADIAL COORDINATES ON THE STREAM
  SURFACE BEFORE TRANSFORMING TO R-THETA COORDINATES 
 J, XGRID,YGRID,RGRID            1  -1.73048507E-02  -1.87883917E-02  0.344219387    
 J, XGRID,YGRID,RGRID            2  -1.52786877E-02  -1.67619847E-02  0.344248295    
 J, XGRID,YGRID,RGRID            3  -1.34721836E-02  -1.49552338E-02  0.344276607    
 J, XGRID,YGRID,RGRID            4  -1.18615143E-02  -1.33443279E-02  0.344303608    
 J, XGRID,YGRID,RGRID            5  -1.04254521E-02  -1.19080385E-02  0.344328851    
 J, XGRID,YGRID,RGRID            6  -9.14506055E-03  -1.06274374E-02  0.344352156    
 J, XGRID,YGRID,RGRID            7  -8.00346397E-03  -9.48565081E-03  0.344373435    
 J, XGRID,YGRID,RGRID            8  -6.98561687E-03  -8.46762862E-03  0.344392687    
 J, XGRID,YGRID,RGRID            9  -6.07810542E-03  -7.55995698E-03  0.344410151    
 J, XGRID,YGRID,RGRID           10  -5.26896399E-03  -6.75067352E-03  0.344425827    
 J, XGRID,YGRID,RGRID           11  -4.54753125E-03  -6.02911366E-03  0.344439864    
 J, XGRID,YGRID,RGRID           12  -3.90430097E-03  -5.38576860E-03  0.344452411    
 J, XGRID,YGRID,RGRID           13  -3.33079393E-03  -4.81216004E-03  0.344463676    
 J, XGRID,YGRID,RGRID           14  -2.81945616E-03  -4.30072844E-03  0.344473749    
 J, XGRID,YGRID,RGRID           15  -2.36354140E-03  -3.84473428E-03  0.344482660    
 J, XGRID,YGRID,RGRID           16  -1.95705076E-03  -3.43816844E-03  0.344490618    
 J, XGRID,YGRID,RGRID           17  -1.59461866E-03  -3.07567278E-03  0.344497651    
 J, XGRID,YGRID,RGRID           18  -1.27147359E-03  -2.75247055E-03  0.344503999    
 J, XGRID,YGRID,RGRID           19  -9.83355101E-04  -2.46430212E-03  0.344509661    
 J, XGRID,YGRID,RGRID           20  -7.26471131E-04  -2.20737047E-03  0.344514638    
 J, XGRID,YGRID,RGRID           21  -4.97428875E-04  -1.97828910E-03  0.344519079    
 J, XGRID,YGRID,RGRID           22  -2.93214689E-04  -1.77403947E-03  0.344523042    
 J, XGRID,YGRID,RGRID           23  -1.11139772E-04  -1.59192982E-03  0.344526559    
 J, XGRID,YGRID,RGRID           24   5.12020742E-05  -1.42956025E-03  0.344529688    
 J, XGRID,YGRID,RGRID           25   1.95945133E-04  -1.28479092E-03  0.344532520    
 J, XGRID,YGRID,RGRID           26   3.25000001E-04  -1.15571404E-03  0.344534993    
 J, XGRID,YGRID,RGRID           27   4.54067485E-04  -1.09606527E-03  0.344536334    
 J, XGRID,YGRID,RGRID           28   5.89016941E-04  -1.56057614E-03  0.344537705    
 J, XGRID,YGRID,RGRID           29   7.30391941E-04  -1.95390149E-03  0.344539106    
 J, XGRID,YGRID,RGRID           30   8.78733350E-04  -2.30885902E-03  0.344540656    
 J, XGRID,YGRID,RGRID           31   1.03458401E-03  -2.58726487E-03  0.344542116    
 J, XGRID,YGRID,RGRID           32   1.19848864E-03  -2.87324516E-03  0.344543755    
 J, XGRID,YGRID,RGRID           33   1.37098343E-03  -3.17421951E-03  0.344545424    
 J, XGRID,YGRID,RGRID           34   1.55261555E-03  -3.49113368E-03  0.344547153    
 J, XGRID,YGRID,RGRID           35   1.74392620E-03  -3.82843520E-03  0.344548941    
 J, XGRID,YGRID,RGRID           36   1.94545789E-03  -4.08969633E-03  0.344550848    
 J, XGRID,YGRID,RGRID           37   2.15775194E-03  -4.31506475E-03  0.344552755    
 J, XGRID,YGRID,RGRID           38   2.38135178E-03  -4.55369381E-03  0.344554782    
 J, XGRID,YGRID,RGRID           39   2.61680270E-03  -4.80633788E-03  0.344556868    
 J, XGRID,YGRID,RGRID           40   2.86463741E-03  -5.02670696E-03  0.344559044    
 J, XGRID,YGRID,RGRID           41   3.12528107E-03  -5.21121360E-03  0.344561249    
 J, XGRID,YGRID,RGRID           42   3.39879468E-03  -5.40669588E-03  0.344563514    
 J, XGRID,YGRID,RGRID           43   3.68582224E-03  -5.60216885E-03  0.344565898    
 J, XGRID,YGRID,RGRID           44   3.98707064E-03  -5.74998651E-03  0.344568282    
 J, XGRID,YGRID,RGRID           45   4.30334080E-03  -5.90120768E-03  0.344570756    
 J, XGRID,YGRID,RGRID           46   4.63549979E-03  -6.05374342E-03  0.344573349    
 J, XGRID,YGRID,RGRID           47   4.98450082E-03  -6.16757385E-03  0.344575942    
 J, XGRID,YGRID,RGRID           48   5.35118859E-03  -6.27786526E-03  0.344578624    
 J, XGRID,YGRID,RGRID           49   5.73625881E-03  -6.35255408E-03  0.344581246    
 J, XGRID,YGRID,RGRID           50   6.14100136E-03  -6.41354872E-03  0.344584107    
 J, XGRID,YGRID,RGRID           51   6.56686537E-03  -6.45431643E-03  0.344586879    
 J, XGRID,YGRID,RGRID           52   7.01544993E-03  -6.46462245E-03  0.344589710    
 J, XGRID,YGRID,RGRID           53   7.48851523E-03  -6.45482447E-03  0.344592571    
 J, XGRID,YGRID,RGRID           54   7.98797794E-03  -6.41192216E-03  0.344595522    
 J, XGRID,YGRID,RGRID           55   8.51989537E-03  -6.33204356E-03  0.344598502    
 J, XGRID,YGRID,RGRID           56   9.09194164E-03  -6.21051900E-03  0.344601631    
 J, XGRID,YGRID,RGRID           57   9.70473140E-03  -6.04168652E-03  0.344604701    
 J, XGRID,YGRID,RGRID           58   1.03578009E-02  -5.81604475E-03  0.344607890    
 J, XGRID,YGRID,RGRID           59   1.10495780E-02  -5.52508840E-03  0.344610989    
 J, XGRID,YGRID,RGRID           60   1.17773917E-02  -5.16106142E-03  0.344614059    
 J, XGRID,YGRID,RGRID           61   1.25374757E-02  -4.71456442E-03  0.344617069    
 J, XGRID,YGRID,RGRID           62   1.33175049E-02  -4.18350007E-03  0.344619930    
 J, XGRID,YGRID,RGRID           63   1.41050089E-02  -3.56773147E-03  0.344622552    
 J, XGRID,YGRID,RGRID           64   1.48957521E-02  -2.85549671E-03  0.344625115    
 J, XGRID,YGRID,RGRID           65   1.56862643E-02  -2.05276930E-03  0.344627470    
 J, XGRID,YGRID,RGRID           66   1.64738856E-02  -1.14009518E-03  0.344629526    
 J, XGRID,YGRID,RGRID           67   1.72567256E-02  -1.25248393E-04  0.344631553    
 J, XGRID,YGRID,RGRID           68   1.80336758E-02   9.95806651E-04  0.344633311    
 J, XGRID,YGRID,RGRID           69   1.88100003E-02   2.23455019E-03  0.344635040    
 J, XGRID,YGRID,RGRID           70   1.95891857E-02   3.60313174E-03  0.344636559    
 J, XGRID,YGRID,RGRID           71   2.03706212E-02   5.10113686E-03  0.344638109    
 J, XGRID,YGRID,RGRID           72   2.11532563E-02   6.72185747E-03  0.344639480    
 J, XGRID,YGRID,RGRID           73   2.19356902E-02   8.46495572E-03  0.344640702    
 J, XGRID,YGRID,RGRID           74   2.27161348E-02   1.03071863E-02  0.344642043    
 J, XGRID,YGRID,RGRID           75   2.34923512E-02   1.22410450E-02  0.344643205    
 J, XGRID,YGRID,RGRID           76   2.42574550E-02   1.42449345E-02  0.344644427    
 J, XGRID,YGRID,RGRID           77   2.50071362E-02   1.63075626E-02  0.344645500    
 J, XGRID,YGRID,RGRID           78   2.57393382E-02   1.84228532E-02  0.344646543    
 J, XGRID,YGRID,RGRID           79   2.64524296E-02   2.05813013E-02  0.344647646    
 J, XGRID,YGRID,RGRID           80   2.71451436E-02   2.27681715E-02  0.344648689    
 J, XGRID,YGRID,RGRID           81   2.78166141E-02   2.49623321E-02  0.344649762    
 J, XGRID,YGRID,RGRID           82   2.84663737E-02   2.71457881E-02  0.344650745    
 J, XGRID,YGRID,RGRID           83   2.90967990E-02   2.93126311E-02  0.344651699    
 J, XGRID,YGRID,RGRID           84   2.97085252E-02   3.14554609E-02  0.344652772    
 J, XGRID,YGRID,RGRID           85   3.03015336E-02   3.35677452E-02  0.344653815    
 J, XGRID,YGRID,RGRID           86   3.08758467E-02   3.56446132E-02  0.344654918    
 J, XGRID,YGRID,RGRID           87   3.14314440E-02   3.76847535E-02  0.344655991    
 J, XGRID,YGRID,RGRID           88   3.19683366E-02   3.96852940E-02  0.344657063    
 J, XGRID,YGRID,RGRID           89   3.24865170E-02   4.16421741E-02  0.344658196    
 J, XGRID,YGRID,RGRID           90   3.29859927E-02   4.35502939E-02  0.344659269    
 J, XGRID,YGRID,RGRID           91   3.34667675E-02   4.54096980E-02  0.344660372    
 J, XGRID,YGRID,RGRID           92   3.39288265E-02   4.72309999E-02  0.344661534    
 J, XGRID,YGRID,RGRID           93   3.43721882E-02   4.89903092E-02  0.344662666    
 J, XGRID,YGRID,RGRID           94   3.47968228E-02   5.07021584E-02  0.344663769    
 J, XGRID,YGRID,RGRID           95   3.52027640E-02   5.23787662E-02  0.344664901    
 J, XGRID,YGRID,RGRID           96   3.55899930E-02   5.41302264E-02  0.344666004    
 J, XGRID,YGRID,RGRID           97   3.59775610E-02   5.51939718E-02  0.344677359    
 J, XGRID,YGRID,RGRID           98   3.63872238E-02   5.63186407E-02  0.344687998    
 J, XGRID,YGRID,RGRID           99   3.68202329E-02   5.75075410E-02  0.344697714    
 J, XGRID,YGRID,RGRID          100   3.72778922E-02   5.87643459E-02  0.344706059    
 J, XGRID,YGRID,RGRID          101   3.77616175E-02   6.00929260E-02  0.344712794    
 J, XGRID,YGRID,RGRID          102   3.82728912E-02   6.14973865E-02  0.344717473    
 J, XGRID,YGRID,RGRID          103   3.88132632E-02   6.29820526E-02  0.344719529    
 J, XGRID,YGRID,RGRID          104   3.93843725E-02   6.45515174E-02  0.344718307    
 J, XGRID,YGRID,RGRID          105   3.99879627E-02   6.62106127E-02  0.344713062    
 J, XGRID,YGRID,RGRID          106   4.06258628E-02   6.79644644E-02  0.344702959    
 J, XGRID,YGRID,RGRID          107   4.13000062E-02   6.98184818E-02  0.344686478    
 J, XGRID,YGRID,RGRID          108   4.20121439E-02   7.17783794E-02  0.344654977    
 J, XGRID,YGRID,RGRID          109   4.27647047E-02   7.38502145E-02  0.344614834    
 J, XGRID,YGRID,RGRID          110   4.35600094E-02   7.60403797E-02  0.344565421    
 J, XGRID,YGRID,RGRID          111   4.44004796E-02   7.83556253E-02  0.344505906    

  THE BLADE CENTROID ON THE X-Y SURFACE IS AT X, Y=    0.01751  -0.00271


  THE J VALUE OF THE CENTROID IS J =           68

  THE CENTROID ON THE STREAM SURFACE IS AT   1.75078511E-02   0.00000000    
  THE HUB SECTION CENTROID IS AT   1.69592667E-02   0.00000000    

  AXIAL & RADIAL COORDINATES ON THE SS AFTER STACKING 
  J  , XGRID,RGRID            1  -1.78534351E-02  0.344219387    
  J  , XGRID,RGRID            2  -1.58272721E-02  0.344248295    
  J  , XGRID,RGRID            3  -1.40207680E-02  0.344276607    
  J  , XGRID,RGRID            4  -1.24100987E-02  0.344303608    
  J  , XGRID,RGRID            5  -1.09740365E-02  0.344328851    
  J  , XGRID,RGRID            6  -9.69364494E-03  0.344352156    
  J  , XGRID,RGRID            7  -8.55204836E-03  0.344373435    
  J  , XGRID,RGRID            8  -7.53420126E-03  0.344392687    
  J  , XGRID,RGRID            9  -6.62668981E-03  0.344410151    
  J  , XGRID,RGRID           10  -5.81754837E-03  0.344425827    
  J  , XGRID,RGRID           11  -5.09611564E-03  0.344439864    
  J  , XGRID,RGRID           12  -4.45288513E-03  0.344452411    
  J  , XGRID,RGRID           13  -3.87937832E-03  0.344463676    
  J  , XGRID,RGRID           14  -3.36804055E-03  0.344473749    
  J  , XGRID,RGRID           15  -2.91212578E-03  0.344482660    
  J  , XGRID,RGRID           16  -2.50563514E-03  0.344490618    
  J  , XGRID,RGRID           17  -2.14320305E-03  0.344497651    
  J  , XGRID,RGRID           18  -1.82005798E-03  0.344503999    
  J  , XGRID,RGRID           19  -1.53193949E-03  0.344509661    
  J  , XGRID,RGRID           20  -1.27505558E-03  0.344514638    
  J  , XGRID,RGRID           21  -1.04601332E-03  0.344519079    
  J  , XGRID,RGRID           22  -8.41799076E-04  0.344523042    
  J  , XGRID,RGRID           23  -6.59724174E-04  0.344526559    
  J  , XGRID,RGRID           24  -4.97382309E-04  0.344529688    
  J  , XGRID,RGRID           25  -3.52639239E-04  0.344532520    
  J  , XGRID,RGRID           26  -2.23584386E-04  0.344534993    
  J  , XGRID,RGRID           27  -9.45169013E-05  0.344536334    
  J  , XGRID,RGRID           28   4.04325547E-05  0.344537705    
  J  , XGRID,RGRID           29   1.81807554E-04  0.344539106    
  J  , XGRID,RGRID           30   3.30148963E-04  0.344540656    
  J  , XGRID,RGRID           31   4.85999626E-04  0.344542116    
  J  , XGRID,RGRID           32   6.49904250E-04  0.344543755    
  J  , XGRID,RGRID           33   8.22399044E-04  0.344545424    
  J  , XGRID,RGRID           34   1.00403116E-03  0.344547153    
  J  , XGRID,RGRID           35   1.19534181E-03  0.344548941    
  J  , XGRID,RGRID           36   1.39687350E-03  0.344550848    
  J  , XGRID,RGRID           37   1.60916755E-03  0.344552755    
  J  , XGRID,RGRID           38   1.83276739E-03  0.344554782    
  J  , XGRID,RGRID           39   2.06821831E-03  0.344556868    
  J  , XGRID,RGRID           40   2.31605303E-03  0.344559044    
  J  , XGRID,RGRID           41   2.57669669E-03  0.344561249    
  J  , XGRID,RGRID           42   2.85021029E-03  0.344563514    
  J  , XGRID,RGRID           43   3.13723786E-03  0.344565898    
  J  , XGRID,RGRID           44   3.43848625E-03  0.344568282    
  J  , XGRID,RGRID           45   3.75475641E-03  0.344570756    
  J  , XGRID,RGRID           46   4.08691540E-03  0.344573349    
  J  , XGRID,RGRID           47   4.43591643E-03  0.344575942    
  J  , XGRID,RGRID           48   4.80260421E-03  0.344578624    
  J  , XGRID,RGRID           49   5.18767443E-03  0.344581246    
  J  , XGRID,RGRID           50   5.59241697E-03  0.344584107    
  J  , XGRID,RGRID           51   6.01828098E-03  0.344586879    
  J  , XGRID,RGRID           52   6.46686554E-03  0.344589710    
  J  , XGRID,RGRID           53   6.93993084E-03  0.344592571    
  J  , XGRID,RGRID           54   7.43939355E-03  0.344595522    
  J  , XGRID,RGRID           55   7.97131099E-03  0.344598502    
  J  , XGRID,RGRID           56   8.54335725E-03  0.344601631    
  J  , XGRID,RGRID           57   9.15614702E-03  0.344604701    
  J  , XGRID,RGRID           58   9.80921648E-03  0.344607890    
  J  , XGRID,RGRID           59   1.05009936E-02  0.344610989    
  J  , XGRID,RGRID           60   1.12288073E-02  0.344614059    
  J  , XGRID,RGRID           61   1.19888913E-02  0.344617069    
  J  , XGRID,RGRID           62   1.27689205E-02  0.344619930    
  J  , XGRID,RGRID           63   1.35564245E-02  0.344622552    
  J  , XGRID,RGRID           64   1.43471677E-02  0.344625115    
  J  , XGRID,RGRID           65   1.51376799E-02  0.344627470    
  J  , XGRID,RGRID           66   1.59253012E-02  0.344629526    
  J  , XGRID,RGRID           67   1.67081412E-02  0.344631553    
  J  , XGRID,RGRID           68   1.74850915E-02  0.344633311    
  J  , XGRID,RGRID           69   1.82614159E-02  0.344635040    
  J  , XGRID,RGRID           70   1.90406013E-02  0.344636559    
  J  , XGRID,RGRID           71   1.98220368E-02  0.344638109    
  J  , XGRID,RGRID           72   2.06046719E-02  0.344639480    
  J  , XGRID,RGRID           73   2.13871058E-02  0.344640702    
  J  , XGRID,RGRID           74   2.21675504E-02  0.344642043    
  J  , XGRID,RGRID           75   2.29437668E-02  0.344643205    
  J  , XGRID,RGRID           76   2.37088706E-02  0.344644427    
  J  , XGRID,RGRID           77   2.44585518E-02  0.344645500    
  J  , XGRID,RGRID           78   2.51907539E-02  0.344646543    
  J  , XGRID,RGRID           79   2.59038452E-02  0.344647646    
  J  , XGRID,RGRID           80   2.65965592E-02  0.344648689    
  J  , XGRID,RGRID           81   2.72680297E-02  0.344649762    
  J  , XGRID,RGRID           82   2.79177893E-02  0.344650745    
  J  , XGRID,RGRID           83   2.85482146E-02  0.344651699    
  J  , XGRID,RGRID           84   2.91599408E-02  0.344652772    
  J  , XGRID,RGRID           85   2.97529493E-02  0.344653815    
  J  , XGRID,RGRID           86   3.03272624E-02  0.344654918    
  J  , XGRID,RGRID           87   3.08828596E-02  0.344655991    
  J  , XGRID,RGRID           88   3.14197540E-02  0.344657063    
  J  , XGRID,RGRID           89   3.19379345E-02  0.344658196    
  J  , XGRID,RGRID           90   3.24374065E-02  0.344659269    
  J  , XGRID,RGRID           91   3.29181850E-02  0.344660372    
  J  , XGRID,RGRID           92   3.33802402E-02  0.344661534    
  J  , XGRID,RGRID           93   3.38236019E-02  0.344662666    
  J  , XGRID,RGRID           94   3.42482403E-02  0.344663769    
  J  , XGRID,RGRID           95   3.46541777E-02  0.344664901    
  J  , XGRID,RGRID           96   3.50414068E-02  0.344666004    
  J  , XGRID,RGRID           97   3.54289785E-02  0.344677359    
  J  , XGRID,RGRID           98   3.58386412E-02  0.344687998    
  J  , XGRID,RGRID           99   3.62716466E-02  0.344697714    
  J  , XGRID,RGRID          100   3.67293060E-02  0.344706059    
  J  , XGRID,RGRID          101   3.72130349E-02  0.344712794    
  J  , XGRID,RGRID          102   3.77243087E-02  0.344717473    
  J  , XGRID,RGRID          103   3.82646769E-02  0.344719529    
  J  , XGRID,RGRID          104   3.88357863E-02  0.344718307    
  J  , XGRID,RGRID          105   3.94393802E-02  0.344713062    
  J  , XGRID,RGRID          106   4.00772765E-02  0.344702959    
  J  , XGRID,RGRID          107   4.07514200E-02  0.344686478    
  J  , XGRID,RGRID          108   4.14635614E-02  0.344654977    
  J  , XGRID,RGRID          109   4.22161222E-02  0.344614834    
  J  , XGRID,RGRID          110   4.30114269E-02  0.344565421    
  J  , XGRID,RGRID          111   4.38518971E-02  0.344505906    
  REARRANGED AND SCALED INPUT BLADE SECTION 
  N     XSURF       YSURF 
    1       0.01434   0.05389
    2       0.00861   0.04187
    3       0.00434   0.02993
    4       0.00151   0.01808
    5       0.00014   0.00631
    6       0.00000   0.00000
    7       0.00028  -0.00629
    8       0.00087  -0.01256
    9       0.00169  -0.01882
   10       0.00285  -0.02505
   11       0.00435  -0.03127
   12       0.00614  -0.03747
   13       0.00814  -0.04366
   14       0.01041  -0.04983
   15       0.01295  -0.05599
   16       0.01569  -0.06213
   17       0.01863  -0.06827
   18       0.02180  -0.07439
   19       0.04647  -0.11076
   20       0.07115  -0.13482
   21       0.09582  -0.15142
   22       0.12050  -0.16280
   23       0.14002  -0.16908
   24       0.15954  -0.17295
   25       0.17907  -0.17492
   26       0.19859  -0.17514
   27       0.21811  -0.17377
   28       0.23764  -0.17081
   29       0.25716  -0.16636
   30       0.27669  -0.16040
   31       0.29621  -0.15298
   32       0.31573  -0.14406
   33       0.33526  -0.13361
   34       0.35478  -0.12160
   35       0.37431  -0.10789
   36       0.39383  -0.09248
   37       0.41335  -0.07505
   38       0.43288  -0.05567
   39       0.45240  -0.03388
   40       0.47193  -0.00973
   41       0.49145   0.01719
   42       0.51097   0.04694
   43       0.53050   0.07972
   44       0.55002   0.11563
   45       0.56954   0.15459
   46       0.58907   0.19651
   47       0.60859   0.24109
   48       0.62812   0.28816
   49       0.64764   0.33753
   50       0.66716   0.38918
   51       0.68669   0.44325
   52       0.70621   0.50007
   53       0.72574   0.55987
   54       0.74526   0.62273
   55       0.76478   0.68847
   56       0.78431   0.75666
   57       0.80383   0.82688
   58       0.82336   0.89892
   59       0.84288   0.97277
   60       0.86240   1.04860
   61       0.88193   1.12655
   62       0.90145   1.20662
   63       0.92097   1.28866
   64       0.94050   1.37254
   65       0.96002   1.45808
   66       0.96664   1.48738
   67       0.97325   1.51682
   68       0.97987   1.54639
   69       0.98648   1.57619
   70       0.99310   1.60645
   71       0.99972   1.63745
   72       0.99998   1.63933
   73       1.00000   1.64123
   74       0.99976   1.64311
   75       0.99928   1.64494
   76       0.99856   1.64670
   77       0.99761   1.64834
   78       0.99645   1.64984
   79       0.99510   1.65118
   80       0.99359   1.65232
   81       0.99194   1.65326
   82       0.99018   1.65396
   83       0.98834   1.65443
   84       0.98645   1.65465
   85       0.98456   1.65462
   86       0.98268   1.65433
   87       0.98086   1.65380
   88       0.97912   1.65303
   89       0.97751   1.65204
   90       0.97603   1.65084
   91       0.97473   1.64946
   92       0.97363   1.64792
   93       0.97274   1.64624
   94       0.97062   1.63981
   95       0.96850   1.63466
   96       0.96638   1.62948
   97       0.96426   1.62411
   98       0.96214   1.61872
   99       0.96002   1.61329
  100       0.94050   1.56431
  101       0.92097   1.51641
  102       0.90145   1.46893
  103       0.88193   1.42213
  104       0.86240   1.37615
  105       0.84288   1.33104
  106       0.82336   1.28684
  107       0.80383   1.24364
  108       0.78431   1.20147
  109       0.76478   1.16035
  110       0.74526   1.12027
  111       0.72574   1.08115
  112       0.70621   1.04291
  113       0.68669   1.00552
  114       0.66716   0.96893
  115       0.64764   0.93310
  116       0.62812   0.89802
  117       0.60859   0.86364
  118       0.58907   0.82994
  119       0.56954   0.79691
  120       0.55002   0.76450
  121       0.53050   0.73271
  122       0.51097   0.70152
  123       0.49145   0.67089
  124       0.47193   0.64083
  125       0.45240   0.61128
  126       0.43288   0.58223
  127       0.41335   0.55364
  128       0.39383   0.52550
  129       0.37431   0.49778
  130       0.35478   0.47048
  131       0.33526   0.44357
  132       0.31573   0.41708
  133       0.29621   0.39099
  134       0.27669   0.36531
  135       0.25716   0.34004
  136       0.23764   0.31519
  137       0.21811   0.29077
  138       0.19859   0.26678
  139       0.17907   0.24321
  140       0.15954   0.22007
  141       0.14002   0.19733
  142       0.12050   0.17495
  143       0.09655   0.14799
  144       0.07261   0.12140
  145       0.04867   0.09500
  146       0.02473   0.06861
  147       0.02402   0.06781
  148       0.02333   0.06700
  149       0.02265   0.06618
  150       0.02198   0.06536
  151       0.02133   0.06452
  152       0.02069   0.06368
  153       0.02006   0.06282
  154       0.01944   0.06196
  155       0.01884   0.06109
  156       0.01824   0.06021
  157       0.01766   0.05933
  158       0.01708   0.05844
  159       0.01651   0.05754
  160       0.01595   0.05664
  161       0.01540   0.05573
  162       0.01487   0.05481
  COORDINATES GOING ROUND THE BLADE AFTER ANY ROTATION
     N        XSURF        YSURF 
         1     0.01434     0.05389
         2     0.00861     0.04187
         3     0.00434     0.02993
         4     0.00151     0.01808
         5     0.00014     0.00631
         6     0.00000     0.00000
         7     0.00028    -0.00629
         8     0.00087    -0.01256
         9     0.00169    -0.01882
        10     0.00285    -0.02505
        11     0.00435    -0.03127
        12     0.00614    -0.03747
        13     0.00814    -0.04366
        14     0.01041    -0.04983
        15     0.01295    -0.05599
        16     0.01569    -0.06213
        17     0.01863    -0.06827
        18     0.02180    -0.07439
        19     0.04647    -0.11076
        20     0.07115    -0.13482
        21     0.09582    -0.15142
        22     0.12050    -0.16280
        23     0.14002    -0.16908
        24     0.15954    -0.17295
        25     0.17907    -0.17492
        26     0.19859    -0.17514
        27     0.21811    -0.17377
        28     0.23764    -0.17081
        29     0.25716    -0.16636
        30     0.27669    -0.16040
        31     0.29621    -0.15298
        32     0.31573    -0.14406
        33     0.33526    -0.13361
        34     0.35478    -0.12160
        35     0.37431    -0.10789
        36     0.39383    -0.09248
        37     0.41335    -0.07505
        38     0.43288    -0.05567
        39     0.45240    -0.03388
        40     0.47193    -0.00973
        41     0.49145     0.01719
        42     0.51097     0.04694
        43     0.53050     0.07972
        44     0.55002     0.11563
        45     0.56954     0.15459
        46     0.58907     0.19651
        47     0.60859     0.24109
        48     0.62812     0.28816
        49     0.64764     0.33753
        50     0.66716     0.38918
        51     0.68669     0.44325
        52     0.70621     0.50007
        53     0.72574     0.55987
        54     0.74526     0.62273
        55     0.76478     0.68847
        56     0.78431     0.75666
        57     0.80383     0.82688
        58     0.82336     0.89892
        59     0.84288     0.97277
        60     0.86240     1.04860
        61     0.88193     1.12655
        62     0.90145     1.20662
        63     0.92097     1.28866
        64     0.94050     1.37254
        65     0.96002     1.45808
        66     0.96664     1.48738
        67     0.97325     1.51682
        68     0.97987     1.54639
        69     0.98648     1.57619
        70     0.99310     1.60645
        71     0.99972     1.63745
        72     0.99998     1.63933
        73     1.00000     1.64123
        74     0.99976     1.64311
        75     0.99928     1.64494
        76     0.99856     1.64670
        77     0.99761     1.64834
        78     0.99645     1.64984
        79     0.99510     1.65118
        80     0.99359     1.65232
        81     0.99194     1.65326
        82     0.99018     1.65396
        83     0.98834     1.65443
        84     0.98645     1.65465
        85     0.98456     1.65462
        86     0.98268     1.65433
        87     0.98086     1.65380
        88     0.97912     1.65303
        89     0.97751     1.65204
        90     0.97603     1.65084
        91     0.97473     1.64946
        92     0.97363     1.64792
        93     0.97274     1.64624
        94     0.97062     1.63981
        95     0.96850     1.63466
        96     0.96638     1.62948
        97     0.96426     1.62411
        98     0.96214     1.61872
        99     0.96002     1.61329
       100     0.94050     1.56431
       101     0.92097     1.51641
       102     0.90145     1.46893
       103     0.88193     1.42213
       104     0.86240     1.37615
       105     0.84288     1.33104
       106     0.82336     1.28684
       107     0.80383     1.24364
       108     0.78431     1.20147
       109     0.76478     1.16035
       110     0.74526     1.12027
       111     0.72574     1.08115
       112     0.70621     1.04291
       113     0.68669     1.00552
       114     0.66716     0.96893
       115     0.64764     0.93310
       116     0.62812     0.89802
       117     0.60859     0.86364
       118     0.58907     0.82994
       119     0.56954     0.79691
       120     0.55002     0.76450
       121     0.53050     0.73271
       122     0.51097     0.70152
       123     0.49145     0.67089
       124     0.47193     0.64083
       125     0.45240     0.61128
       126     0.43288     0.58223
       127     0.41335     0.55364
       128     0.39383     0.52550
       129     0.37431     0.49778
       130     0.35478     0.47048
       131     0.33526     0.44357
       132     0.31573     0.41708
       133     0.29621     0.39099
       134     0.27669     0.36531
       135     0.25716     0.34004
       136     0.23764     0.31519
       137     0.21811     0.29077
       138     0.19859     0.26678
       139     0.17907     0.24321
       140     0.15954     0.22007
       141     0.14002     0.19733
       142     0.12050     0.17495
       143     0.09655     0.14799
       144     0.07261     0.12140
       145     0.04867     0.09500
       146     0.02473     0.06861
       147     0.02402     0.06781
       148     0.02333     0.06700
       149     0.02265     0.06618
       150     0.02198     0.06536
       151     0.02133     0.06452
       152     0.02069     0.06368
       153     0.02006     0.06282
       154     0.01944     0.06196
       155     0.01884     0.06109
       156     0.01824     0.06021
       157     0.01766     0.05933
       158     0.01708     0.05844
       159     0.01651     0.05754
       160     0.01595     0.05664
       161     0.01540     0.05573
       162     0.01487     0.05481
  LEADING EDGE POINT =            6  TE POINT =          73

  NO OF SUCT S POINTS          68  NO PRESS S POINTS          96
  XMIN,XMAX, XCHORD     0.00000000       1.00000000       1.00000000    

   SUCTION SURFACE POINTS FROM LE TO TE.
         1     0.00000     0.00000
         2     0.00028    -0.00629
         3     0.00087    -0.01256
         4     0.00169    -0.01882
         5     0.00285    -0.02505
         6     0.00435    -0.03127
         7     0.00614    -0.03747
         8     0.00814    -0.04366
         9     0.01041    -0.04983
        10     0.01295    -0.05599
        11     0.01569    -0.06213
        12     0.01863    -0.06827
        13     0.02180    -0.07439
        14     0.04647    -0.11076
        15     0.07115    -0.13482
        16     0.09582    -0.15142
        17     0.12050    -0.16280
        18     0.14002    -0.16908
        19     0.15954    -0.17295
        20     0.17907    -0.17492
        21     0.19859    -0.17514
        22     0.21811    -0.17377
        23     0.23764    -0.17081
        24     0.25716    -0.16636
        25     0.27669    -0.16040
        26     0.29621    -0.15298
        27     0.31573    -0.14406
        28     0.33526    -0.13361
        29     0.35478    -0.12160
        30     0.37431    -0.10789
        31     0.39383    -0.09248
        32     0.41335    -0.07505
        33     0.43288    -0.05567
        34     0.45240    -0.03388
        35     0.47193    -0.00973
        36     0.49145     0.01719
        37     0.51097     0.04694
        38     0.53050     0.07972
        39     0.55002     0.11563
        40     0.56954     0.15459
        41     0.58907     0.19651
        42     0.60859     0.24109
        43     0.62812     0.28816
        44     0.64764     0.33753
        45     0.66716     0.38918
        46     0.68669     0.44325
        47     0.70621     0.50007
        48     0.72574     0.55987
        49     0.74526     0.62273
        50     0.76478     0.68847
        51     0.78431     0.75666
        52     0.80383     0.82688
        53     0.82336     0.89892
        54     0.84288     0.97277
        55     0.86240     1.04860
        56     0.88193     1.12655
        57     0.90145     1.20662
        58     0.92097     1.28866
        59     0.94050     1.37254
        60     0.96002     1.45808
        61     0.96664     1.48738
        62     0.97325     1.51682
        63     0.97987     1.54639
        64     0.98648     1.57619
        65     0.99310     1.60645
        66     0.99972     1.63745
        67     0.99998     1.63933
        68     1.00000     1.64123

   PRESSURE SURFACE POINTS FROM LE TO TE.
         1     0.00000     0.00000
         2     0.00014     0.00631
         3     0.00151     0.01808
         4     0.00434     0.02993
         5     0.00861     0.04187
         6     0.01434     0.05389
         7     0.01487     0.05481
         8     0.01540     0.05573
         9     0.01595     0.05664
        10     0.01651     0.05754
        11     0.01708     0.05844
        12     0.01766     0.05933
        13     0.01824     0.06021
        14     0.01884     0.06109
        15     0.01944     0.06196
        16     0.02006     0.06282
        17     0.02069     0.06368
        18     0.02133     0.06452
        19     0.02198     0.06536
        20     0.02265     0.06618
        21     0.02333     0.06700
        22     0.02402     0.06781
        23     0.02473     0.06861
        24     0.04867     0.09500
        25     0.07261     0.12140
        26     0.09655     0.14799
        27     0.12050     0.17495
        28     0.14002     0.19733
        29     0.15954     0.22007
        30     0.17907     0.24321
        31     0.19859     0.26678
        32     0.21811     0.29077
        33     0.23764     0.31519
        34     0.25716     0.34004
        35     0.27669     0.36531
        36     0.29621     0.39099
        37     0.31573     0.41708
        38     0.33526     0.44357
        39     0.35478     0.47048
        40     0.37431     0.49778
        41     0.39383     0.52550
        42     0.41335     0.55364
        43     0.43288     0.58223
        44     0.45240     0.61128
        45     0.47193     0.64083
        46     0.49145     0.67089
        47     0.51097     0.70152
        48     0.53050     0.73271
        49     0.55002     0.76450
        50     0.56954     0.79691
        51     0.58907     0.82994
        52     0.60859     0.86364
        53     0.62812     0.89802
        54     0.64764     0.93310
        55     0.66716     0.96893
        56     0.68669     1.00552
        57     0.70621     1.04291
        58     0.72574     1.08115
        59     0.74526     1.12027
        60     0.76478     1.16035
        61     0.78431     1.20147
        62     0.80383     1.24364
        63     0.82336     1.28684
        64     0.84288     1.33104
        65     0.86240     1.37615
        66     0.88193     1.42213
        67     0.90145     1.46893
        68     0.92097     1.51641
        69     0.94050     1.56431
        70     0.96002     1.61329
        71     0.96214     1.61872
        72     0.96426     1.62411
        73     0.96638     1.62948
        74     0.96850     1.63466
        75     0.97062     1.63981
        76     0.97274     1.64624
        77     0.97363     1.64792
        78     0.97473     1.64946
        79     0.97603     1.65084
        80     0.97751     1.65204
        81     0.97912     1.65303
        82     0.98086     1.65380
        83     0.98268     1.65433
        84     0.98456     1.65462
        85     0.98645     1.65465
        86     0.98834     1.65443
        87     0.99018     1.65396
        88     0.99194     1.65326
        89     0.99359     1.65232
        90     0.99510     1.65118
        91     0.99645     1.64984
        92     0.99761     1.64834
        93     0.99856     1.64670
        94     0.99928     1.64494
        95     0.99976     1.64311
        96     1.00000     1.64123
  POINTS ON THE BLADE TO BE USED FOR PLOTTING 
  AND FINAL INTERPOLATION 
  N           X          YUP        YLOW        THICK 
    1      0.0000      0.0000      0.0000      0.0000
    2      0.0001     -0.0014      0.0028      0.0042
    3      0.0002     -0.0055      0.0073      0.0128
    4      0.0006     -0.0093      0.0099      0.0192
    5      0.0010     -0.0135      0.0137      0.0272
    6      0.0016     -0.0178      0.0183      0.0361
    7      0.0022     -0.0218      0.0211      0.0429
    8      0.0030     -0.0259      0.0245      0.0504
    9      0.0040     -0.0297      0.0284      0.0582
   10      0.0050     -0.0336      0.0319      0.0655
   11      0.0062     -0.0377      0.0352      0.0729
   12      0.0075     -0.0417      0.0388      0.0806
   13      0.0089     -0.0458      0.0426      0.0884
   14      0.0105     -0.0500      0.0458      0.0958
   15      0.0122     -0.0541      0.0493      0.1034
   16      0.0140     -0.0582      0.0531      0.1113
   17      0.0159     -0.0625      0.0565      0.1190
   18      0.0179     -0.0667      0.0597      0.1264
   19      0.0201     -0.0710      0.0628      0.1338
   20      0.0223     -0.0752      0.0658      0.1409
   21      0.0247     -0.0787      0.0686      0.1473
   22      0.0272     -0.0824      0.0714      0.1537
   23      0.0299     -0.0863      0.0743      0.1605
   24      0.0326     -0.0903      0.0773      0.1676
   25      0.0355     -0.0945      0.0804      0.1750
   26      0.0384     -0.0989      0.0837      0.1826
   27      0.0415     -0.1035      0.0871      0.1906
   28      0.0447     -0.1082      0.0907      0.1989
   29      0.0481     -0.1123      0.0943      0.2066
   30      0.0515     -0.1157      0.0981      0.2138
   31      0.0550     -0.1191      0.1020      0.2211
   32      0.0587     -0.1227      0.1060      0.2287
   33      0.0625     -0.1263      0.1102      0.2365
   34      0.0663     -0.1301      0.1145      0.2446
   35      0.0703     -0.1340      0.1189      0.2529
   36      0.0744     -0.1370      0.1234      0.2604
   37      0.0786     -0.1398      0.1280      0.2679
   38      0.0829     -0.1427      0.1328      0.2756
   39      0.0873     -0.1457      0.1377      0.2834
   40      0.0918     -0.1487      0.1427      0.2914
   41      0.0964     -0.1517      0.1478      0.2995
   42      0.1011     -0.1539      0.1531      0.3070
   43      0.1059     -0.1561      0.1586      0.3146
   44      0.1108     -0.1584      0.1641      0.3224
   45      0.1159     -0.1607      0.1697      0.3304
   46      0.1210     -0.1629      0.1755      0.3384
   47      0.1261     -0.1646      0.1814      0.3460
   48      0.1314     -0.1663      0.1875      0.3538
   49      0.1368     -0.1680      0.1937      0.3617
   50      0.1423     -0.1695      0.2000      0.3695
   51      0.1478     -0.1706      0.2064      0.3771
   52      0.1535     -0.1718      0.2130      0.3848
   53      0.1592     -0.1729      0.2197      0.3926
   54      0.1650     -0.1735      0.2266      0.4001
   55      0.1709     -0.1741      0.2336      0.4077
   56      0.1769     -0.1747      0.2407      0.4154
   57      0.1830     -0.1750      0.2480      0.4229
   58      0.1891     -0.1750      0.2554      0.4304
   59      0.1954     -0.1751      0.2629      0.4380
   60      0.2017     -0.1749      0.2705      0.4455
   61      0.2080     -0.1745      0.2784      0.4529
   62      0.2145     -0.1740      0.2863      0.4603
   63      0.2210     -0.1733      0.2944      0.4677
   64      0.2276     -0.1723      0.3026      0.4749
   65      0.2342     -0.1713      0.3109      0.4822
   66      0.2409     -0.1701      0.3194      0.4895
   67      0.2477     -0.1685      0.3280      0.4965
   68      0.2546     -0.1669      0.3367      0.5037
   69      0.2615     -0.1650      0.3456      0.5107
   70      0.2684     -0.1629      0.3546      0.5176
   71      0.2755     -0.1608      0.3637      0.5245
   72      0.2826     -0.1582      0.3730      0.5312
   73      0.2897     -0.1555      0.3824      0.5379
   74      0.2969     -0.1527      0.3919      0.5445
   75      0.3041     -0.1494      0.4015      0.5509
   76      0.3114     -0.1460      0.4113      0.5573
   77      0.3187     -0.1425      0.4211      0.5636
   78      0.3261     -0.1385      0.4312      0.5697
   79      0.3335     -0.1345      0.4412      0.5758
   80      0.3410     -0.1301      0.4515      0.5816
   81      0.3485     -0.1255      0.4618      0.5873
   82      0.3560     -0.1207      0.4722      0.5930
   83      0.3636     -0.1154      0.4828      0.5982
   84      0.3712     -0.1101      0.4935      0.6035
   85      0.3789     -0.1043      0.5043      0.6085
   86      0.3865     -0.0982      0.5152      0.6134
   87      0.3942     -0.0921      0.5261      0.6182
   88      0.4020     -0.0852      0.5372      0.6224
   89      0.4097     -0.0783      0.5484      0.6267
   90      0.4175     -0.0709      0.5597      0.6306
   91      0.4253     -0.0632      0.5711      0.6343
   92      0.4331     -0.0554      0.5826      0.6380
   93      0.4409     -0.0467      0.5942      0.6409
   94      0.4488     -0.0379      0.6059      0.6438
   95      0.4566     -0.0286      0.6177      0.6463
   96      0.4645     -0.0189      0.6296      0.6485
   97      0.4724     -0.0091      0.6415      0.6506
   98      0.4803      0.0018      0.6537      0.6519
   99      0.4882      0.0127      0.6658      0.6532
  100      0.4961      0.0242      0.6781      0.6539
  101      0.5039      0.0362      0.6905      0.6543
  102      0.5118      0.0484      0.7029      0.6545
  103      0.5197      0.0616      0.7155      0.6539
  104      0.5276      0.0749      0.7281      0.6532
  105      0.5355      0.0889      0.7408      0.6519
  106      0.5434      0.1034      0.7537      0.6503
  107      0.5512      0.1180      0.7665      0.6485
  108      0.5591      0.1337      0.7795      0.6458
  109      0.5669      0.1493      0.7925      0.6432
  110      0.5747      0.1657      0.8056      0.6400
  111      0.5825      0.1824      0.8188      0.6364
  112      0.5903      0.1993      0.8320      0.6328
  113      0.5980      0.2170      0.8454      0.6284
  114      0.6058      0.2346      0.8587      0.6241
  115      0.6135      0.2528      0.8722      0.6194
  116      0.6211      0.2713      0.8857      0.6144
  117      0.6288      0.2898      0.8992      0.6094
  118      0.6364      0.3091      0.9129      0.6038
  119      0.6440      0.3282      0.9265      0.5983
  120      0.6515      0.3478      0.9402      0.5924
  121      0.6590      0.3676      0.9540      0.5864
  122      0.6665      0.3873      0.9677      0.5803
  123      0.6739      0.4078      0.9815      0.5737
  124      0.6813      0.4282      0.9954      0.5671
  125      0.6886      0.4488      1.0092      0.5604
  126      0.6959      0.4700      1.0231      0.5531
  127      0.7031      0.4911      1.0370      0.5459
  128      0.7103      0.5126      1.0509      0.5383
  129      0.7174      0.5345      1.0649      0.5304
  130      0.7245      0.5562      1.0788      0.5226
  131      0.7316      0.5786      1.0928      0.5142
  132      0.7385      0.6010      1.1068      0.5057
  133      0.7454      0.6233      1.1206      0.4973
  134      0.7523      0.6464      1.1347      0.4883
  135      0.7591      0.6692      1.1486      0.4794
  136      0.7658      0.6919      1.1624      0.4705
  137      0.7724      0.7152      1.1765      0.4613
  138      0.7790      0.7382      1.1903      0.4522
  139      0.7855      0.7611      1.2041      0.4431
  140      0.7920      0.7842      1.2180      0.4338
  141      0.7983      0.8071      1.2318      0.4246
  142      0.8046      0.8299      1.2454      0.4156
  143      0.8109      0.8528      1.2592      0.4064
  144      0.8170      0.8755      1.2728      0.3973
  145      0.8231      0.8979      1.2862      0.3883
  146      0.8291      0.9205      1.2997      0.3793
  147      0.8350      0.9428      1.3131      0.3703
  148      0.8408      0.9648      1.3263      0.3615
  149      0.8465      0.9869      1.3394      0.3526
  150      0.8522      1.0088      1.3525      0.3437
  151      0.8577      1.0304      1.3653      0.3349
  152      0.8632      1.0517      1.3780      0.3263
  153      0.8686      1.0732      1.3907      0.3175
  154      0.8739      1.0943      1.4031      0.3088
  155      0.8790      1.1151      1.4153      0.3003
  156      0.8841      1.1357      1.4275      0.2918
  157      0.8892      1.1562      1.4395      0.2833
  158      0.8941      1.1763      1.4512      0.2749
  159      0.8989      1.1960      1.4627      0.2667
  160      0.9036      1.2156      1.4741      0.2585
  161      0.9082      1.2349      1.4853      0.2504
  162      0.9127      1.2539      1.4963      0.2424
  163      0.9171      1.2724      1.5070      0.2346
  164      0.9214      1.2905      1.5175      0.2270
  165      0.9256      1.3085      1.5278      0.2192
  166      0.9297      1.3261      1.5378      0.2117
  167      0.9337      1.3432      1.5476      0.2044
  168      0.9375      1.3598      1.5571      0.1972
  169      0.9413      1.3761      1.5663      0.1902
  170      0.9450      1.3921      1.5755      0.1834
  171      0.9485      1.4076      1.5844      0.1768
  172      0.9519      1.4227      1.5930      0.1703
  173      0.9553      1.4372      1.6013      0.1641
  174      0.9585      1.4513      1.6094      0.1581
  175      0.9616      1.4649      1.6172      0.1523
  176      0.9645      1.4781      1.6248      0.1467
  177      0.9674      1.4908      1.6320      0.1412
  178      0.9701      1.5030      1.6387      0.1357
  179      0.9728      1.5147      1.6463      0.1316
  180      0.9753      1.5259      1.6500      0.1241
  181      0.9777      1.5366      1.6521      0.1156
  182      0.9799      1.5467      1.6534      0.1067
  183      0.9821      1.5564      1.6542      0.0977
  184      0.9841      1.5656      1.6546      0.0890
  185      0.9860      1.5742      1.6546      0.0804
  186      0.9878      1.5824      1.6545      0.0721
  187      0.9895      1.5900      1.6541      0.0641
  188      0.9911      1.5971      1.6536      0.0565
  189      0.9925      1.6036      1.6530      0.0493
  190      0.9938      1.6096      1.6522      0.0425
  191      0.9950      1.6152      1.6513      0.0361
  192      0.9960      1.6201      1.6503      0.0302
  193      0.9970      1.6245      1.6492      0.0247
  194      0.9978      1.6283      1.6481      0.0198
  195      0.9984      1.6315      1.6469      0.0154
  196      0.9990      1.6341      1.6456      0.0115
  197      0.9994      1.6362      1.6443      0.0082
  198      0.9998      1.6377      1.6432      0.0055
  199      0.9999      1.6390      1.6417      0.0027
  200      1.0000      1.6412      1.6412      0.0000
 GRID EXPANSION RATIO UP=    1.12157 DOWN =    1.05711
  AXIAL,TANGENTIAL AND RADIAL COORDINATES ON THE STREAM
  SURFACE BEFORE TRANSFORMING TO R-THETA COORDINATES 
 J, XGRID,YGRID,RGRID            1  -1.72419976E-02  -1.89030506E-02  0.372542024    
 J, XGRID,YGRID,RGRID            2  -1.52016692E-02  -1.68558434E-02  0.372571439    
 J, XGRID,YGRID,RGRID            3  -1.33826621E-02  -1.50305489E-02  0.372598648    
 J, XGRID,YGRID,RGRID            4  -1.17611066E-02  -1.34031093E-02  0.372621864    
 J, XGRID,YGRID,RGRID            5  -1.03156567E-02  -1.19520789E-02  0.372640580    
 J, XGRID,YGRID,RGRID            6  -9.02722869E-03  -1.06583359E-02  0.372654706    
 J, XGRID,YGRID,RGRID            7  -7.87878782E-03  -9.50482860E-03  0.372664601    
 J, XGRID,YGRID,RGRID            8  -6.85513439E-03  -8.47635884E-03  0.372670829    
 J, XGRID,YGRID,RGRID            9  -5.94270602E-03  -7.55937165E-03  0.372674108    
 J, XGRID,YGRID,RGRID           10  -5.12941042E-03  -6.74178265E-03  0.372674823    
 J, XGRID,YGRID,RGRID           11  -4.40447032E-03  -6.01281691E-03  0.372673690    
 J, XGRID,YGRID,RGRID           12  -3.75827914E-03  -5.36286877E-03  0.372671098    
 J, XGRID,YGRID,RGRID           13  -3.18226963E-03  -4.78337286E-03  0.372667402    
 J, XGRID,YGRID,RGRID           14  -2.66881287E-03  -4.26669233E-03  0.372663021    
 J, XGRID,YGRID,RGRID           15  -2.21111067E-03  -3.80601804E-03  0.372658163    
 J, XGRID,YGRID,RGRID           16  -1.80310081E-03  -3.39527940E-03  0.372653097    
 J, XGRID,YGRID,RGRID           17  -1.43937918E-03  -3.02906334E-03  0.372647941    
 J, XGRID,YGRID,RGRID           18  -1.11513631E-03  -2.70254398E-03  0.372642845    
 J, XGRID,YGRID,RGRID           19  -8.26082658E-04  -2.41141813E-03  0.372637868    
 J, XGRID,YGRID,RGRID           20  -5.68398740E-04  -2.15184945E-03  0.372633070    
 J, XGRID,YGRID,RGRID           21  -3.38669401E-04  -1.92041707E-03  0.372628510    
 J, XGRID,YGRID,RGRID           22  -1.33869122E-04  -1.71407114E-03  0.372624218    
 J, XGRID,YGRID,RGRID           23   4.87179059E-05  -1.53009233E-03  0.372620225    
 J, XGRID,YGRID,RGRID           24   2.11493432E-04  -1.36605615E-03  0.372616619    
 J, XGRID,YGRID,RGRID           25   3.56616481E-04  -1.21980102E-03  0.372613192    
 J, XGRID,YGRID,RGRID           26   4.86000004E-04  -1.08939945E-03  0.372610003    
 J, XGRID,YGRID,RGRID           27   6.13858982E-04  -1.00949442E-03  0.372590423    
 J, XGRID,YGRID,RGRID           28   7.47521524E-04  -1.47643744E-03  0.372569680    
 J, XGRID,YGRID,RGRID           29   8.87527538E-04  -1.86139497E-03  0.372547746    
 J, XGRID,YGRID,RGRID           30   1.03440636E-03  -2.20319815E-03  0.372524440    
 J, XGRID,YGRID,RGRID           31   1.18869368E-03  -2.52251513E-03  0.372499645    
 J, XGRID,YGRID,RGRID           32   1.35091715E-03  -2.79269903E-03  0.372473300    
 J, XGRID,YGRID,RGRID           33   1.52161915E-03  -3.04840598E-03  0.372445166    
 J, XGRID,YGRID,RGRID           34   1.70132332E-03  -3.31765553E-03  0.372415245    
 J, XGRID,YGRID,RGRID           35   1.89056247E-03  -3.60125210E-03  0.372383267    
 J, XGRID,YGRID,RGRID           36   2.08986923E-03  -3.89312813E-03  0.372349203    
 J, XGRID,YGRID,RGRID           37   2.29977001E-03  -4.11732169E-03  0.372312665    
 J, XGRID,YGRID,RGRID           38   2.52079987E-03  -4.33650892E-03  0.372273773    
 J, XGRID,YGRID,RGRID           39   2.75348220E-03  -4.56731068E-03  0.372232199    
 J, XGRID,YGRID,RGRID           40   2.99834786E-03  -4.79850918E-03  0.372187793    
 J, XGRID,YGRID,RGRID           41   3.25580267E-03  -4.97726211E-03  0.372140408    
 J, XGRID,YGRID,RGRID           42   3.52590019E-03  -5.16231777E-03  0.372089893    
 J, XGRID,YGRID,RGRID           43   3.80926067E-03  -5.35485381E-03  0.372036099    
 J, XGRID,YGRID,RGRID           44   4.10657749E-03  -5.50003070E-03  0.371978790    
 J, XGRID,YGRID,RGRID           45   4.41863295E-03  -5.64677035E-03  0.371917665    
 J, XGRID,YGRID,RGRID           46   4.74627037E-03  -5.79330558E-03  0.371852517    
 J, XGRID,YGRID,RGRID           47   5.09041734E-03  -5.90503123E-03  0.371783018    
 J, XGRID,YGRID,RGRID           48   5.45189437E-03  -6.01259666E-03  0.371708870    
 J, XGRID,YGRID,RGRID           49   5.83137851E-03  -6.08924171E-03  0.371629685    
 J, XGRID,YGRID,RGRID           50   6.23012893E-03  -6.15139725E-03  0.371545315    
 J, XGRID,YGRID,RGRID           51   6.64955564E-03  -6.19440991E-03  0.371455163    
 J, XGRID,YGRID,RGRID           52   7.09123071E-03  -6.20619161E-03  0.371358812    
 J, XGRID,YGRID,RGRID           53   7.55685940E-03  -6.19875127E-03  0.371255636    
 J, XGRID,YGRID,RGRID           54   8.04832950E-03  -6.16063830E-03  0.371145129    
 J, XGRID,YGRID,RGRID           55   8.57156888E-03  -6.08485332E-03  0.371025920    
 J, XGRID,YGRID,RGRID           56   9.13411193E-03  -5.96768456E-03  0.370895863    
 J, XGRID,YGRID,RGRID           57   9.73654911E-03  -5.80325117E-03  0.370754778    
 J, XGRID,YGRID,RGRID           58   1.03784185E-02  -5.58200898E-03  0.370602667    
 J, XGRID,YGRID,RGRID           59   1.10581461E-02  -5.29571064E-03  0.370439529    
 J, XGRID,YGRID,RGRID           60   1.17731206E-02  -4.93663596E-03  0.370266259    
 J, XGRID,YGRID,RGRID           61   1.25196408E-02  -4.49641421E-03  0.370083809    
 J, XGRID,YGRID,RGRID           62   1.32856425E-02  -3.97227239E-03  0.369895458    
 J, XGRID,YGRID,RGRID           63   1.40589066E-02  -3.36552248E-03  0.369704366    
 J, XGRID,YGRID,RGRID           64   1.48353074E-02  -2.66140560E-03  0.369512171    
 J, XGRID,YGRID,RGRID           65   1.56114772E-02  -1.86776533E-03  0.369319916    
 J, XGRID,YGRID,RGRID           66   1.63848549E-02  -9.59125173E-04  0.369129002    
 J, XGRID,YGRID,RGRID           67   1.71536207E-02   5.64205693E-05  0.368940026    
 J, XGRID,YGRID,RGRID           68   1.79167315E-02   1.18789915E-03  0.368753791    
 J, XGRID,YGRID,RGRID           69   1.86793655E-02   2.44894903E-03  0.368569314    
 J, XGRID,YGRID,RGRID           70   1.94450282E-02   3.85586033E-03  0.368386418    
 J, XGRID,YGRID,RGRID           71   2.02131346E-02   5.40646864E-03  0.368205398    
 J, XGRID,YGRID,RGRID           72   2.09827051E-02   7.09342724E-03  0.368027091    
 J, XGRID,YGRID,RGRID           73   2.17524059E-02   8.90953466E-03  0.367852241    
 J, XGRID,YGRID,RGRID           74   2.25204900E-02   1.08283386E-02  0.367681652    
 J, XGRID,YGRID,RGRID           75   2.32848264E-02   1.28405578E-02  0.367516071    
 J, XGRID,YGRID,RGRID           76   2.40386389E-02   1.49257276E-02  0.367357433    
 J, XGRID,YGRID,RGRID           77   2.47776993E-02   1.70784071E-02  0.367206573    
 J, XGRID,YGRID,RGRID           78   2.54999958E-02   1.92985944E-02  0.367064089    
 J, XGRID,YGRID,RGRID           79   2.62039062E-02   2.15793233E-02  0.366930246    
 J, XGRID,YGRID,RGRID           80   2.68881693E-02   2.39027347E-02  0.366805136    
 J, XGRID,YGRID,RGRID           81   2.75519285E-02   2.62417234E-02  0.366688818    
 J, XGRID,YGRID,RGRID           82   2.81946808E-02   2.85739023E-02  0.366581142    
 J, XGRID,YGRID,RGRID           83   2.88187731E-02   3.08932755E-02  0.366481453    
 J, XGRID,YGRID,RGRID           84   2.94247959E-02   3.31950039E-02  0.366389513    
 J, XGRID,YGRID,RGRID           85   3.00127268E-02   3.54756899E-02  0.366304994    
 J, XGRID,YGRID,RGRID           86   3.05825472E-02   3.77327241E-02  0.366227627    
 J, XGRID,YGRID,RGRID           87   3.11342236E-02   3.99677381E-02  0.366157204    
 J, XGRID,YGRID,RGRID           88   3.16677354E-02   4.21776921E-02  0.366093516    
 J, XGRID,YGRID,RGRID           89   3.21830511E-02   4.43525314E-02  0.366036117    
 J, XGRID,YGRID,RGRID           90   3.26801240E-02   4.64799739E-02  0.365984619    
 J, XGRID,YGRID,RGRID           91   3.31589393E-02   4.85573187E-02  0.365938812    
 J, XGRID,YGRID,RGRID           92   3.36194709E-02   5.05898520E-02  0.365898371    
 J, XGRID,YGRID,RGRID           93   3.40616740E-02   5.25519997E-02  0.365862936    
 J, XGRID,YGRID,RGRID           94   3.44855152E-02   5.44538312E-02  0.365832090    
 J, XGRID,YGRID,RGRID           95   3.48909721E-02   5.62954620E-02  0.365805596    
 J, XGRID,YGRID,RGRID           96   3.52779925E-02   5.81901558E-02  0.365783036    
 J, XGRID,YGRID,RGRID           97   3.56670655E-02   5.91072813E-02  0.365781844    
 J, XGRID,YGRID,RGRID           98   3.60784084E-02   6.00769669E-02  0.365781218    
 J, XGRID,YGRID,RGRID           99   3.65133062E-02   6.11020289E-02  0.365781069    
 J, XGRID,YGRID,RGRID          100   3.69730890E-02   6.21856377E-02  0.365781575    
 J, XGRID,YGRID,RGRID          101   3.74591909E-02   6.33311346E-02  0.365782738    
 J, XGRID,YGRID,RGRID          102   3.79731208E-02   6.45420477E-02  0.365784556    
 J, XGRID,YGRID,RGRID          103   3.85164432E-02   6.58221245E-02  0.365787029    
 J, XGRID,YGRID,RGRID          104   3.90908569E-02   6.71753064E-02  0.365790159    
 J, XGRID,YGRID,RGRID          105   3.96981314E-02   6.86057657E-02  0.365794063    
 J, XGRID,YGRID,RGRID          106   4.03401181E-02   7.01179281E-02  0.365798593    
 J, XGRID,YGRID,RGRID          107   4.10188064E-02   7.17164427E-02  0.365803689    
 J, XGRID,YGRID,RGRID          108   4.17360589E-02   7.34062642E-02  0.365807116    
 J, XGRID,YGRID,RGRID          109   4.24942113E-02   7.51925856E-02  0.365810156    
 J, XGRID,YGRID,RGRID          110   4.32956666E-02   7.70809352E-02  0.365813315    
 J, XGRID,YGRID,RGRID          111   4.41428758E-02   7.90771246E-02  0.365816623    

  THE BLADE CENTROID ON THE X-Y SURFACE IS AT X, Y=    0.01765  -0.00216


  THE J VALUE OF THE CENTROID IS J =           68

  THE CENTROID ON THE STREAM SURFACE IS AT   1.76505856E-02   0.00000000    
  THE HUB SECTION CENTROID IS AT   1.69592667E-02   0.00000000    

  AXIAL & RADIAL COORDINATES ON THE SS AFTER STACKING 
  J  , XGRID,RGRID            1  -1.79333165E-02  0.372542024    
  J  , XGRID,RGRID            2  -1.58929881E-02  0.372571439    
  J  , XGRID,RGRID            3  -1.40739810E-02  0.372598648    
  J  , XGRID,RGRID            4  -1.24524254E-02  0.372621864    
  J  , XGRID,RGRID            5  -1.10069755E-02  0.372640580    
  J  , XGRID,RGRID            6  -9.71854758E-03  0.372654706    
  J  , XGRID,RGRID            7  -8.57010670E-03  0.372664601    
  J  , XGRID,RGRID            8  -7.54645327E-03  0.372670829    
  J  , XGRID,RGRID            9  -6.63402490E-03  0.372674108    
  J  , XGRID,RGRID           10  -5.82072930E-03  0.372674823    
  J  , XGRID,RGRID           11  -5.09578921E-03  0.372673690    
  J  , XGRID,RGRID           12  -4.44959803E-03  0.372671098    
  J  , XGRID,RGRID           13  -3.87358852E-03  0.372667402    
  J  , XGRID,RGRID           14  -3.36013176E-03  0.372663021    
  J  , XGRID,RGRID           15  -2.90242955E-03  0.372658163    
  J  , XGRID,RGRID           16  -2.49441969E-03  0.372653097    
  J  , XGRID,RGRID           17  -2.13069795E-03  0.372647941    
  J  , XGRID,RGRID           18  -1.80645520E-03  0.372642845    
  J  , XGRID,RGRID           19  -1.51740154E-03  0.372637868    
  J  , XGRID,RGRID           20  -1.25971762E-03  0.372633070    
  J  , XGRID,RGRID           21  -1.02998829E-03  0.372628510    
  J  , XGRID,RGRID           22  -8.25188006E-04  0.372624218    
  J  , XGRID,RGRID           23  -6.42600993E-04  0.372620225    
  J  , XGRID,RGRID           24  -4.79825452E-04  0.372616619    
  J  , XGRID,RGRID           25  -3.34702403E-04  0.372613192    
  J  , XGRID,RGRID           26  -2.05318880E-04  0.372610003    
  J  , XGRID,RGRID           27  -7.74599030E-05  0.372590423    
  J  , XGRID,RGRID           28   5.62026398E-05  0.372569680    
  J  , XGRID,RGRID           29   1.96208654E-04  0.372547746    
  J  , XGRID,RGRID           30   3.43087479E-04  0.372524440    
  J  , XGRID,RGRID           31   4.97374800E-04  0.372499645    
  J  , XGRID,RGRID           32   6.59598270E-04  0.372473300    
  J  , XGRID,RGRID           33   8.30300269E-04  0.372445166    
  J  , XGRID,RGRID           34   1.01000443E-03  0.372415245    
  J  , XGRID,RGRID           35   1.19924359E-03  0.372383267    
  J  , XGRID,RGRID           36   1.39855035E-03  0.372349203    
  J  , XGRID,RGRID           37   1.60845113E-03  0.372312665    
  J  , XGRID,RGRID           38   1.82948099E-03  0.372273773    
  J  , XGRID,RGRID           39   2.06216332E-03  0.372232199    
  J  , XGRID,RGRID           40   2.30702898E-03  0.372187793    
  J  , XGRID,RGRID           41   2.56448379E-03  0.372140408    
  J  , XGRID,RGRID           42   2.83458130E-03  0.372089893    
  J  , XGRID,RGRID           43   3.11794179E-03  0.372036099    
  J  , XGRID,RGRID           44   3.41525860E-03  0.371978790    
  J  , XGRID,RGRID           45   3.72731406E-03  0.371917665    
  J  , XGRID,RGRID           46   4.05495148E-03  0.371852517    
  J  , XGRID,RGRID           47   4.39909846E-03  0.371783018    
  J  , XGRID,RGRID           48   4.76057548E-03  0.371708870    
  J  , XGRID,RGRID           49   5.14005963E-03  0.371629685    
  J  , XGRID,RGRID           50   5.53881004E-03  0.371545315    
  J  , XGRID,RGRID           51   5.95823675E-03  0.371455163    
  J  , XGRID,RGRID           52   6.39991183E-03  0.371358812    
  J  , XGRID,RGRID           53   6.86554052E-03  0.371255636    
  J  , XGRID,RGRID           54   7.35701062E-03  0.371145129    
  J  , XGRID,RGRID           55   7.88024999E-03  0.371025920    
  J  , XGRID,RGRID           56   8.44279304E-03  0.370895863    
  J  , XGRID,RGRID           57   9.04523022E-03  0.370754778    
  J  , XGRID,RGRID           58   9.68709961E-03  0.370602667    
  J  , XGRID,RGRID           59   1.03668272E-02  0.370439529    
  J  , XGRID,RGRID           60   1.10818017E-02  0.370266259    
  J  , XGRID,RGRID           61   1.18283220E-02  0.370083809    
  J  , XGRID,RGRID           62   1.25943236E-02  0.369895458    
  J  , XGRID,RGRID           63   1.33675877E-02  0.369704366    
  J  , XGRID,RGRID           64   1.41439885E-02  0.369512171    
  J  , XGRID,RGRID           65   1.49201583E-02  0.369319916    
  J  , XGRID,RGRID           66   1.56935360E-02  0.369129002    
  J  , XGRID,RGRID           67   1.64623018E-02  0.368940026    
  J  , XGRID,RGRID           68   1.72254127E-02  0.368753791    
  J  , XGRID,RGRID           69   1.79880466E-02  0.368569314    
  J  , XGRID,RGRID           70   1.87537093E-02  0.368386418    
  J  , XGRID,RGRID           71   1.95218157E-02  0.368205398    
  J  , XGRID,RGRID           72   2.02913862E-02  0.368027091    
  J  , XGRID,RGRID           73   2.10610870E-02  0.367852241    
  J  , XGRID,RGRID           74   2.18291711E-02  0.367681652    
  J  , XGRID,RGRID           75   2.25935075E-02  0.367516071    
  J  , XGRID,RGRID           76   2.33473200E-02  0.367357433    
  J  , XGRID,RGRID           77   2.40863804E-02  0.367206573    
  J  , XGRID,RGRID           78   2.48086769E-02  0.367064089    
  J  , XGRID,RGRID           79   2.55125873E-02  0.366930246    
  J  , XGRID,RGRID           80   2.61968505E-02  0.366805136    
  J  , XGRID,RGRID           81   2.68606097E-02  0.366688818    
  J  , XGRID,RGRID           82   2.75033619E-02  0.366581142    
  J  , XGRID,RGRID           83   2.81274542E-02  0.366481453    
  J  , XGRID,RGRID           84   2.87334770E-02  0.366389513    
  J  , XGRID,RGRID           85   2.93214079E-02  0.366304994    
  J  , XGRID,RGRID           86   2.98912283E-02  0.366227627    
  J  , XGRID,RGRID           87   3.04429047E-02  0.366157204    
  J  , XGRID,RGRID           88   3.09764165E-02  0.366093516    
  J  , XGRID,RGRID           89   3.14917341E-02  0.366036117    
  J  , XGRID,RGRID           90   3.19888070E-02  0.365984619    
  J  , XGRID,RGRID           91   3.24676186E-02  0.365938812    
  J  , XGRID,RGRID           92   3.29281539E-02  0.365898371    
  J  , XGRID,RGRID           93   3.33703533E-02  0.365862936    
  J  , XGRID,RGRID           94   3.37941945E-02  0.365832090    
  J  , XGRID,RGRID           95   3.41996551E-02  0.365805596    
  J  , XGRID,RGRID           96   3.45866755E-02  0.365783036    
  J  , XGRID,RGRID           97   3.49757448E-02  0.365781844    
  J  , XGRID,RGRID           98   3.53870913E-02  0.365781218    
  J  , XGRID,RGRID           99   3.58219892E-02  0.365781069    
  J  , XGRID,RGRID          100   3.62817720E-02  0.365781575    
  J  , XGRID,RGRID          101   3.67678702E-02  0.365782738    
  J  , XGRID,RGRID          102   3.72818038E-02  0.365784556    
  J  , XGRID,RGRID          103   3.78251225E-02  0.365787029    
  J  , XGRID,RGRID          104   3.83995399E-02  0.365790159    
  J  , XGRID,RGRID          105   3.90068144E-02  0.365794063    
  J  , XGRID,RGRID          106   3.96488011E-02  0.365798593    
  J  , XGRID,RGRID          107   4.03274894E-02  0.365803689    
  J  , XGRID,RGRID          108   4.10447419E-02  0.365807116    
  J  , XGRID,RGRID          109   4.18028906E-02  0.365810156    
  J  , XGRID,RGRID          110   4.26043496E-02  0.365813315    
  J  , XGRID,RGRID          111   4.34515551E-02  0.365816623    
          20          70          15
   IIN     XIN       REL SPACING 
    1       0.00000   0.50000
    2       0.10000   0.70000
    3       0.20000   1.00000
    4       0.30000   1.40000
    5       0.40000   2.00000
    6       0.50000   3.00000
    7       0.60000   3.00000
    8       0.70000   3.00000
    9       0.80000   2.50000
   10       0.90000   2.00000
   11       1.00000   1.50000

 INTERPOLATED POSITIONS OF THE GRID POINTS ON THE BLADE
 AND THE RELATIVE SPACING OF THE POINTS 

    1       0.00000   0.50000
    2       0.01449   0.52279
    3       0.02899   0.54768
    4       0.04348   0.57467
    5       0.05797   0.60376
    6       0.07246   0.63495
    7       0.08696   0.66824
    8       0.10145   0.70363
    9       0.11594   0.74113
   10       0.13043   0.78072
   11       0.14493   0.82241
   12       0.15942   0.86620
   13       0.17391   0.91210
   14       0.18841   0.96009
   15       0.20290   1.00970
   16       0.21739   1.05957
   17       0.23188   1.11190
   18       0.24638   1.16701
   19       0.26087   1.22518
   20       0.27536   1.28674
   21       0.28986   1.35198
   22       0.30435   1.42048
   23       0.31884   1.49170
   24       0.33333   1.56790
   25       0.34783   1.64971
   26       0.36232   1.73773
   27       0.37681   1.83256
   28       0.39130   1.93482
   29       0.40580   2.06053
   30       0.42029   2.21595
   31       0.43478   2.37380
   32       0.44928   2.52982
   33       0.46377   2.67976
   34       0.47826   2.81935
   35       0.49275   2.94432
   36       0.50725   3.02159
   37       0.52174   3.05055
   38       0.53623   3.06306
   39       0.55072   3.06219
   40       0.56522   3.05096
   41       0.57971   3.03242
   42       0.59420   3.00963
   43       0.60870   3.00719
   44       0.62319   3.01828
   45       0.63768   3.02694
   46       0.65217   3.03164
   47       0.66667   3.03086
   48       0.68116   3.02308
   49       0.69565   3.00678
   50       0.71014   2.96370
   51       0.72464   2.90395
   52       0.73913   2.83628
   53       0.75362   2.76222
   54       0.76812   2.68329
   55       0.78261   2.60101
   56       0.79710   2.51691
   57       0.81159   2.44203
   58       0.82609   2.36957
   59       0.84058   2.29710
   60       0.85507   2.22464
   61       0.86957   2.15217
   62       0.88406   2.07971
   63       0.89855   2.00725
   64       0.91304   1.93478
   65       0.92754   1.86232
   66       0.94203   1.78985
   67       0.95652   1.71739
   68       0.97101   1.64493
   69       0.98551   1.57246
   70       1.00000   1.50000
  REARRANGED AND SCALED INPUT BLADE SECTION 
  N     XSURF       YSURF 
    1       0.01570  -0.05060
    2       0.00730  -0.03816
    3       0.00279  -0.02554
    4       0.00036  -0.01282
    5       0.00000   0.00000
    6       0.00016   0.00358
    7       0.00045   0.00753
    8       0.00087   0.01130
    9       0.00142   0.01501
   10       0.00211   0.01886
   11       0.00286   0.02265
   12       0.00398   0.02645
   13       0.00469   0.03024
   14       0.00577   0.03405
   15       0.00694   0.03786
   16       0.00820   0.04167
   17       0.00956   0.04549
   18       0.01102   0.04931
   19       0.03842   0.10390
   20       0.06546   0.14221
   21       0.09268   0.17245
   22       0.11989   0.19730
   23       0.13912   0.21159
   24       0.15800   0.22550
   25       0.17705   0.23677
   26       0.19611   0.24673
   27       0.21516   0.25530
   28       0.23421   0.26237
   29       0.25326   0.26824
   30       0.27232   0.27282
   31       0.29137   0.27608
   32       0.31042   0.27809
   33       0.32948   0.27884
   34       0.34853   0.27831
   35       0.36758   0.27650
   36       0.38663   0.27340
   37       0.40569   0.26898
   38       0.42474   0.26327
   39       0.44379   0.25625
   40       0.46285   0.24777
   41       0.48190   0.23786
   42       0.50095   0.22654
   43       0.52001   0.21383
   44       0.53906   0.19972
   45       0.55811   0.18354
   46       0.57716   0.16572
   47       0.59622   0.14626
   48       0.61527   0.12517
   49       0.63432   0.10197
   50       0.65338   0.07682
   51       0.67243   0.04979
   52       0.69148   0.02090
   53       0.71053  -0.00993
   54       0.72959  -0.04266
   55       0.74864  -0.07729
   56       0.76769  -0.11347
   57       0.78675  -0.15119
   58       0.80580  -0.19058
   59       0.82485  -0.23164
   60       0.84390  -0.27344
   61       0.86296  -0.31628
   62       0.88201  -0.36031
   63       0.90106  -0.40512
   64       0.92012  -0.45037
   65       0.93873  -0.49638
   66       0.94896  -0.52031
   67       0.95814  -0.54427
   68       0.96855  -0.56839
   69       0.97834  -0.59266
   70       0.98725  -0.61706
   71       0.99793  -0.64159
   72       0.99861  -0.64370
   73       0.99901  -0.64589
   74       1.00000  -0.64812
   75       0.99981  -0.65033
   76       0.99845  -0.65251
   77       0.99768  -0.65460
   78       0.99665  -0.65657
   79       0.99536  -0.65838
   80       0.99385  -0.66001
   81       0.99213  -0.66143
   82       0.98848  -0.66261
   83       0.98822  -0.66352
   84       0.98609  -0.66416
   85       0.98389  -0.66452
   86       0.98166  -0.66458
   87       0.97945  -0.66434
   88       0.97729  -0.66382
   89       0.97522  -0.66299
   90       0.97327  -0.66194
   91       0.97148  -0.66061
   92       0.96988  -0.65907
   93       0.96850  -0.65732
   94       0.96361  -0.65022
   95       0.95872  -0.64312
   96       0.95383  -0.63601
   97       0.94895  -0.62890
   98       0.94406  -0.62178
   99       0.93917  -0.61466
  100       0.92012  -0.58682
  101       0.90106  -0.55874
  102       0.88201  -0.53096
  103       0.86296  -0.50323
  104       0.84390  -0.47627
  105       0.82485  -0.44992
  106       0.80580  -0.42419
  107       0.78675  -0.40059
  108       0.76769  -0.37756
  109       0.74864  -0.35591
  110       0.72959  -0.33535
  111       0.71053  -0.31618
  112       0.69148  -0.29805
  113       0.67243  -0.28091
  114       0.65338  -0.26498
  115       0.63432  -0.25006
  116       0.61527  -0.23591
  117       0.59622  -0.22252
  118       0.57716  -0.21007
  119       0.55811  -0.19840
  120       0.53906  -0.18732
  121       0.52001  -0.17684
  122       0.50095  -0.16697
  123       0.48190  -0.15780
  124       0.46285  -0.14913
  125       0.44379  -0.14095
  126       0.42474  -0.13327
  127       0.40569  -0.12616
  128       0.38663  -0.11952
  129       0.36758  -0.11332
  130       0.34854  -0.10757
  131       0.32948  -0.10232
  132       0.31042  -0.09751
  133       0.29137  -0.09311
  134       0.27232  -0.08915
  135       0.25326  -0.08559
  136       0.23421  -0.08246
  137       0.21516  -0.07976
  138       0.19611  -0.07745
  139       0.17705  -0.07559
  140       0.15800  -0.07425
  141       0.13912  -0.07352
  142       0.11989  -0.07303
  143       0.10675  -0.07287
  144       0.09360  -0.07276
  145       0.08045  -0.07265
  146       0.06730  -0.07246
  147       0.06377  -0.07234
  148       0.06031  -0.07207
  149       0.05690  -0.07166
  150       0.05355  -0.07112
  151       0.05026  -0.07042
  152       0.04704  -0.06959
  153       0.04387  -0.06862
  154       0.04074  -0.06754
  155       0.03767  -0.06634
  156       0.03467  -0.06496
  157       0.03173  -0.06342
  158       0.02889  -0.06171
  159       0.02611  -0.05982
  160       0.02340  -0.05777
  161       0.02076  -0.05555
  162       0.01819  -0.05316
  COORDINATES GOING ROUND THE BLADE AFTER ANY ROTATION
     N        XSURF        YSURF 
         1     0.01570    -0.05060
         2     0.00730    -0.03816
         3     0.00279    -0.02554
         4     0.00036    -0.01282
         5     0.00000     0.00000
         6     0.00016     0.00358
         7     0.00045     0.00753
         8     0.00087     0.01130
         9     0.00142     0.01501
        10     0.00211     0.01886
        11     0.00286     0.02265
        12     0.00398     0.02645
        13     0.00469     0.03024
        14     0.00577     0.03405
        15     0.00694     0.03786
        16     0.00820     0.04167
        17     0.00956     0.04549
        18     0.01102     0.04931
        19     0.03842     0.10390
        20     0.06546     0.14221
        21     0.09268     0.17245
        22     0.11989     0.19730
        23     0.13912     0.21159
        24     0.15800     0.22550
        25     0.17705     0.23677
        26     0.19611     0.24673
        27     0.21516     0.25530
        28     0.23421     0.26237
        29     0.25326     0.26824
        30     0.27232     0.27282
        31     0.29137     0.27608
        32     0.31042     0.27809
        33     0.32948     0.27884
        34     0.34853     0.27831
        35     0.36758     0.27650
        36     0.38663     0.27340
        37     0.40569     0.26898
        38     0.42474     0.26327
        39     0.44379     0.25625
        40     0.46285     0.24777
        41     0.48190     0.23786
        42     0.50095     0.22654
        43     0.52001     0.21383
        44     0.53906     0.19972
        45     0.55811     0.18354
        46     0.57716     0.16572
        47     0.59622     0.14626
        48     0.61527     0.12517
        49     0.63432     0.10197
        50     0.65338     0.07682
        51     0.67243     0.04979
        52     0.69148     0.02090
        53     0.71053    -0.00993
        54     0.72959    -0.04266
        55     0.74864    -0.07729
        56     0.76769    -0.11347
        57     0.78675    -0.15119
        58     0.80580    -0.19058
        59     0.82485    -0.23164
        60     0.84390    -0.27344
        61     0.86296    -0.31628
        62     0.88201    -0.36031
        63     0.90106    -0.40512
        64     0.92012    -0.45037
        65     0.93873    -0.49638
        66     0.94896    -0.52031
        67     0.95814    -0.54427
        68     0.96855    -0.56839
        69     0.97834    -0.59266
        70     0.98725    -0.61706
        71     0.99793    -0.64159
        72     0.99861    -0.64370
        73     0.99901    -0.64589
        74     1.00000    -0.64812
        75     0.99981    -0.65033
        76     0.99845    -0.65251
        77     0.99768    -0.65460
        78     0.99665    -0.65657
        79     0.99536    -0.65838
        80     0.99385    -0.66001
        81     0.99213    -0.66143
        82     0.98848    -0.66261
        83     0.98822    -0.66352
        84     0.98609    -0.66416
        85     0.98389    -0.66452
        86     0.98166    -0.66458
        87     0.97945    -0.66434
        88     0.97729    -0.66382
        89     0.97522    -0.66299
        90     0.97327    -0.66194
        91     0.97148    -0.66061
        92     0.96988    -0.65907
        93     0.96850    -0.65732
        94     0.96361    -0.65022
        95     0.95872    -0.64312
        96     0.95383    -0.63601
        97     0.94895    -0.62890
        98     0.94406    -0.62178
        99     0.93917    -0.61466
       100     0.92012    -0.58682
       101     0.90106    -0.55874
       102     0.88201    -0.53096
       103     0.86296    -0.50323
       104     0.84390    -0.47627
       105     0.82485    -0.44992
       106     0.80580    -0.42419
       107     0.78675    -0.40059
       108     0.76769    -0.37756
       109     0.74864    -0.35591
       110     0.72959    -0.33535
       111     0.71053    -0.31618
       112     0.69148    -0.29805
       113     0.67243    -0.28091
       114     0.65338    -0.26498
       115     0.63432    -0.25006
       116     0.61527    -0.23591
       117     0.59622    -0.22252
       118     0.57716    -0.21007
       119     0.55811    -0.19840
       120     0.53906    -0.18732
       121     0.52001    -0.17684
       122     0.50095    -0.16697
       123     0.48190    -0.15780
       124     0.46285    -0.14913
       125     0.44379    -0.14095
       126     0.42474    -0.13327
       127     0.40569    -0.12616
       128     0.38663    -0.11952
       129     0.36758    -0.11332
       130     0.34854    -0.10757
       131     0.32948    -0.10232
       132     0.31042    -0.09751
       133     0.29137    -0.09311
       134     0.27232    -0.08915
       135     0.25326    -0.08559
       136     0.23421    -0.08246
       137     0.21516    -0.07976
       138     0.19611    -0.07745
       139     0.17705    -0.07559
       140     0.15800    -0.07425
       141     0.13912    -0.07352
       142     0.11989    -0.07303
       143     0.10675    -0.07287
       144     0.09360    -0.07276
       145     0.08045    -0.07265
       146     0.06730    -0.07246
       147     0.06377    -0.07234
       148     0.06031    -0.07207
       149     0.05690    -0.07166
       150     0.05355    -0.07112
       151     0.05026    -0.07042
       152     0.04704    -0.06959
       153     0.04387    -0.06862
       154     0.04074    -0.06754
       155     0.03767    -0.06634
       156     0.03467    -0.06496
       157     0.03173    -0.06342
       158     0.02889    -0.06171
       159     0.02611    -0.05982
       160     0.02340    -0.05777
       161     0.02076    -0.05555
       162     0.01819    -0.05316
  LEADING EDGE POINT =            5  TE POINT =          74

  NO OF SUCT S POINTS          70  NO PRESS S POINTS          94
  XMIN,XMAX, XCHORD     0.00000000       1.00000000       1.00000000    

   SUCTION SURFACE POINTS FROM LE TO TE.
         1     0.00000     0.00000
         2     0.00016     0.00358
         3     0.00045     0.00753
         4     0.00087     0.01130
         5     0.00142     0.01501
         6     0.00211     0.01886
         7     0.00286     0.02265
         8     0.00398     0.02645
         9     0.00469     0.03024
        10     0.00577     0.03405
        11     0.00694     0.03786
        12     0.00820     0.04167
        13     0.00956     0.04549
        14     0.01102     0.04931
        15     0.03842     0.10390
        16     0.06546     0.14221
        17     0.09268     0.17245
        18     0.11989     0.19730
        19     0.13912     0.21159
        20     0.15800     0.22550
        21     0.17705     0.23677
        22     0.19611     0.24673
        23     0.21516     0.25530
        24     0.23421     0.26237
        25     0.25326     0.26824
        26     0.27232     0.27282
        27     0.29137     0.27608
        28     0.31042     0.27809
        29     0.32948     0.27884
        30     0.34853     0.27831
        31     0.36758     0.27650
        32     0.38663     0.27340
        33     0.40569     0.26898
        34     0.42474     0.26327
        35     0.44379     0.25625
        36     0.46285     0.24777
        37     0.48190     0.23786
        38     0.50095     0.22654
        39     0.52001     0.21383
        40     0.53906     0.19972
        41     0.55811     0.18354
        42     0.57716     0.16572
        43     0.59622     0.14626
        44     0.61527     0.12517
        45     0.63432     0.10197
        46     0.65338     0.07682
        47     0.67243     0.04979
        48     0.69148     0.02090
        49     0.71053    -0.00993
        50     0.72959    -0.04266
        51     0.74864    -0.07729
        52     0.76769    -0.11347
        53     0.78675    -0.15119
        54     0.80580    -0.19058
        55     0.82485    -0.23164
        56     0.84390    -0.27344
        57     0.86296    -0.31628
        58     0.88201    -0.36031
        59     0.90106    -0.40512
        60     0.92012    -0.45037
        61     0.93873    -0.49638
        62     0.94896    -0.52031
        63     0.95814    -0.54427
        64     0.96855    -0.56839
        65     0.97834    -0.59266
        66     0.98725    -0.61706
        67     0.99793    -0.64159
        68     0.99861    -0.64370
        69     0.99901    -0.64589
        70     1.00000    -0.64812

   PRESSURE SURFACE POINTS FROM LE TO TE.
         1     0.00000     0.00000
         2     0.00036    -0.01282
         3     0.00279    -0.02554
         4     0.00730    -0.03816
         5     0.01570    -0.05060
         6     0.01819    -0.05316
         7     0.02076    -0.05555
         8     0.02340    -0.05777
         9     0.02611    -0.05982
        10     0.02889    -0.06171
        11     0.03173    -0.06342
        12     0.03467    -0.06496
        13     0.03767    -0.06634
        14     0.04074    -0.06754
        15     0.04387    -0.06862
        16     0.04704    -0.06959
        17     0.05026    -0.07042
        18     0.05355    -0.07112
        19     0.05690    -0.07166
        20     0.06031    -0.07207
        21     0.06377    -0.07234
        22     0.06730    -0.07246
        23     0.08045    -0.07265
        24     0.09360    -0.07276
        25     0.10675    -0.07287
        26     0.11989    -0.07303
        27     0.13912    -0.07352
        28     0.15800    -0.07425
        29     0.17705    -0.07559
        30     0.19611    -0.07745
        31     0.21516    -0.07976
        32     0.23421    -0.08246
        33     0.25326    -0.08559
        34     0.27232    -0.08915
        35     0.29137    -0.09311
        36     0.31042    -0.09751
        37     0.32948    -0.10232
        38     0.34854    -0.10757
        39     0.36758    -0.11332
        40     0.38663    -0.11952
        41     0.40569    -0.12616
        42     0.42474    -0.13327
        43     0.44379    -0.14095
        44     0.46285    -0.14913
        45     0.48190    -0.15780
        46     0.50095    -0.16697
        47     0.52001    -0.17684
        48     0.53906    -0.18732
        49     0.55811    -0.19840
        50     0.57716    -0.21007
        51     0.59622    -0.22252
        52     0.61527    -0.23591
        53     0.63432    -0.25006
        54     0.65338    -0.26498
        55     0.67243    -0.28091
        56     0.69148    -0.29805
        57     0.71053    -0.31618
        58     0.72959    -0.33535
        59     0.74864    -0.35591
        60     0.76769    -0.37756
        61     0.78675    -0.40059
        62     0.80580    -0.42419
        63     0.82485    -0.44992
        64     0.84390    -0.47627
        65     0.86296    -0.50323
        66     0.88201    -0.53096
        67     0.90106    -0.55874
        68     0.92012    -0.58682
        69     0.93917    -0.61466
        70     0.94406    -0.62178
        71     0.94895    -0.62890
        72     0.95383    -0.63601
        73     0.95872    -0.64312
        74     0.96361    -0.65022
        75     0.96850    -0.65732
        76     0.96988    -0.65907
        77     0.97148    -0.66061
        78     0.97327    -0.66194
        79     0.97522    -0.66299
        80     0.97729    -0.66382
        81     0.97945    -0.66434
        82     0.98166    -0.66458
        83     0.98389    -0.66452
        84     0.98609    -0.66416
        85     0.98822    -0.66352
        86     0.98848    -0.66261
        87     0.99213    -0.66143
        88     0.99385    -0.66001
        89     0.99536    -0.65838
        90     0.99665    -0.65657
        91     0.99768    -0.65460
        92     0.99845    -0.65251
        93     0.99981    -0.65033
        94     1.00000    -0.64812
  POINTS ON THE BLADE TO BE USED FOR PLOTTING 
  AND FINAL INTERPOLATION 
  N           X          YUP        YLOW        THICK 
    1      0.0000      0.0000      0.0000      0.0000
    2      0.0001      0.0014     -0.0022      0.0036
    3      0.0002      0.0048     -0.0088      0.0136
    4      0.0006      0.0085     -0.0139      0.0224
    5      0.0010      0.0121     -0.0161      0.0283
    6      0.0016      0.0158     -0.0191      0.0348
    7      0.0022      0.0195     -0.0227      0.0422
    8      0.0030      0.0233     -0.0263      0.0496
    9      0.0040      0.0264     -0.0289      0.0553
   10      0.0050      0.0315     -0.0318      0.0633
   11      0.0062      0.0355     -0.0351      0.0707
   12      0.0075      0.0396     -0.0385      0.0781
   13      0.0089      0.0438     -0.0406      0.0844
   14      0.0105      0.0479     -0.0429      0.0908
   15      0.0122      0.0516     -0.0454      0.0969
   16      0.0140      0.0551     -0.0480      0.1032
   17      0.0159      0.0590     -0.0508      0.1097
   18      0.0179      0.0630     -0.0529      0.1159
   19      0.0201      0.0673     -0.0549      0.1222
   20      0.0223      0.0718     -0.0569      0.1287
   21      0.0247      0.0766     -0.0588      0.1354
   22      0.0272      0.0816     -0.0606      0.1422
   23      0.0299      0.0868     -0.0623      0.1491
   24      0.0326      0.0923     -0.0639      0.1562
   25      0.0355      0.0980     -0.0653      0.1633
   26      0.0384      0.1039     -0.0666      0.1706
   27      0.0415      0.1083     -0.0678      0.1761
   28      0.0447      0.1129     -0.0689      0.1817
   29      0.0481      0.1176     -0.0699      0.1874
   30      0.0515      0.1224     -0.0707      0.1931
   31      0.0550      0.1274     -0.0714      0.1988
   32      0.0587      0.1326     -0.0719      0.2045
   33      0.0625      0.1380     -0.0722      0.2102
   34      0.0663      0.1432     -0.0724      0.2156
   35      0.0703      0.1476     -0.0725      0.2201
   36      0.0744      0.1521     -0.0726      0.2247
   37      0.0786      0.1568     -0.0726      0.2294
   38      0.0829      0.1616     -0.0727      0.2343
   39      0.0873      0.1665     -0.0727      0.2392
   40      0.0918      0.1715     -0.0727      0.2442
   41      0.0964      0.1759     -0.0728      0.2486
   42      0.1011      0.1802     -0.0728      0.2530
   43      0.1059      0.1846     -0.0729      0.2574
   44      0.1108      0.1890     -0.0729      0.2620
   45      0.1159      0.1936     -0.0730      0.2666
   46      0.1210      0.1981     -0.0731      0.2711
   47      0.1261      0.2019     -0.0732      0.2751
   48      0.1314      0.2059     -0.0733      0.2792
   49      0.1368      0.2099     -0.0735      0.2833
   50      0.1423      0.2139     -0.0736      0.2876
   51      0.1478      0.2180     -0.0739      0.2919
   52      0.1535      0.2222     -0.0741      0.2963
   53      0.1592      0.2262     -0.0743      0.3006
   54      0.1650      0.2297     -0.0747      0.3044
   55      0.1709      0.2332     -0.0752      0.3083
   56      0.1769      0.2367     -0.0756      0.3123
   57      0.1830      0.2399     -0.0762      0.3161
   58      0.1891      0.2431     -0.0768      0.3199
   59      0.1954      0.2463     -0.0774      0.3237
   60      0.2017      0.2492     -0.0781      0.3274
   61      0.2080      0.2521     -0.0789      0.3310
   62      0.2145      0.2550     -0.0797      0.3347
   63      0.2210      0.2575     -0.0806      0.3381
   64      0.2276      0.2599     -0.0815      0.3414
   65      0.2342      0.2624     -0.0825      0.3448
   66      0.2409      0.2644     -0.0836      0.3480
   67      0.2477      0.2665     -0.0847      0.3512
   68      0.2546      0.2686     -0.0858      0.3544
   69      0.2615      0.2702     -0.0871      0.3573
   70      0.2684      0.2719     -0.0884      0.3603
   71      0.2755      0.2734     -0.0898      0.3632
   72      0.2826      0.2746     -0.0913      0.3658
   73      0.2897      0.2758     -0.0928      0.3686
   74      0.2969      0.2767     -0.0944      0.3710
   75      0.3041      0.2774     -0.0961      0.3735
   76      0.3114      0.2781     -0.0978      0.3759
   77      0.3187      0.2784     -0.0996      0.3780
   78      0.3261      0.2787     -0.1015      0.3802
   79      0.3335      0.2787     -0.1034      0.3822
   80      0.3410      0.2785     -0.1055      0.3840
   81      0.3485      0.2783     -0.1076      0.3859
   82      0.3560      0.2776     -0.1098      0.3874
   83      0.3636      0.2769     -0.1121      0.3890
   84      0.3712      0.2759     -0.1145      0.3904
   85      0.3789      0.2747     -0.1170      0.3917
   86      0.3865      0.2734     -0.1195      0.3929
   87      0.3942      0.2716     -0.1222      0.3938
   88      0.4020      0.2698     -0.1249      0.3947
   89      0.4097      0.2678     -0.1277      0.3954
   90      0.4175      0.2654     -0.1306      0.3960
   91      0.4253      0.2631     -0.1335      0.3966
   92      0.4331      0.2602     -0.1366      0.3968
   93      0.4409      0.2573     -0.1398      0.3971
   94      0.4488      0.2540     -0.1431      0.3971
   95      0.4566      0.2505     -0.1465      0.3970
   96      0.4645      0.2469     -0.1499      0.3968
   97      0.4724      0.2428     -0.1535      0.3963
   98      0.4803      0.2387     -0.1571      0.3958
   99      0.4882      0.2341     -0.1608      0.3950
  100      0.4961      0.2295     -0.1646      0.3941
  101      0.5039      0.2245     -0.1685      0.3931
  102      0.5118      0.2193     -0.1726      0.3919
  103      0.5197      0.2140     -0.1767      0.3907
  104      0.5276      0.2082     -0.1810      0.3892
  105      0.5355      0.2024     -0.1854      0.3877
  106      0.5434      0.1961     -0.1898      0.3859
  107      0.5512      0.1894     -0.1944      0.3838
  108      0.5591      0.1826     -0.1990      0.3816
  109      0.5669      0.1753     -0.2038      0.3791
  110      0.5747      0.1680     -0.2086      0.3766
  111      0.5825      0.1603     -0.2136      0.3738
  112      0.5903      0.1523     -0.2186      0.3710
  113      0.5980      0.1443     -0.2238      0.3680
  114      0.6058      0.1357     -0.2292      0.3649
  115      0.6135      0.1272     -0.2346      0.3618
  116      0.6211      0.1180     -0.2403      0.3583
  117      0.6288      0.1087     -0.2459      0.3547
  118      0.6364      0.0993     -0.2517      0.3509
  119      0.6440      0.0892     -0.2576      0.3469
  120      0.6515      0.0793     -0.2635      0.3428
  121      0.6590      0.0688     -0.2697      0.3385
  122      0.6665      0.0582     -0.2759      0.3342
  123      0.6739      0.0476     -0.2822      0.3298
  124      0.6813      0.0364     -0.2889      0.3253
  125      0.6886      0.0253     -0.2955      0.3207
  126      0.6959      0.0138     -0.3022      0.3160
  127      0.7031      0.0021     -0.3091      0.3112
  128      0.7103     -0.0096     -0.3160      0.3064
  129      0.7174     -0.0218     -0.3231      0.3013
  130      0.7245     -0.0340     -0.3303      0.2963
  131      0.7316     -0.0462     -0.3375      0.2912
  132      0.7385     -0.0589     -0.3450      0.2861
  133      0.7454     -0.0715     -0.3524      0.2810
  134      0.7523     -0.0842     -0.3600      0.2758
  135      0.7591     -0.0971     -0.3677      0.2707
  136      0.7658     -0.1098     -0.3754      0.2656
  137      0.7724     -0.1228     -0.3833      0.2604
  138      0.7790     -0.1359     -0.3912      0.2554
  139      0.7855     -0.1488     -0.3991      0.2503
  140      0.7920     -0.1620     -0.4071      0.2451
  141      0.7983     -0.1752     -0.4150      0.2398
  142      0.8046     -0.1882     -0.4228      0.2346
  143      0.8109     -0.2015     -0.4310      0.2295
  144      0.8170     -0.2147     -0.4393      0.2246
  145      0.8231     -0.2278     -0.4475      0.2197
  146      0.8291     -0.2409     -0.4557      0.2149
  147      0.8350     -0.2538     -0.4639      0.2101
  148      0.8408     -0.2666     -0.4719      0.2054
  149      0.8465     -0.2793     -0.4800      0.2007
  150      0.8522     -0.2920     -0.4879      0.1960
  151      0.8577     -0.3045     -0.4958      0.1913
  152      0.8632     -0.3168     -0.5036      0.1868
  153      0.8686     -0.3292     -0.5114      0.1822
  154      0.8739     -0.3415     -0.5191      0.1776
  155      0.8790     -0.3535     -0.5266      0.1732
  156      0.8841     -0.3653     -0.5341      0.1687
  157      0.8892     -0.3771     -0.5414      0.1643
  158      0.8941     -0.3886     -0.5485      0.1599
  159      0.8989     -0.4000     -0.5555      0.1556
  160      0.9036     -0.4111     -0.5624      0.1514
  161      0.9082     -0.4220     -0.5692      0.1472
  162      0.9127     -0.4327     -0.5759      0.1431
  163      0.9171     -0.4432     -0.5824      0.1392
  164      0.9214     -0.4535     -0.5887      0.1352
  165      0.9256     -0.4639     -0.5948      0.1309
  166      0.9297     -0.4740     -0.6008      0.1268
  167      0.9337     -0.4839     -0.6066      0.1227
  168      0.9375     -0.4935     -0.6123      0.1188
  169      0.9413     -0.5024     -0.6178      0.1154
  170      0.9450     -0.5110     -0.6231      0.1121
  171      0.9485     -0.5192     -0.6283      0.1090
  172      0.9519     -0.5281     -0.6333      0.1052
  173      0.9553     -0.5368     -0.6381      0.1013
  174      0.9585     -0.5450     -0.6428      0.0977
  175      0.9616     -0.5522     -0.6472      0.0950
  176      0.9645     -0.5591     -0.6516      0.0925
  177      0.9674     -0.5657     -0.6557      0.0900
  178      0.9701     -0.5723     -0.6593      0.0870
  179      0.9728     -0.5789     -0.6616      0.0827
  180      0.9753     -0.5851     -0.6630      0.0779
  181      0.9777     -0.5910     -0.6639      0.0729
  182      0.9799     -0.5971     -0.6644      0.0673
  183      0.9821     -0.6030     -0.6646      0.0616
  184      0.9841     -0.6085     -0.6645      0.0560
  185      0.9860     -0.6138     -0.6642      0.0504
  186      0.9878     -0.6184     -0.6636      0.0452
  187      0.9895     -0.6222     -0.6623      0.0400
  188      0.9911     -0.6258     -0.6618      0.0360
  189      0.9925     -0.6291     -0.6611      0.0321
  190      0.9938     -0.6321     -0.6601      0.0280
  191      0.9950     -0.6348     -0.6588      0.0240
  192      0.9960     -0.6372     -0.6575      0.0203
  193      0.9970     -0.6393     -0.6560      0.0167
  194      0.9978     -0.6412     -0.6544      0.0132
  195      0.9984     -0.6432     -0.6525      0.0093
  196      0.9990     -0.6459     -0.6516      0.0058
  197      0.9994     -0.6469     -0.6509      0.0041
  198      0.9998     -0.6476     -0.6504      0.0029
  199      0.9999     -0.6480     -0.6488      0.0009
  200      1.0000     -0.6481     -0.6481      0.0000
 GRID EXPANSION RATIO UP=    1.17411 DOWN =    1.05711
  AXIAL,TANGENTIAL AND RADIAL COORDINATES ON THE STREAM
  SURFACE BEFORE TRANSFORMING TO R-THETA COORDINATES 
 J, XGRID,YGRID,RGRID            1   3.33231911E-02  -1.04818167E-02  0.324404836    
 J, XGRID,YGRID,RGRID            2   3.55345607E-02  -8.87669902E-03  0.324539393    
 J, XGRID,YGRID,RGRID            3   3.74365672E-02  -7.50960596E-03  0.324499547    
 J, XGRID,YGRID,RGRID            4   3.90566401E-02  -6.34524180E-03  0.324442536    
 J, XGRID,YGRID,RGRID            5   4.04362343E-02  -5.35354251E-03  0.324378580    
 J, XGRID,YGRID,RGRID            6   4.16108333E-02  -4.50890418E-03  0.324313611    
 J, XGRID,YGRID,RGRID            7   4.26100977E-02  -3.78951873E-03  0.324250311    
 J, XGRID,YGRID,RGRID            8   4.34608981E-02  -3.17681185E-03  0.324191570    
 J, XGRID,YGRID,RGRID            9   4.41853628E-02  -2.65496434E-03  0.324138463    
 J, XGRID,YGRID,RGRID           10   4.48022708E-02  -2.21050205E-03  0.324091017    
 J, XGRID,YGRID,RGRID           11   4.53276187E-02  -1.83195004E-03  0.324049145    
 J, XGRID,YGRID,RGRID           12   4.57750037E-02  -1.50953396E-03  0.324012518    
 J, XGRID,YGRID,RGRID           13   4.61560041E-02  -1.23492954E-03  0.323980600    
 J, XGRID,YGRID,RGRID           14   4.64804806E-02  -1.00104662E-03  0.323952943    
 J, XGRID,YGRID,RGRID           15   4.67568189E-02  -8.01846501E-04  0.323929071    
 J, XGRID,YGRID,RGRID           16   4.69921716E-02  -6.32186071E-04  0.323908508    
 J, XGRID,YGRID,RGRID           17   4.71926071E-02  -4.87684854E-04  0.323890805    
 J, XGRID,YGRID,RGRID           18   4.73633185E-02  -3.64611915E-04  0.323875666    
 J, XGRID,YGRID,RGRID           19   4.75087129E-02  -2.59789667E-04  0.323862642    
 J, XGRID,YGRID,RGRID           20   4.76325378E-02  -1.70511674E-04  0.323851496    
 J, XGRID,YGRID,RGRID           21   4.77380008E-02  -9.44728527E-05  0.323841989    
 J, XGRID,YGRID,RGRID           22   4.78435941E-02   7.33397028E-04  0.323834568    
 J, XGRID,YGRID,RGRID           23   4.79540043E-02   1.14265445E-03  0.323826849    
 J, XGRID,YGRID,RGRID           24   4.80696745E-02   1.45153480E-03  0.323818803    
 J, XGRID,YGRID,RGRID           25   4.81910482E-02   1.69577124E-03  0.323810369    
 J, XGRID,YGRID,RGRID           26   4.83185649E-02   1.95050542E-03  0.323801547    
 J, XGRID,YGRID,RGRID           27   4.84526791E-02   2.21839896E-03  0.323792309    
 J, XGRID,YGRID,RGRID           28   4.85938191E-02   2.50033848E-03  0.323782593    
 J, XGRID,YGRID,RGRID           29   4.87424359E-02   2.79722782E-03  0.323772430    
 J, XGRID,YGRID,RGRID           30   4.88989763E-02   3.08261346E-03  0.323761702    
 J, XGRID,YGRID,RGRID           31   4.90638800E-02   3.31369787E-03  0.323750466    
 J, XGRID,YGRID,RGRID           32   4.92376052E-02   3.56036169E-03  0.323738754    
 J, XGRID,YGRID,RGRID           33   4.94205728E-02   3.82016087E-03  0.323726386    
 J, XGRID,YGRID,RGRID           34   4.96132448E-02   4.09068028E-03  0.323713481    
 J, XGRID,YGRID,RGRID           35   4.98160645E-02   4.32362454E-03  0.323699921    
 J, XGRID,YGRID,RGRID           36   5.00293598E-02   4.56106989E-03  0.323685676    
 J, XGRID,YGRID,RGRID           37   5.02531976E-02   4.81024198E-03  0.323670894    
 J, XGRID,YGRID,RGRID           38   5.04881069E-02   5.05658053E-03  0.323655456    
 J, XGRID,YGRID,RGRID           39   5.07346578E-02   5.28228516E-03  0.323639303    
 J, XGRID,YGRID,RGRID           40   5.09934947E-02   5.51941525E-03  0.323622406    
 J, XGRID,YGRID,RGRID           41   5.12653552E-02   5.75748179E-03  0.323604763    
 J, XGRID,YGRID,RGRID           42   5.15509993E-02   5.96905593E-03  0.323586345    
 J, XGRID,YGRID,RGRID           43   5.18511459E-02   6.19190885E-03  0.323567152    
 J, XGRID,YGRID,RGRID           44   5.21663167E-02   6.42464869E-03  0.323547065    
 J, XGRID,YGRID,RGRID           45   5.24976216E-02   6.64020050E-03  0.323526025    
 J, XGRID,YGRID,RGRID           46   5.28462119E-02   6.84668124E-03  0.323504120    
 J, XGRID,YGRID,RGRID           47   5.32134101E-02   7.03931367E-03  0.323481143    
 J, XGRID,YGRID,RGRID           48   5.36006615E-02   7.22713117E-03  0.323457062    
 J, XGRID,YGRID,RGRID           49   5.40095419E-02   7.40640890E-03  0.323431760    
 J, XGRID,YGRID,RGRID           50   5.44449911E-02   7.56879570E-03  0.323405027    
 J, XGRID,YGRID,RGRID           51   5.49132973E-02   7.71606807E-03  0.323376358    
 J, XGRID,YGRID,RGRID           52   5.54149672E-02   7.84638338E-03  0.323345840    
 J, XGRID,YGRID,RGRID           53   5.59496358E-02   7.95067102E-03  0.323313534    
 J, XGRID,YGRID,RGRID           54   5.65160029E-02   8.02320428E-03  0.323279530    
 J, XGRID,YGRID,RGRID           55   5.71118817E-02   8.05919059E-03  0.323243827    
 J, XGRID,YGRID,RGRID           56   5.77341765E-02   8.05153698E-03  0.323206753    
 J, XGRID,YGRID,RGRID           57   5.83728179E-02   7.99048692E-03  0.323168755    
 J, XGRID,YGRID,RGRID           58   5.90175912E-02   7.87986815E-03  0.323130578    
 J, XGRID,YGRID,RGRID           59   5.96650019E-02   7.71451509E-03  0.323092252    
 J, XGRID,YGRID,RGRID           60   6.03122152E-02   7.49860751E-03  0.323053837    
 J, XGRID,YGRID,RGRID           61   6.09570667E-02   7.22869951E-03  0.323015690    
 J, XGRID,YGRID,RGRID           62   6.15979731E-02   6.90541416E-03  0.322977453    
 J, XGRID,YGRID,RGRID           63   6.22340515E-02   6.52655400E-03  0.322939515    
 J, XGRID,YGRID,RGRID           64   6.28696233E-02   6.09524967E-03  0.322901487    
 J, XGRID,YGRID,RGRID           65   6.35074973E-02   5.59943449E-03  0.322863072    
 J, XGRID,YGRID,RGRID           66   6.41471967E-02   5.02901943E-03  0.322824299    
 J, XGRID,YGRID,RGRID           67   6.47878423E-02   4.39479994E-03  0.322785139    
 J, XGRID,YGRID,RGRID           68   6.54283017E-02   3.69886775E-03  0.322745711    
 J, XGRID,YGRID,RGRID           69   6.60670921E-02   2.92307977E-03  0.322706014    
 J, XGRID,YGRID,RGRID           70   6.67023882E-02   2.07434036E-03  0.322666049    
 J, XGRID,YGRID,RGRID           71   6.73285574E-02   1.16792740E-03  0.322626263    
 J, XGRID,YGRID,RGRID           72   6.79420680E-02   2.10454164E-04  0.322586864    
 J, XGRID,YGRID,RGRID           73   6.85412288E-02  -7.90577789E-04  0.322547942    
 J, XGRID,YGRID,RGRID           74   6.91247135E-02  -1.82772579E-03  0.322509438    
 J, XGRID,YGRID,RGRID           75   6.96914941E-02  -2.88811186E-03  0.322471678    
 J, XGRID,YGRID,RGRID           76   7.02408478E-02  -3.96165857E-03  0.322434545    
 J, XGRID,YGRID,RGRID           77   7.07723945E-02  -5.04528638E-03  0.322398216    
 J, XGRID,YGRID,RGRID           78   7.12881088E-02  -6.13965327E-03  0.322362423    
 J, XGRID,YGRID,RGRID           79   7.17884451E-02  -7.23015890E-03  0.322327197    
 J, XGRID,YGRID,RGRID           80   7.22734779E-02  -8.30655359E-03  0.322292715    
 J, XGRID,YGRID,RGRID           81   7.27431551E-02  -9.37127508E-03  0.322258741    
 J, XGRID,YGRID,RGRID           82   7.31974989E-02  -1.04258237E-02  0.322225571    
 J, XGRID,YGRID,RGRID           83   7.36365095E-02  -1.14601981E-02  0.322193027    
 J, XGRID,YGRID,RGRID           84   7.40602016E-02  -1.24669960E-02  0.322161227    
 J, XGRID,YGRID,RGRID           85   7.44685531E-02  -1.34568308E-02  0.322130203    
 J, XGRID,YGRID,RGRID           86   7.48615861E-02  -1.44265145E-02  0.322099954    
 J, XGRID,YGRID,RGRID           87   7.52393082E-02  -1.53443730E-02  0.322070569    
 J, XGRID,YGRID,RGRID           88   7.56016970E-02  -1.62310861E-02  0.322042078    
 J, XGRID,YGRID,RGRID           89   7.59487674E-02  -1.70796830E-02  0.322014451    
 J, XGRID,YGRID,RGRID           90   7.62805417E-02  -1.79634057E-02  0.321987718    
 J, XGRID,YGRID,RGRID           91   7.65969828E-02  -1.87436268E-02  0.321961969    
 J, XGRID,YGRID,RGRID           92   7.69142434E-02  -1.92721710E-02  0.321939945    
 J, XGRID,YGRID,RGRID           93   7.72495642E-02  -1.98308621E-02  0.321916193    
 J, XGRID,YGRID,RGRID           94   7.76039585E-02  -2.04214603E-02  0.321890593    
 J, XGRID,YGRID,RGRID           95   7.79785216E-02  -2.10457873E-02  0.321862876    
 J, XGRID,YGRID,RGRID           96   7.83743933E-02  -2.17057709E-02  0.321832985    
 J, XGRID,YGRID,RGRID           97   7.87927881E-02  -2.24034488E-02  0.321800619    
 J, XGRID,YGRID,RGRID           98   7.92349502E-02  -2.31409725E-02  0.321765423    
 J, XGRID,YGRID,RGRID           99   7.97022358E-02  -2.39206161E-02  0.321727246    
 J, XGRID,YGRID,RGRID          100   8.01960453E-02  -2.47447882E-02  0.321685702    
 J, XGRID,YGRID,RGRID          101   8.07178915E-02  -2.56160293E-02  0.321640342    
 J, XGRID,YGRID,RGRID          102   8.12693238E-02  -2.65370309E-02  0.321590841    
 J, XGRID,YGRID,RGRID          103   8.18520114E-02  -2.75106318E-02  0.321536571    
 J, XGRID,YGRID,RGRID          104   8.24676603E-02  -2.85398364E-02  0.321477115    
 J, XGRID,YGRID,RGRID          105   8.31181407E-02  -2.96278205E-02  0.321411699    
 J, XGRID,YGRID,RGRID          106   8.38053972E-02  -3.07779424E-02  0.321339548    

  THE BLADE CENTROID ON THE X-Y SURFACE IS AT X, Y=    0.06124  -0.00111


  THE J VALUE OF THE CENTROID IS J =           62

  THE CENTROID ON THE STREAM SURFACE IS AT   6.12384640E-02   0.00000000    
  THE HUB SECTION CENTROID IS AT   6.12384640E-02   0.00000000    

  AXIAL & RADIAL COORDINATES ON THE SS AFTER STACKING 
  J  , XGRID,RGRID            1   3.33231911E-02  0.324404836    
  J  , XGRID,RGRID            2   3.55345607E-02  0.324539393    
  J  , XGRID,RGRID            3   3.74365672E-02  0.324499547    
  J  , XGRID,RGRID            4   3.90566401E-02  0.324442536    
  J  , XGRID,RGRID            5   4.04362343E-02  0.324378580    
  J  , XGRID,RGRID            6   4.16108333E-02  0.324313611    
  J  , XGRID,RGRID            7   4.26100977E-02  0.324250311    
  J  , XGRID,RGRID            8   4.34608981E-02  0.324191570    
  J  , XGRID,RGRID            9   4.41853628E-02  0.324138463    
  J  , XGRID,RGRID           10   4.48022708E-02  0.324091017    
  J  , XGRID,RGRID           11   4.53276187E-02  0.324049145    
  J  , XGRID,RGRID           12   4.57750037E-02  0.324012518    
  J  , XGRID,RGRID           13   4.61560041E-02  0.323980600    
  J  , XGRID,RGRID           14   4.64804806E-02  0.323952943    
  J  , XGRID,RGRID           15   4.67568189E-02  0.323929071    
  J  , XGRID,RGRID           16   4.69921716E-02  0.323908508    
  J  , XGRID,RGRID           17   4.71926071E-02  0.323890805    
  J  , XGRID,RGRID           18   4.73633185E-02  0.323875666    
  J  , XGRID,RGRID           19   4.75087129E-02  0.323862642    
  J  , XGRID,RGRID           20   4.76325378E-02  0.323851496    
  J  , XGRID,RGRID           21   4.77380008E-02  0.323841989    
  J  , XGRID,RGRID           22   4.78435941E-02  0.323834568    
  J  , XGRID,RGRID           23   4.79540043E-02  0.323826849    
  J  , XGRID,RGRID           24   4.80696745E-02  0.323818803    
  J  , XGRID,RGRID           25   4.81910482E-02  0.323810369    
  J  , XGRID,RGRID           26   4.83185649E-02  0.323801547    
  J  , XGRID,RGRID           27   4.84526791E-02  0.323792309    
  J  , XGRID,RGRID           28   4.85938191E-02  0.323782593    
  J  , XGRID,RGRID           29   4.87424359E-02  0.323772430    
  J  , XGRID,RGRID           30   4.88989763E-02  0.323761702    
  J  , XGRID,RGRID           31   4.90638800E-02  0.323750466    
  J  , XGRID,RGRID           32   4.92376052E-02  0.323738754    
  J  , XGRID,RGRID           33   4.94205728E-02  0.323726386    
  J  , XGRID,RGRID           34   4.96132448E-02  0.323713481    
  J  , XGRID,RGRID           35   4.98160645E-02  0.323699921    
  J  , XGRID,RGRID           36   5.00293598E-02  0.323685676    
  J  , XGRID,RGRID           37   5.02531976E-02  0.323670894    
  J  , XGRID,RGRID           38   5.04881069E-02  0.323655456    
  J  , XGRID,RGRID           39   5.07346578E-02  0.323639303    
  J  , XGRID,RGRID           40   5.09934947E-02  0.323622406    
  J  , XGRID,RGRID           41   5.12653552E-02  0.323604763    
  J  , XGRID,RGRID           42   5.15509993E-02  0.323586345    
  J  , XGRID,RGRID           43   5.18511459E-02  0.323567152    
  J  , XGRID,RGRID           44   5.21663167E-02  0.323547065    
  J  , XGRID,RGRID           45   5.24976216E-02  0.323526025    
  J  , XGRID,RGRID           46   5.28462119E-02  0.323504120    
  J  , XGRID,RGRID           47   5.32134101E-02  0.323481143    
  J  , XGRID,RGRID           48   5.36006615E-02  0.323457062    
  J  , XGRID,RGRID           49   5.40095419E-02  0.323431760    
  J  , XGRID,RGRID           50   5.44449911E-02  0.323405027    
  J  , XGRID,RGRID           51   5.49132973E-02  0.323376358    
  J  , XGRID,RGRID           52   5.54149672E-02  0.323345840    
  J  , XGRID,RGRID           53   5.59496358E-02  0.323313534    
  J  , XGRID,RGRID           54   5.65160029E-02  0.323279530    
  J  , XGRID,RGRID           55   5.71118817E-02  0.323243827    
  J  , XGRID,RGRID           56   5.77341765E-02  0.323206753    
  J  , XGRID,RGRID           57   5.83728179E-02  0.323168755    
  J  , XGRID,RGRID           58   5.90175912E-02  0.323130578    
  J  , XGRID,RGRID           59   5.96650019E-02  0.323092252    
  J  , XGRID,RGRID           60   6.03122152E-02  0.323053837    
  J  , XGRID,RGRID           61   6.09570667E-02  0.323015690    
  J  , XGRID,RGRID           62   6.15979731E-02  0.322977453    
  J  , XGRID,RGRID           63   6.22340515E-02  0.322939515    
  J  , XGRID,RGRID           64   6.28696233E-02  0.322901487    
  J  , XGRID,RGRID           65   6.35074973E-02  0.322863072    
  J  , XGRID,RGRID           66   6.41471967E-02  0.322824299    
  J  , XGRID,RGRID           67   6.47878423E-02  0.322785139    
  J  , XGRID,RGRID           68   6.54283017E-02  0.322745711    
  J  , XGRID,RGRID           69   6.60670921E-02  0.322706014    
  J  , XGRID,RGRID           70   6.67023882E-02  0.322666049    
  J  , XGRID,RGRID           71   6.73285574E-02  0.322626263    
  J  , XGRID,RGRID           72   6.79420680E-02  0.322586864    
  J  , XGRID,RGRID           73   6.85412288E-02  0.322547942    
  J  , XGRID,RGRID           74   6.91247135E-02  0.322509438    
  J  , XGRID,RGRID           75   6.96914941E-02  0.322471678    
  J  , XGRID,RGRID           76   7.02408478E-02  0.322434545    
  J  , XGRID,RGRID           77   7.07723945E-02  0.322398216    
  J  , XGRID,RGRID           78   7.12881088E-02  0.322362423    
  J  , XGRID,RGRID           79   7.17884451E-02  0.322327197    
  J  , XGRID,RGRID           80   7.22734779E-02  0.322292715    
  J  , XGRID,RGRID           81   7.27431551E-02  0.322258741    
  J  , XGRID,RGRID           82   7.31974989E-02  0.322225571    
  J  , XGRID,RGRID           83   7.36365095E-02  0.322193027    
  J  , XGRID,RGRID           84   7.40602016E-02  0.322161227    
  J  , XGRID,RGRID           85   7.44685531E-02  0.322130203    
  J  , XGRID,RGRID           86   7.48615861E-02  0.322099954    
  J  , XGRID,RGRID           87   7.52393082E-02  0.322070569    
  J  , XGRID,RGRID           88   7.56016970E-02  0.322042078    
  J  , XGRID,RGRID           89   7.59487674E-02  0.322014451    
  J  , XGRID,RGRID           90   7.62805417E-02  0.321987718    
  J  , XGRID,RGRID           91   7.65969828E-02  0.321961969    
  J  , XGRID,RGRID           92   7.69142434E-02  0.321939945    
  J  , XGRID,RGRID           93   7.72495642E-02  0.321916193    
  J  , XGRID,RGRID           94   7.76039585E-02  0.321890593    
  J  , XGRID,RGRID           95   7.79785216E-02  0.321862876    
  J  , XGRID,RGRID           96   7.83743933E-02  0.321832985    
  J  , XGRID,RGRID           97   7.87927881E-02  0.321800619    
  J  , XGRID,RGRID           98   7.92349502E-02  0.321765423    
  J  , XGRID,RGRID           99   7.97022358E-02  0.321727246    
  J  , XGRID,RGRID          100   8.01960453E-02  0.321685702    
  J  , XGRID,RGRID          101   8.07178915E-02  0.321640342    
  J  , XGRID,RGRID          102   8.12693238E-02  0.321590841    
  J  , XGRID,RGRID          103   8.18520114E-02  0.321536571    
  J  , XGRID,RGRID          104   8.24676603E-02  0.321477115    
  J  , XGRID,RGRID          105   8.31181407E-02  0.321411699    
  J  , XGRID,RGRID          106   8.38053972E-02  0.321339548    
  REARRANGED AND SCALED INPUT BLADE SECTION 
  N     XSURF       YSURF 
    1       0.01795  -0.05107
    2       0.00874  -0.03896
    3       0.00327  -0.02634
    4       0.00069  -0.01330
    5       0.00000   0.00000
    6       0.00006   0.00261
    7       0.00072   0.00521
    8       0.00039   0.00785
    9       0.00071   0.01049
   10       0.00100   0.01313
   11       0.00140   0.01578
   12       0.00185   0.01845
   13       0.00237   0.02112
   14       0.00295   0.02380
   15       0.00359   0.02649
   16       0.00430   0.02918
   17       0.00507   0.03189
   18       0.00590   0.03461
   19       0.03446   0.09640
   20       0.06301   0.13491
   21       0.09156   0.16297
   22       0.12012   0.18501
   23       0.14626   0.19779
   24       0.15825   0.20755
   25       0.17741   0.21652
   26       0.19638   0.22384
   27       0.21545   0.22951
   28       0.23452   0.23351
   29       0.25359   0.23660
   30       0.27265   0.23762
   31       0.29172   0.23865
   32       0.31079   0.23770
   33       0.32986   0.23555
   34       0.34892   0.23210
   35       0.36799   0.22733
   36       0.38706   0.22132
   37       0.40612   0.21398
   38       0.42519   0.20519
   39       0.44426   0.19507
   40       0.46333   0.18359
   41       0.48239   0.17077
   42       0.50146   0.15661
   43       0.52053   0.14048
   44       0.53960   0.12281
   45       0.55866   0.10360
   46       0.57773   0.08286
   47       0.59680   0.06051
   48       0.61586   0.03626
   49       0.63493   0.01034
   50       0.65400  -0.01726
   51       0.67307  -0.04654
   52       0.69213  -0.07751
   53       0.71120  -0.11016
   54       0.73027  -0.14450
   55       0.74934  -0.18051
   56       0.76840  -0.21805
   57       0.78747  -0.25707
   58       0.80654  -0.29768
   59       0.82560  -0.33987
   60       0.84467  -0.38332
   61       0.86374  -0.42789
   62       0.88281  -0.47379
   63       0.90187  -0.52056
   64       0.92094  -0.56839
   65       0.94001  -0.61782
   66       0.94984  -0.64407
   67       0.95967  -0.67007
   68       0.96951  -0.69634
   69       0.97934  -0.72275
   70       0.98917  -0.74939
   71       0.99900  -0.77626
   72       0.99962  -0.77785
   73       0.99996  -0.77881
   74       1.00000  -0.78279
   75       0.99975  -0.78499
   76       0.99922  -0.78714
   77       0.99840  -0.78920
   78       0.99732  -0.79114
   79       0.99600  -0.79291
   80       0.99445  -0.79450
   81       0.99271  -0.79587
   82       0.99081  -0.79700
   83       0.98877  -0.79787
   84       0.98663  -0.79846
   85       0.98444  -0.79877
   86       0.98223  -0.79878
   87       0.98003  -0.79846
   88       0.97788  -0.79794
   89       0.97583  -0.79710
   90       0.97391  -0.79600
   91       0.97215  -0.79466
   92       0.97059  -0.79309
   93       0.96924  -0.79133
   94       0.96437  -0.78420
   95       0.95950  -0.77705
   96       0.95462  -0.76989
   97       0.94975  -0.76272
   98       0.94488  -0.75553
   99       0.94001  -0.74833
  100       0.92094  -0.72000
  101       0.90187  -0.69085
  102       0.88281  -0.66183
  103       0.86374  -0.63309
  104       0.84467  -0.60445
  105       0.82560  -0.57545
  106       0.80654  -0.54713
  107       0.78747  -0.51947
  108       0.76840  -0.49249
  109       0.74934  -0.46600
  110       0.73027  -0.44007
  111       0.71120  -0.41487
  112       0.69213  -0.39061
  113       0.67307  -0.36718
  114       0.65400  -0.34464
  115       0.63493  -0.32293
  116       0.61586  -0.30212
  117       0.59680  -0.28221
  118       0.57773  -0.26320
  119       0.55866  -0.24510
  120       0.53960  -0.22794
  121       0.52053  -0.21169
  122       0.50146  -0.19631
  123       0.48239  -0.18178
  124       0.46333  -0.16810
  125       0.44426  -0.15532
  126       0.42519  -0.14340
  127       0.40612  -0.13229
  128       0.38706  -0.12199
  129       0.36799  -0.11250
  130       0.34892  -0.10382
  131       0.32986  -0.09596
  132       0.31079  -0.08891
  133       0.29172  -0.08268
  134       0.27265  -0.07717
  135       0.25359  -0.07255
  136       0.23452  -0.06881
  137       0.21545  -0.06601
  138       0.19638  -0.06413
  139       0.17724  -0.06303
  140       0.15825  -0.06287
  141       0.13918  -0.06400
  142       0.12012  -0.06472
  143       0.10669  -0.06570
  144       0.09354  -0.06669
  145       0.08056  -0.06740
  146       0.06643  -0.06736
  147       0.06324  -0.06740
  148       0.06009  -0.06733
  149       0.05698  -0.06714
  150       0.05391  -0.06683
  151       0.05088  -0.06640
  152       0.04790  -0.06584
  153       0.04494  -0.06519
  154       0.04201  -0.06448
  155       0.03912  -0.06361
  156       0.03630  -0.06258
  157       0.03352  -0.06140
  158       0.03079  -0.06007
  159       0.02812  -0.05858
  160       0.02550  -0.05693
  161       0.02293  -0.05519
  162       0.02041  -0.05318
  COORDINATES GOING ROUND THE BLADE AFTER ANY ROTATION
     N        XSURF        YSURF 
         1     0.01795    -0.05107
         2     0.00874    -0.03896
         3     0.00327    -0.02634
         4     0.00069    -0.01330
         5     0.00000     0.00000
         6     0.00006     0.00261
         7     0.00072     0.00521
         8     0.00039     0.00785
         9     0.00071     0.01049
        10     0.00100     0.01313
        11     0.00140     0.01578
        12     0.00185     0.01845
        13     0.00237     0.02112
        14     0.00295     0.02380
        15     0.00359     0.02649
        16     0.00430     0.02918
        17     0.00507     0.03189
        18     0.00590     0.03461
        19     0.03446     0.09640
        20     0.06301     0.13491
        21     0.09156     0.16297
        22     0.12012     0.18501
        23     0.14626     0.19779
        24     0.15825     0.20755
        25     0.17741     0.21652
        26     0.19638     0.22384
        27     0.21545     0.22951
        28     0.23452     0.23351
        29     0.25359     0.23660
        30     0.27265     0.23762
        31     0.29172     0.23865
        32     0.31079     0.23770
        33     0.32986     0.23555
        34     0.34892     0.23210
        35     0.36799     0.22733
        36     0.38706     0.22132
        37     0.40612     0.21398
        38     0.42519     0.20519
        39     0.44426     0.19507
        40     0.46333     0.18359
        41     0.48239     0.17077
        42     0.50146     0.15661
        43     0.52053     0.14048
        44     0.53960     0.12281
        45     0.55866     0.10360
        46     0.57773     0.08286
        47     0.59680     0.06051
        48     0.61586     0.03626
        49     0.63493     0.01034
        50     0.65400    -0.01726
        51     0.67307    -0.04654
        52     0.69213    -0.07751
        53     0.71120    -0.11016
        54     0.73027    -0.14450
        55     0.74934    -0.18051
        56     0.76840    -0.21805
        57     0.78747    -0.25707
        58     0.80654    -0.29768
        59     0.82560    -0.33987
        60     0.84467    -0.38332
        61     0.86374    -0.42789
        62     0.88281    -0.47379
        63     0.90187    -0.52056
        64     0.92094    -0.56839
        65     0.94001    -0.61782
        66     0.94984    -0.64407
        67     0.95967    -0.67007
        68     0.96951    -0.69634
        69     0.97934    -0.72275
        70     0.98917    -0.74939
        71     0.99900    -0.77626
        72     0.99962    -0.77785
        73     0.99996    -0.77881
        74     1.00000    -0.78279
        75     0.99975    -0.78499
        76     0.99922    -0.78714
        77     0.99840    -0.78920
        78     0.99732    -0.79114
        79     0.99600    -0.79291
        80     0.99445    -0.79450
        81     0.99271    -0.79587
        82     0.99081    -0.79700
        83     0.98877    -0.79787
        84     0.98663    -0.79846
        85     0.98444    -0.79877
        86     0.98223    -0.79878
        87     0.98003    -0.79846
        88     0.97788    -0.79794
        89     0.97583    -0.79710
        90     0.97391    -0.79600
        91     0.97215    -0.79466
        92     0.97059    -0.79309
        93     0.96924    -0.79133
        94     0.96437    -0.78420
        95     0.95950    -0.77705
        96     0.95462    -0.76989
        97     0.94975    -0.76272
        98     0.94488    -0.75553
        99     0.94001    -0.74833
       100     0.92094    -0.72000
       101     0.90187    -0.69085
       102     0.88281    -0.66183
       103     0.86374    -0.63309
       104     0.84467    -0.60445
       105     0.82560    -0.57545
       106     0.80654    -0.54713
       107     0.78747    -0.51947
       108     0.76840    -0.49249
       109     0.74934    -0.46600
       110     0.73027    -0.44007
       111     0.71120    -0.41487
       112     0.69213    -0.39061
       113     0.67307    -0.36718
       114     0.65400    -0.34464
       115     0.63493    -0.32293
       116     0.61586    -0.30212
       117     0.59680    -0.28221
       118     0.57773    -0.26320
       119     0.55866    -0.24510
       120     0.53960    -0.22794
       121     0.52053    -0.21169
       122     0.50146    -0.19631
       123     0.48239    -0.18178
       124     0.46333    -0.16810
       125     0.44426    -0.15532
       126     0.42519    -0.14340
       127     0.40612    -0.13229
       128     0.38706    -0.12199
       129     0.36799    -0.11250
       130     0.34892    -0.10382
       131     0.32986    -0.09596
       132     0.31079    -0.08891
       133     0.29172    -0.08268
       134     0.27265    -0.07717
       135     0.25359    -0.07255
       136     0.23452    -0.06881
       137     0.21545    -0.06601
       138     0.19638    -0.06413
       139     0.17724    -0.06303
       140     0.15825    -0.06287
       141     0.13918    -0.06400
       142     0.12012    -0.06472
       143     0.10669    -0.06570
       144     0.09354    -0.06669
       145     0.08056    -0.06740
       146     0.06643    -0.06736
       147     0.06324    -0.06740
       148     0.06009    -0.06733
       149     0.05698    -0.06714
       150     0.05391    -0.06683
       151     0.05088    -0.06640
       152     0.04790    -0.06584
       153     0.04494    -0.06519
       154     0.04201    -0.06448
       155     0.03912    -0.06361
       156     0.03630    -0.06258
       157     0.03352    -0.06140
       158     0.03079    -0.06007
       159     0.02812    -0.05858
       160     0.02550    -0.05693
       161     0.02293    -0.05519
       162     0.02041    -0.05318
  LEADING EDGE POINT =            8  TE POINT =          74

  NO OF SUCT S POINTS          67  NO PRESS S POINTS          97
  XMIN,XMAX, XCHORD     3.90112575E-04   1.00000000      0.999609888    

   SUCTION SURFACE POINTS FROM LE TO TE.
         1     0.00039     0.00785
         2     0.00071     0.01049
         3     0.00100     0.01313
         4     0.00140     0.01578
         5     0.00185     0.01845
         6     0.00237     0.02112
         7     0.00295     0.02380
         8     0.00359     0.02649
         9     0.00430     0.02918
        10     0.00507     0.03189
        11     0.00590     0.03461
        12     0.03446     0.09640
        13     0.06301     0.13491
        14     0.09156     0.16297
        15     0.12012     0.18501
        16     0.14626     0.19779
        17     0.15825     0.20755
        18     0.17741     0.21652
        19     0.19638     0.22384
        20     0.21545     0.22951
        21     0.23452     0.23351
        22     0.25359     0.23660
        23     0.27265     0.23762
        24     0.29172     0.23865
        25     0.31079     0.23770
        26     0.32986     0.23555
        27     0.34892     0.23210
        28     0.36799     0.22733
        29     0.38706     0.22132
        30     0.40612     0.21398
        31     0.42519     0.20519
        32     0.44426     0.19507
        33     0.46333     0.18359
        34     0.48239     0.17077
        35     0.50146     0.15661
        36     0.52053     0.14048
        37     0.53960     0.12281
        38     0.55866     0.10360
        39     0.57773     0.08286
        40     0.59680     0.06051
        41     0.61586     0.03626
        42     0.63493     0.01034
        43     0.65400    -0.01726
        44     0.67307    -0.04654
        45     0.69213    -0.07751
        46     0.71120    -0.11016
        47     0.73027    -0.14450
        48     0.74934    -0.18051
        49     0.76840    -0.21805
        50     0.78747    -0.25707
        51     0.80654    -0.29768
        52     0.82560    -0.33987
        53     0.84467    -0.38332
        54     0.86374    -0.42789
        55     0.88281    -0.47379
        56     0.90187    -0.52056
        57     0.92094    -0.56839
        58     0.94001    -0.61782
        59     0.94984    -0.64407
        60     0.95967    -0.67007
        61     0.96951    -0.69634
        62     0.97934    -0.72275
        63     0.98917    -0.74939
        64     0.99900    -0.77626
        65     0.99962    -0.77785
        66     0.99996    -0.77881
        67     1.00000    -0.78279

   PRESSURE SURFACE POINTS FROM LE TO TE.
         1     0.00039     0.00785
         2     0.00072     0.00521
         3     0.00006     0.00261
         4     0.00000     0.00000
         5     0.00069    -0.01330
         6     0.00327    -0.02634
         7     0.00874    -0.03896
         8     0.01795    -0.05107
         9     0.02041    -0.05318
        10     0.02293    -0.05519
        11     0.02550    -0.05693
        12     0.02812    -0.05858
        13     0.03079    -0.06007
        14     0.03352    -0.06140
        15     0.03630    -0.06258
        16     0.03912    -0.06361
        17     0.04201    -0.06448
        18     0.04494    -0.06519
        19     0.04790    -0.06584
        20     0.05088    -0.06640
        21     0.05391    -0.06683
        22     0.05698    -0.06714
        23     0.06009    -0.06733
        24     0.06324    -0.06740
        25     0.06643    -0.06736
        26     0.08056    -0.06740
        27     0.09354    -0.06669
        28     0.10669    -0.06570
        29     0.12012    -0.06472
        30     0.13918    -0.06400
        31     0.15825    -0.06287
        32     0.17724    -0.06303
        33     0.19638    -0.06413
        34     0.21545    -0.06601
        35     0.23452    -0.06881
        36     0.25359    -0.07255
        37     0.27265    -0.07717
        38     0.29172    -0.08268
        39     0.31079    -0.08891
        40     0.32986    -0.09596
        41     0.34892    -0.10382
        42     0.36799    -0.11250
        43     0.38706    -0.12199
        44     0.40612    -0.13229
        45     0.42519    -0.14340
        46     0.44426    -0.15532
        47     0.46333    -0.16810
        48     0.48239    -0.18178
        49     0.50146    -0.19631
        50     0.52053    -0.21169
        51     0.53960    -0.22794
        52     0.55866    -0.24510
        53     0.57773    -0.26320
        54     0.59680    -0.28221
        55     0.61586    -0.30212
        56     0.63493    -0.32293
        57     0.65400    -0.34464
        58     0.67307    -0.36718
        59     0.69213    -0.39061
        60     0.71120    -0.41487
        61     0.73027    -0.44007
        62     0.74934    -0.46600
        63     0.76840    -0.49249
        64     0.78747    -0.51947
        65     0.80654    -0.54713
        66     0.82560    -0.57545
        67     0.84467    -0.60445
        68     0.86374    -0.63309
        69     0.88281    -0.66183
        70     0.90187    -0.69085
        71     0.92094    -0.72000
        72     0.94001    -0.74833
        73     0.94488    -0.75553
        74     0.94975    -0.76272
        75     0.95462    -0.76989
        76     0.95950    -0.77705
        77     0.96437    -0.78420
        78     0.96924    -0.79133
        79     0.97059    -0.79309
        80     0.97215    -0.79466
        81     0.97391    -0.79600
        82     0.97583    -0.79710
        83     0.97788    -0.79794
        84     0.98003    -0.79846
        85     0.98223    -0.79878
        86     0.98444    -0.79877
        87     0.98663    -0.79846
        88     0.98877    -0.79787
        89     0.99081    -0.79700
        90     0.99271    -0.79587
        91     0.99445    -0.79450
        92     0.99600    -0.79291
        93     0.99732    -0.79114
        94     0.99840    -0.78920
        95     0.99922    -0.78714
        96     0.99975    -0.78499
        97     1.00000    -0.78279
  POINTS ON THE BLADE TO BE USED FOR PLOTTING 
  AND FINAL INTERPOLATION 
  N           X          YUP        YLOW        THICK 
    1      0.0000      0.0079      0.0079      0.0000
    2      0.0001      0.0084      0.0074      0.0010
    3      0.0002      0.0099      0.0059      0.0041
    4      0.0006      0.0127     -0.0146      0.0273
    5      0.0010      0.0157     -0.0168      0.0325
    6      0.0016      0.0189     -0.0197      0.0386
    7      0.0022      0.0223     -0.0231      0.0455
    8      0.0030      0.0259     -0.0267      0.0526
    9      0.0040      0.0295     -0.0289      0.0583
   10      0.0050      0.0331     -0.0313      0.0644
   11      0.0062      0.0361     -0.0340      0.0702
   12      0.0075      0.0390     -0.0371      0.0760
   13      0.0089      0.0420     -0.0398      0.0818
   14      0.0105      0.0454     -0.0418      0.0872
   15      0.0122      0.0490     -0.0440      0.0930
   16      0.0140      0.0529     -0.0463      0.0992
   17      0.0159      0.0570     -0.0489      0.1059
   18      0.0179      0.0614     -0.0514      0.1128
   19      0.0201      0.0661     -0.0532      0.1193
   20      0.0223      0.0710     -0.0550      0.1260
   21      0.0247      0.0762     -0.0567      0.1329
   22      0.0272      0.0816     -0.0583      0.1399
   23      0.0299      0.0873     -0.0598      0.1471
   24      0.0326      0.0932     -0.0612      0.1544
   25      0.0355      0.0983     -0.0624      0.1607
   26      0.0384      0.1023     -0.0635      0.1658
   27      0.0415      0.1065     -0.0645      0.1710
   28      0.0447      0.1108     -0.0653      0.1761
   29      0.0481      0.1153     -0.0660      0.1813
   30      0.0515      0.1199     -0.0666      0.1865
   31      0.0550      0.1247     -0.0670      0.1917
   32      0.0587      0.1296     -0.0673      0.1969
   33      0.0625      0.1347     -0.0674      0.2021
   34      0.0663      0.1386     -0.0674      0.2060
   35      0.0703      0.1425     -0.0674      0.2099
   36      0.0744      0.1465     -0.0674      0.2139
   37      0.0786      0.1506     -0.0674      0.2181
   38      0.0829      0.1549     -0.0673      0.2221
   39      0.0873      0.1592     -0.0670      0.2262
   40      0.0918      0.1635     -0.0668      0.2303
   41      0.0964      0.1671     -0.0665      0.2335
   42      0.1011      0.1707     -0.0661      0.2368
   43      0.1059      0.1744     -0.0658      0.2402
   44      0.1108      0.1782     -0.0654      0.2436
   45      0.1159      0.1821     -0.0650      0.2471
   46      0.1210      0.1857     -0.0647      0.2504
   47      0.1261      0.1882     -0.0645      0.2527
   48      0.1314      0.1908     -0.0643      0.2551
   49      0.1368      0.1934     -0.0641      0.2575
   50      0.1423      0.1961     -0.0638      0.2599
   51      0.1478      0.1994     -0.0635      0.2629
   52      0.1535      0.2040     -0.0632      0.2672
   53      0.1592      0.2082     -0.0629      0.2711
   54      0.1650      0.2110     -0.0630      0.2739
   55      0.1709      0.2137     -0.0630      0.2767
   56      0.1769      0.2165     -0.0631      0.2796
   57      0.1830      0.2189     -0.0634      0.2823
   58      0.1891      0.2213     -0.0638      0.2850
   59      0.1954      0.2237     -0.0641      0.2878
   60      0.2017      0.2256     -0.0647      0.2903
   61      0.2080      0.2275     -0.0653      0.2928
   62      0.2145      0.2294     -0.0660      0.2954
   63      0.2210      0.2308     -0.0669      0.2977
   64      0.2276      0.2322     -0.0679      0.3001
   65      0.2342      0.2336     -0.0688      0.3024
   66      0.2409      0.2347     -0.0702      0.3048
   67      0.2477      0.2358     -0.0715      0.3073
   68      0.2546      0.2368     -0.0729      0.3096
   69      0.2615      0.2371     -0.0746      0.3117
   70      0.2684      0.2375     -0.0762      0.3138
   71      0.2755      0.2379     -0.0781      0.3160
   72      0.2826      0.2383     -0.0801      0.3184
   73      0.2897      0.2386     -0.0822      0.3208
   74      0.2969      0.2385     -0.0845      0.3230
   75      0.3041      0.2381     -0.0868      0.3250
   76      0.3114      0.2377     -0.0893      0.3270
   77      0.3187      0.2369     -0.0920      0.3288
   78      0.3261      0.2360     -0.0947      0.3307
   79      0.3335      0.2349     -0.0976      0.3325
   80      0.3410      0.2336     -0.1007      0.3343
   81      0.3485      0.2322     -0.1038      0.3360
   82      0.3560      0.2303     -0.1072      0.3376
   83      0.3636      0.2285     -0.1107      0.3391
   84      0.3712      0.2263     -0.1143      0.3406
   85      0.3789      0.2239     -0.1181      0.3420
   86      0.3865      0.2215     -0.1219      0.3434
   87      0.3942      0.2185     -0.1260      0.3446
   88      0.4020      0.2156     -0.1302      0.3458
   89      0.4097      0.2123     -0.1346      0.3469
   90      0.4175      0.2087     -0.1391      0.3478
   91      0.4253      0.2051     -0.1437      0.3488
   92      0.4331      0.2010     -0.1485      0.3495
   93      0.4409      0.1968     -0.1534      0.3502
   94      0.4488      0.1923     -0.1586      0.3508
   95      0.4566      0.1876     -0.1638      0.3514
   96      0.4645      0.1827     -0.1692      0.3519
   97      0.4724      0.1774     -0.1748      0.3522
   98      0.4803      0.1721     -0.1805      0.3526
   99      0.4882      0.1664     -0.1864      0.3528
  100      0.4961      0.1605     -0.1924      0.3530
  101      0.5039      0.1544     -0.1985      0.3530
  102      0.5118      0.1477     -0.2049      0.3526
  103      0.5197      0.1410     -0.2113      0.3523
  104      0.5276      0.1338     -0.2180      0.3518
  105      0.5355      0.1265     -0.2247      0.3512
  106      0.5434      0.1189     -0.2316      0.3505
  107      0.5512      0.1110     -0.2386      0.3496
  108      0.5591      0.1030     -0.2457      0.3488
  109      0.5669      0.0945     -0.2532      0.3477
  110      0.5747      0.0860     -0.2606      0.3466
  111      0.5825      0.0771     -0.2682      0.3453
  112      0.5903      0.0680     -0.2760      0.3440
  113      0.5980      0.0588     -0.2838      0.3425
  114      0.6058      0.0489     -0.2918      0.3408
  115      0.6135      0.0391     -0.2999      0.3390
  116      0.6211      0.0289     -0.3081      0.3371
  117      0.6288      0.0185     -0.3165      0.3350
  118      0.6364      0.0080     -0.3249      0.3329
  119      0.6440     -0.0029     -0.3335      0.3306
  120      0.6515     -0.0139     -0.3421      0.3282
  121      0.6590     -0.0252     -0.3509      0.3257
  122      0.6665     -0.0366     -0.3597      0.3231
  123      0.6739     -0.0481     -0.3685      0.3204
  124      0.6813     -0.0601     -0.3776      0.3175
  125      0.6886     -0.0720     -0.3866      0.3146
  126      0.6959     -0.0842     -0.3957      0.3115
  127      0.7031     -0.0966     -0.4049      0.3083
  128      0.7103     -0.1089     -0.4140      0.3052
  129      0.7174     -0.1217     -0.4234      0.3018
  130      0.7245     -0.1344     -0.4328      0.2984
  131      0.7316     -0.1472     -0.4421      0.2950
  132      0.7385     -0.1603     -0.4516      0.2913
  133      0.7454     -0.1734     -0.4610      0.2876
  134      0.7523     -0.1866     -0.4704      0.2838
  135      0.7591     -0.1999     -0.4798      0.2799
  136      0.7658     -0.2131     -0.4892      0.2760
  137      0.7724     -0.2266     -0.4985      0.2719
  138      0.7790     -0.2400     -0.5078      0.2678
  139      0.7855     -0.2534     -0.5170      0.2637
  140      0.7920     -0.2669     -0.5263      0.2594
  141      0.7983     -0.2805     -0.5356      0.2551
  142      0.8046     -0.2939     -0.5447      0.2508
  143      0.8109     -0.3075     -0.5539      0.2463
  144      0.8170     -0.3211     -0.5630      0.2419
  145      0.8231     -0.3345     -0.5720      0.2375
  146      0.8291     -0.3480     -0.5810      0.2330
  147      0.8350     -0.3615     -0.5900      0.2285
  148      0.8408     -0.3747     -0.5989      0.2241
  149      0.8465     -0.3879     -0.6075      0.2196
  150      0.8522     -0.4011     -0.6160      0.2149
  151      0.8577     -0.4141     -0.6244      0.2103
  152      0.8632     -0.4269     -0.6326      0.2057
  153      0.8686     -0.4398     -0.6407      0.2009
  154      0.8739     -0.4525     -0.6487      0.1961
  155      0.8790     -0.4650     -0.6565      0.1915
  156      0.8841     -0.4774     -0.6642      0.1868
  157      0.8892     -0.4897     -0.6718      0.1822
  158      0.8941     -0.5017     -0.6793      0.1776
  159      0.8989     -0.5135     -0.6866      0.1731
  160      0.9036     -0.5251     -0.6938      0.1686
  161      0.9082     -0.5367     -0.7008      0.1641
  162      0.9127     -0.5480     -0.7077      0.1597
  163      0.9171     -0.5591     -0.7145      0.1554
  164      0.9214     -0.5699     -0.7210      0.1511
  165      0.9256     -0.5808     -0.7272      0.1465
  166      0.9297     -0.5914     -0.7333      0.1420
  167      0.9337     -0.6017     -0.7392      0.1375
  168      0.9375     -0.6117     -0.7450      0.1333
  169      0.9413     -0.6216     -0.7506      0.1290
  170      0.9450     -0.6314     -0.7560      0.1246
  171      0.9485     -0.6408     -0.7612      0.1204
  172      0.9519     -0.6499     -0.7663      0.1163
  173      0.9553     -0.6587     -0.7712      0.1125
  174      0.9585     -0.6672     -0.7759      0.1087
  175      0.9616     -0.6754     -0.7804      0.1050
  176      0.9645     -0.6834     -0.7848      0.1014
  177      0.9674     -0.6910     -0.7890      0.0979
  178      0.9701     -0.6984     -0.7928      0.0945
  179      0.9728     -0.7054     -0.7954      0.0900
  180      0.9753     -0.7122     -0.7971      0.0849
  181      0.9777     -0.7186     -0.7982      0.0796
  182      0.9799     -0.7247     -0.7988      0.0740
  183      0.9821     -0.7305     -0.7991      0.0685
  184      0.9841     -0.7361     -0.7991      0.0630
  185      0.9860     -0.7412     -0.7989      0.0576
  186      0.9878     -0.7461     -0.7984      0.0524
  187      0.9895     -0.7506     -0.7979      0.0472
  188      0.9911     -0.7548     -0.7972      0.0423
  189      0.9925     -0.7587     -0.7963      0.0376
  190      0.9938     -0.7623     -0.7953      0.0330
  191      0.9950     -0.7655     -0.7943      0.0288
  192      0.9960     -0.7684     -0.7932      0.0248
  193      0.9970     -0.7710     -0.7919      0.0210
  194      0.9978     -0.7732     -0.7907      0.0175
  195      0.9984     -0.7750     -0.7894      0.0144
  196      0.9990     -0.7766     -0.7880      0.0114
  197      0.9994     -0.7777     -0.7865      0.0089
  198      0.9998     -0.7785     -0.7853      0.0068
  199      0.9999     -0.7791     -0.7836      0.0046
  200      1.0000     -0.7831     -0.7831      0.0000
 GRID EXPANSION RATIO UP=    1.17411 DOWN =    1.05711
  AXIAL,TANGENTIAL AND RADIAL COORDINATES ON THE STREAM
  SURFACE BEFORE TRANSFORMING TO R-THETA COORDINATES 
 J, XGRID,YGRID,RGRID            1   3.31341848E-02  -1.15778269E-02  0.344659597    
 J, XGRID,YGRID,RGRID            2   3.53838317E-02  -9.79309436E-03  0.344665349    
 J, XGRID,YGRID,RGRID            3   3.73010412E-02  -8.27302225E-03  0.344706476    
 J, XGRID,YGRID,RGRID            4   3.89331616E-02  -6.97836373E-03  0.344719589    
 J, XGRID,YGRID,RGRID            5   4.03224714E-02  -5.87569224E-03  0.344708383    
 J, XGRID,YGRID,RGRID            6   4.15050313E-02  -4.93653771E-03  0.344678074    
 J, XGRID,YGRID,RGRID            7   4.25114110E-02  -4.13665175E-03  0.344629139    
 J, XGRID,YGRID,RGRID            8   4.33682278E-02  -3.45538231E-03  0.344578028    
 J, XGRID,YGRID,RGRID            9   4.40977663E-02  -2.87513901E-03  0.344528168    
 J, XGRID,YGRID,RGRID           10   4.47189771E-02  -2.38094106E-03  0.344481528    
 J, XGRID,YGRID,RGRID           11   4.52479720E-02  -1.96002843E-03  0.344439030    
 J, XGRID,YGRID,RGRID           12   4.56984602E-02  -1.60153373E-03  0.344400853    
 J, XGRID,YGRID,RGRID           13   4.60820943E-02  -1.29620067E-03  0.344367027    
 J, XGRID,YGRID,RGRID           14   4.64088134E-02  -1.03614584E-03  0.344337314    
 J, XGRID,YGRID,RGRID           15   4.66870591E-02  -8.14654923E-04  0.344311357    
 J, XGRID,YGRID,RGRID           16   4.69240360E-02  -6.26009307E-04  0.344288886    
 J, XGRID,YGRID,RGRID           17   4.71258499E-02  -4.65338206E-04  0.344269335    
 J, XGRID,YGRID,RGRID           18   4.72977422E-02  -3.28493246E-04  0.344252527    
 J, XGRID,YGRID,RGRID           19   4.74441275E-02  -2.11941267E-04  0.344238073    
 J, XGRID,YGRID,RGRID           20   4.75688092E-02  -1.12672933E-04  0.344225645    
 J, XGRID,YGRID,RGRID           21   4.76749986E-02  -2.81252651E-05  0.344215006    
 J, XGRID,YGRID,RGRID           22   4.77813520E-02   8.22850328E-04  0.344208002    
 J, XGRID,YGRID,RGRID           23   4.78925481E-02   1.13232539E-03  0.344200611    
 J, XGRID,YGRID,RGRID           24   4.80090491E-02   1.38487946E-03  0.344192952    
 J, XGRID,YGRID,RGRID           25   4.81312871E-02   1.64996460E-03  0.344184965    
 J, XGRID,YGRID,RGRID           26   4.82597239E-02   1.92846858E-03  0.344176620    
 J, XGRID,YGRID,RGRID           27   4.83948030E-02   2.22136034E-03  0.344167858    
 J, XGRID,YGRID,RGRID           28   4.85369451E-02   2.52960878E-03  0.344158709    
 J, XGRID,YGRID,RGRID           29   4.86866422E-02   2.83177779E-03  0.344149113    
 J, XGRID,YGRID,RGRID           30   4.88443114E-02   3.04977712E-03  0.344139069    
 J, XGRID,YGRID,RGRID           31   4.90104109E-02   3.27418139E-03  0.344128519    
 J, XGRID,YGRID,RGRID           32   4.91853841E-02   3.51056946E-03  0.344117522    
 J, XGRID,YGRID,RGRID           33   4.93696816E-02   3.75954551E-03  0.344105989    
 J, XGRID,YGRID,RGRID           34   4.95637469E-02   3.99820972E-03  0.344093919    
 J, XGRID,YGRID,RGRID           35   4.97680232E-02   4.19786945E-03  0.344081283    
 J, XGRID,YGRID,RGRID           36   4.99828756E-02   4.40941704E-03  0.344068140    
 J, XGRID,YGRID,RGRID           37   5.02083413E-02   4.63144714E-03  0.344054461    
 J, XGRID,YGRID,RGRID           38   5.04449494E-02   4.84014116E-03  0.344040215    
 J, XGRID,YGRID,RGRID           39   5.06933033E-02   5.03120013E-03  0.344025463    
 J, XGRID,YGRID,RGRID           40   5.09540476E-02   5.23330690E-03  0.344010144    
 J, XGRID,YGRID,RGRID           41   5.12278900E-02   5.42599987E-03  0.343994141    
 J, XGRID,YGRID,RGRID           42   5.15156314E-02   5.56504680E-03  0.343977541    
 J, XGRID,YGRID,RGRID           43   5.18179797E-02   5.71335992E-03  0.343960345    
 J, XGRID,YGRID,RGRID           44   5.21354899E-02   5.93957538E-03  0.343942523    
 J, XGRID,YGRID,RGRID           45   5.24692424E-02   6.14117691E-03  0.343924016    
 J, XGRID,YGRID,RGRID           46   5.28204255E-02   6.30570902E-03  0.343904853    
 J, XGRID,YGRID,RGRID           47   5.31903654E-02   6.44909916E-03  0.343885034    
 J, XGRID,YGRID,RGRID           48   5.35805151E-02   6.58136746E-03  0.343864411    
 J, XGRID,YGRID,RGRID           49   5.39924502E-02   6.69836579E-03  0.343843073    
 J, XGRID,YGRID,RGRID           50   5.44311963E-02   6.79104775E-03  0.343820810    
 J, XGRID,YGRID,RGRID           51   5.49030527E-02   6.86952146E-03  0.343797386    
 J, XGRID,YGRID,RGRID           52   5.54085411E-02   6.91142911E-03  0.343772829    
 J, XGRID,YGRID,RGRID           53   5.59472926E-02   6.94113737E-03  0.343747377    
 J, XGRID,YGRID,RGRID           54   5.65180033E-02   6.93291565E-03  0.343721151    
 J, XGRID,YGRID,RGRID           55   5.71185127E-02   6.87716948E-03  0.343694568    
 J, XGRID,YGRID,RGRID           56   5.77456877E-02   6.77386392E-03  0.343667686    
 J, XGRID,YGRID,RGRID           57   5.83893396E-02   6.61321543E-03  0.343640983    
 J, XGRID,YGRID,RGRID           58   5.90392128E-02   6.40289066E-03  0.343615204    
 J, XGRID,YGRID,RGRID           59   5.96917868E-02   6.13542693E-03  0.343590319    
 J, XGRID,YGRID,RGRID           60   6.03442229E-02   5.81277441E-03  0.343566477    
 J, XGRID,YGRID,RGRID           61   6.09942973E-02   5.43832872E-03  0.343543857    
 J, XGRID,YGRID,RGRID           62   6.16404712E-02   5.01448661E-03  0.343522370    
 J, XGRID,YGRID,RGRID           63   6.22818023E-02   4.53696307E-03  0.343502134    
 J, XGRID,YGRID,RGRID           64   6.29226565E-02   3.98857147E-03  0.343482912    
 J, XGRID,YGRID,RGRID           65   6.35658950E-02   3.37653537E-03  0.343464673    
 J, XGRID,YGRID,RGRID           66   6.42110109E-02   2.70314934E-03  0.343447417    
 J, XGRID,YGRID,RGRID           67   6.48571551E-02   1.96768180E-03  0.343431264    
 J, XGRID,YGRID,RGRID           68   6.55031502E-02   1.16384786E-03  0.343416125    
 J, XGRID,YGRID,RGRID           69   6.61475211E-02   2.92405486E-04  0.343402207    
 J, XGRID,YGRID,RGRID           70   6.67884201E-02  -6.41877879E-04  0.343389332    
 J, XGRID,YGRID,RGRID           71   6.74201474E-02  -1.62506476E-03  0.343377650    
 J, XGRID,YGRID,RGRID           72   6.80391490E-02  -2.65099294E-03  0.343367189    
 J, XGRID,YGRID,RGRID           73   6.86437637E-02  -3.71098612E-03  0.343358070    
 J, XGRID,YGRID,RGRID           74   6.92325905E-02  -4.79864329E-03  0.343350053    
 J, XGRID,YGRID,RGRID           75   6.98045939E-02  -5.90519514E-03  0.343343168    
 J, XGRID,YGRID,RGRID           76   7.03590661E-02  -7.02238083E-03  0.343337268    
 J, XGRID,YGRID,RGRID           77   7.08956197E-02  -8.14616773E-03  0.343332350    
 J, XGRID,YGRID,RGRID           78   7.14161992E-02  -9.27736238E-03  0.343328267    
 J, XGRID,YGRID,RGRID           79   7.19213411E-02  -1.04095796E-02  0.343325078    
 J, XGRID,YGRID,RGRID           80   7.24110454E-02  -1.15344170E-02  0.343322605    
 J, XGRID,YGRID,RGRID           81   7.28852898E-02  -1.26483589E-02  0.343320787    
 J, XGRID,YGRID,RGRID           82   7.33440742E-02  -1.37535194E-02  0.343319625    
 J, XGRID,YGRID,RGRID           83   7.37874210E-02  -1.48390485E-02  0.343319029    
 J, XGRID,YGRID,RGRID           84   7.42153302E-02  -1.59050580E-02  0.343318999    
 J, XGRID,YGRID,RGRID           85   7.46277720E-02  -1.69523228E-02  0.343319416    
 J, XGRID,YGRID,RGRID           86   7.50247687E-02  -1.79826245E-02  0.343320191    
 J, XGRID,YGRID,RGRID           87   7.54063055E-02  -1.89971253E-02  0.343321413    
 J, XGRID,YGRID,RGRID           88   7.57724121E-02  -1.99696757E-02  0.343322933    
 J, XGRID,YGRID,RGRID           89   7.61230513E-02  -2.09097229E-02  0.343324780    
 J, XGRID,YGRID,RGRID           90   7.64582530E-02  -2.18167435E-02  0.343326747    
 J, XGRID,YGRID,RGRID           91   7.67779872E-02  -2.28005480E-02  0.343328983    
 J, XGRID,YGRID,RGRID           92   7.70975724E-02  -2.33328920E-02  0.343337476    
 J, XGRID,YGRID,RGRID           93   7.74354041E-02  -2.38953754E-02  0.343346477    
 J, XGRID,YGRID,RGRID           94   7.77925402E-02  -2.44899821E-02  0.343356133    
 J, XGRID,YGRID,RGRID           95   7.81700686E-02  -2.51185484E-02  0.343366414    
 J, XGRID,YGRID,RGRID           96   7.85691589E-02  -2.57830117E-02  0.343377292    
 J, XGRID,YGRID,RGRID           97   7.89910257E-02  -2.64854264E-02  0.343388915    
 J, XGRID,YGRID,RGRID           98   7.94370174E-02  -2.72279549E-02  0.343401253    
 J, XGRID,YGRID,RGRID           99   7.99084678E-02  -2.80128941E-02  0.343414307    
 J, XGRID,YGRID,RGRID          100   8.04068670E-02  -2.88426597E-02  0.343428075    
 J, XGRID,YGRID,RGRID          101   8.09337199E-02  -2.97198184E-02  0.343442559    
 J, XGRID,YGRID,RGRID          102   8.14906880E-02  -3.06470692E-02  0.343457758    
 J, XGRID,YGRID,RGRID          103   8.20794553E-02  -3.16272788E-02  0.343473673    
 J, XGRID,YGRID,RGRID          104   8.27018842E-02  -3.26634683E-02  0.343490273    
 J, XGRID,YGRID,RGRID          105   8.33598375E-02  -3.37588415E-02  0.343507320    
 J, XGRID,YGRID,RGRID          106   8.40554088E-02  -3.49167697E-02  0.343524903    

  THE BLADE CENTROID ON THE X-Y SURFACE IS AT X, Y=    0.06168  -0.00302


  THE J VALUE OF THE CENTROID IS J =           63

  THE CENTROID ON THE STREAM SURFACE IS AT   6.16784506E-02   0.00000000    
  THE HUB SECTION CENTROID IS AT   6.12384640E-02   0.00000000    

  AXIAL & RADIAL COORDINATES ON THE SS AFTER STACKING 
  J  , XGRID,RGRID            1   3.26941982E-02  0.344659597    
  J  , XGRID,RGRID            2   3.49438451E-02  0.344665349    
  J  , XGRID,RGRID            3   3.68610546E-02  0.344706476    
  J  , XGRID,RGRID            4   3.84931751E-02  0.344719589    
  J  , XGRID,RGRID            5   3.98824848E-02  0.344708383    
  J  , XGRID,RGRID            6   4.10650447E-02  0.344678074    
  J  , XGRID,RGRID            7   4.20714244E-02  0.344629139    
  J  , XGRID,RGRID            8   4.29282412E-02  0.344578028    
  J  , XGRID,RGRID            9   4.36577797E-02  0.344528168    
  J  , XGRID,RGRID           10   4.42789905E-02  0.344481528    
  J  , XGRID,RGRID           11   4.48079854E-02  0.344439030    
  J  , XGRID,RGRID           12   4.52584736E-02  0.344400853    
  J  , XGRID,RGRID           13   4.56421077E-02  0.344367027    
  J  , XGRID,RGRID           14   4.59688269E-02  0.344337314    
  J  , XGRID,RGRID           15   4.62470725E-02  0.344311357    
  J  , XGRID,RGRID           16   4.64840494E-02  0.344288886    
  J  , XGRID,RGRID           17   4.66858633E-02  0.344269335    
  J  , XGRID,RGRID           18   4.68577556E-02  0.344252527    
  J  , XGRID,RGRID           19   4.70041409E-02  0.344238073    
  J  , XGRID,RGRID           20   4.71288227E-02  0.344225645    
  J  , XGRID,RGRID           21   4.72350121E-02  0.344215006    
  J  , XGRID,RGRID           22   4.73413654E-02  0.344208002    
  J  , XGRID,RGRID           23   4.74525616E-02  0.344200611    
  J  , XGRID,RGRID           24   4.75690626E-02  0.344192952    
  J  , XGRID,RGRID           25   4.76913005E-02  0.344184965    
  J  , XGRID,RGRID           26   4.78197373E-02  0.344176620    
  J  , XGRID,RGRID           27   4.79548164E-02  0.344167858    
  J  , XGRID,RGRID           28   4.80969585E-02  0.344158709    
  J  , XGRID,RGRID           29   4.82466556E-02  0.344149113    
  J  , XGRID,RGRID           30   4.84043248E-02  0.344139069    
  J  , XGRID,RGRID           31   4.85704243E-02  0.344128519    
  J  , XGRID,RGRID           32   4.87453975E-02  0.344117522    
  J  , XGRID,RGRID           33   4.89296950E-02  0.344105989    
  J  , XGRID,RGRID           34   4.91237603E-02  0.344093919    
  J  , XGRID,RGRID           35   4.93280366E-02  0.344081283    
  J  , XGRID,RGRID           36   4.95428890E-02  0.344068140    
  J  , XGRID,RGRID           37   4.97683547E-02  0.344054461    
  J  , XGRID,RGRID           38   5.00049628E-02  0.344040215    
  J  , XGRID,RGRID           39   5.02533168E-02  0.344025463    
  J  , XGRID,RGRID           40   5.05140610E-02  0.344010144    
  J  , XGRID,RGRID           41   5.07879034E-02  0.343994141    
  J  , XGRID,RGRID           42   5.10756448E-02  0.343977541    
  J  , XGRID,RGRID           43   5.13779931E-02  0.343960345    
  J  , XGRID,RGRID           44   5.16955033E-02  0.343942523    
  J  , XGRID,RGRID           45   5.20292558E-02  0.343924016    
  J  , XGRID,RGRID           46   5.23804389E-02  0.343904853    
  J  , XGRID,RGRID           47   5.27503788E-02  0.343885034    
  J  , XGRID,RGRID           48   5.31405285E-02  0.343864411    
  J  , XGRID,RGRID           49   5.35524637E-02  0.343843073    
  J  , XGRID,RGRID           50   5.39912097E-02  0.343820810    
  J  , XGRID,RGRID           51   5.44630662E-02  0.343797386    
  J  , XGRID,RGRID           52   5.49685545E-02  0.343772829    
  J  , XGRID,RGRID           53   5.55073060E-02  0.343747377    
  J  , XGRID,RGRID           54   5.60780168E-02  0.343721151    
  J  , XGRID,RGRID           55   5.66785261E-02  0.343694568    
  J  , XGRID,RGRID           56   5.73057011E-02  0.343667686    
  J  , XGRID,RGRID           57   5.79493530E-02  0.343640983    
  J  , XGRID,RGRID           58   5.85992262E-02  0.343615204    
  J  , XGRID,RGRID           59   5.92518002E-02  0.343590319    
  J  , XGRID,RGRID           60   5.99042363E-02  0.343566477    
  J  , XGRID,RGRID           61   6.05543107E-02  0.343543857    
  J  , XGRID,RGRID           62   6.12004846E-02  0.343522370    
  J  , XGRID,RGRID           63   6.18418157E-02  0.343502134    
  J  , XGRID,RGRID           64   6.24826699E-02  0.343482912    
  J  , XGRID,RGRID           65   6.31259084E-02  0.343464673    
  J  , XGRID,RGRID           66   6.37710243E-02  0.343447417    
  J  , XGRID,RGRID           67   6.44171685E-02  0.343431264    
  J  , XGRID,RGRID           68   6.50631636E-02  0.343416125    
  J  , XGRID,RGRID           69   6.57075346E-02  0.343402207    
  J  , XGRID,RGRID           70   6.63484335E-02  0.343389332    
  J  , XGRID,RGRID           71   6.69801608E-02  0.343377650    
  J  , XGRID,RGRID           72   6.75991625E-02  0.343367189    
  J  , XGRID,RGRID           73   6.82037771E-02  0.343358070    
  J  , XGRID,RGRID           74   6.87926039E-02  0.343350053    
  J  , XGRID,RGRID           75   6.93646073E-02  0.343343168    
  J  , XGRID,RGRID           76   6.99190795E-02  0.343337268    
  J  , XGRID,RGRID           77   7.04556331E-02  0.343332350    
  J  , XGRID,RGRID           78   7.09762126E-02  0.343328267    
  J  , XGRID,RGRID           79   7.14813545E-02  0.343325078    
  J  , XGRID,RGRID           80   7.19710588E-02  0.343322605    
  J  , XGRID,RGRID           81   7.24453032E-02  0.343320787    
  J  , XGRID,RGRID           82   7.29040876E-02  0.343319625    
  J  , XGRID,RGRID           83   7.33474344E-02  0.343319029    
  J  , XGRID,RGRID           84   7.37753436E-02  0.343318999    
  J  , XGRID,RGRID           85   7.41877854E-02  0.343319416    
  J  , XGRID,RGRID           86   7.45847821E-02  0.343320191    
  J  , XGRID,RGRID           87   7.49663189E-02  0.343321413    
  J  , XGRID,RGRID           88   7.53324255E-02  0.343322933    
  J  , XGRID,RGRID           89   7.56830648E-02  0.343324780    
  J  , XGRID,RGRID           90   7.60182664E-02  0.343326747    
  J  , XGRID,RGRID           91   7.63380006E-02  0.343328983    
  J  , XGRID,RGRID           92   7.66575858E-02  0.343337476    
  J  , XGRID,RGRID           93   7.69954175E-02  0.343346477    
  J  , XGRID,RGRID           94   7.73525536E-02  0.343356133    
  J  , XGRID,RGRID           95   7.77300820E-02  0.343366414    
  J  , XGRID,RGRID           96   7.81291723E-02  0.343377292    
  J  , XGRID,RGRID           97   7.85510391E-02  0.343388915    
  J  , XGRID,RGRID           98   7.89970309E-02  0.343401253    
  J  , XGRID,RGRID           99   7.94684812E-02  0.343414307    
  J  , XGRID,RGRID          100   7.99668804E-02  0.343428075    
  J  , XGRID,RGRID          101   8.04937333E-02  0.343442559    
  J  , XGRID,RGRID          102   8.10507014E-02  0.343457758    
  J  , XGRID,RGRID          103   8.16394687E-02  0.343473673    
  J  , XGRID,RGRID          104   8.22618976E-02  0.343490273    
  J  , XGRID,RGRID          105   8.29198509E-02  0.343507320    
  J  , XGRID,RGRID          106   8.36154222E-02  0.343524903    
  REARRANGED AND SCALED INPUT BLADE SECTION 
  N     XSURF       YSURF 
    1       0.00731  -0.02982
    2       0.00351  -0.02239
    3       0.00129  -0.01495
    4       0.00008  -0.00748
    5       0.00000   0.00000
    6       0.00011   0.00227
    7       0.00029   0.00455
    8       0.00055   0.00682
    9       0.00089   0.00910
   10       0.00130   0.01137
   11       0.00181   0.01365
   12       0.00226   0.01593
   13       0.00282   0.01821
   14       0.00343   0.02049
   15       0.00409   0.02277
   16       0.00482   0.02505
   17       0.00560   0.02733
   18       0.00644   0.02962
   19       0.03483   0.08229
   20       0.06322   0.11430
   21       0.09161   0.13731
   22       0.12000   0.15419
   23       0.14615   0.16306
   24       0.15814   0.16990
   25       0.17721   0.17472
   26       0.19628   0.17819
   27       0.21535   0.18002
   28       0.23443   0.18040
   29       0.25349   0.17940
   30       0.27256   0.17704
   31       0.29163   0.17335
   32       0.31070   0.16832
   33       0.32977   0.16193
   34       0.34884   0.15431
   35       0.36791   0.14529
   36       0.38698   0.13486
   37       0.40605   0.12312
   38       0.42512   0.10992
   39       0.44419   0.09531
   40       0.46326   0.07925
   41       0.48233   0.06176
   42       0.50140   0.04285
   43       0.52047   0.02255
   44       0.53953   0.00087
   45       0.55860  -0.02212
   46       0.57767  -0.04644
   47       0.59674  -0.07211
   48       0.61581  -0.09897
   49       0.63488  -0.12717
   50       0.65394  -0.15644
   51       0.67302  -0.18692
   52       0.69209  -0.21859
   53       0.71116  -0.25144
   54       0.73023  -0.28545
   55       0.74930  -0.32062
   56       0.76837  -0.35697
   57       0.78744  -0.39449
   58       0.80651  -0.43307
   59       0.82558  -0.47274
   60       0.84465  -0.51354
   61       0.86372  -0.55530
   62       0.88279  -0.59783
   63       0.90186  -0.64129
   64       0.92093  -0.68542
   65       0.94000  -0.72999
   66       0.94978  -0.75293
   67       0.95955  -0.77612
   68       0.96933  -0.79945
   69       0.97911  -0.82289
   70       0.98889  -0.84645
   71       0.99866  -0.86843
   72       0.99913  -0.87053
   73       0.99984  -0.87271
   74       1.00000  -0.87493
   75       0.99986  -0.87716
   76       0.99924  -0.87934
   77       0.99864  -0.88145
   78       0.99772  -0.88344
   79       0.99648  -0.88529
   80       0.99500  -0.88696
   81       0.99332  -0.88841
   82       0.99146  -0.88963
   83       0.98945  -0.89060
   84       0.98733  -0.89129
   85       0.98514  -0.89164
   86       0.98292  -0.89180
   87       0.98070  -0.89162
   88       0.97853  -0.89114
   89       0.97643  -0.89039
   90       0.97446  -0.88936
   91       0.97264  -0.88808
   92       0.97100  -0.88657
   93       0.96958  -0.88484
   94       0.96465  -0.87812
   95       0.95972  -0.87136
   96       0.95480  -0.86459
   97       0.94986  -0.85779
   98       0.94493  -0.85096
   99       0.94000  -0.84412
  100       0.92093  -0.81740
  101       0.90186  -0.79050
  102       0.88279  -0.76331
  103       0.86372  -0.73608
  104       0.84465  -0.70878
  105       0.82558  -0.68148
  106       0.80651  -0.65441
  107       0.78744  -0.62747
  108       0.76837  -0.60080
  109       0.74930  -0.57451
  110       0.73023  -0.54811
  111       0.71116  -0.52300
  112       0.69209  -0.49783
  113       0.67302  -0.47303
  114       0.65395  -0.44869
  115       0.63488  -0.42474
  116       0.61581  -0.40136
  117       0.59674  -0.37850
  118       0.57767  -0.35610
  119       0.55860  -0.33447
  120       0.53953  -0.31363
  121       0.52046  -0.29344
  122       0.50140  -0.27415
  123       0.48233  -0.25577
  124       0.46326  -0.23830
  125       0.44419  -0.22173
  126       0.42512  -0.20612
  127       0.40605  -0.19138
  128       0.38698  -0.17743
  129       0.36791  -0.16435
  130       0.34884  -0.15203
  131       0.32977  -0.14044
  132       0.31070  -0.12957
  133       0.29163  -0.11942
  134       0.27256  -0.11049
  135       0.25349  -0.10121
  136       0.23442  -0.09326
  137       0.21535  -0.08605
  138       0.19628  -0.07971
  139       0.17721  -0.07427
  140       0.15814  -0.06974
  141       0.13907  -0.06616
  142       0.12000  -0.06339
  143       0.10181  -0.06144
  144       0.08361  -0.05977
  145       0.06542  -0.05777
  146       0.04723  -0.05633
  147       0.04438  -0.05392
  148       0.04162  -0.05318
  149       0.03886  -0.05234
  150       0.03618  -0.05141
  151       0.03357  -0.05039
  152       0.03101  -0.04927
  153       0.02849  -0.04810
  154       0.02603  -0.04682
  155       0.02365  -0.04542
  156       0.02133  -0.04391
  157       0.01909  -0.04228
  158       0.01691  -0.04056
  159       0.01480  -0.03873
  160       0.01278  -0.03673
  161       0.01086  -0.03458
  162       0.00904  -0.03228
  COORDINATES GOING ROUND THE BLADE AFTER ANY ROTATION
     N        XSURF        YSURF 
         1     0.00731    -0.02982
         2     0.00351    -0.02239
         3     0.00129    -0.01495
         4     0.00008    -0.00748
         5     0.00000     0.00000
         6     0.00011     0.00227
         7     0.00029     0.00455
         8     0.00055     0.00682
         9     0.00089     0.00910
        10     0.00130     0.01137
        11     0.00181     0.01365
        12     0.00226     0.01593
        13     0.00282     0.01821
        14     0.00343     0.02049
        15     0.00409     0.02277
        16     0.00482     0.02505
        17     0.00560     0.02733
        18     0.00644     0.02962
        19     0.03483     0.08229
        20     0.06322     0.11430
        21     0.09161     0.13731
        22     0.12000     0.15419
        23     0.14615     0.16306
        24     0.15814     0.16990
        25     0.17721     0.17472
        26     0.19628     0.17819
        27     0.21535     0.18002
        28     0.23443     0.18040
        29     0.25349     0.17940
        30     0.27256     0.17704
        31     0.29163     0.17335
        32     0.31070     0.16832
        33     0.32977     0.16193
        34     0.34884     0.15431
        35     0.36791     0.14529
        36     0.38698     0.13486
        37     0.40605     0.12312
        38     0.42512     0.10992
        39     0.44419     0.09531
        40     0.46326     0.07925
        41     0.48233     0.06176
        42     0.50140     0.04285
        43     0.52047     0.02255
        44     0.53953     0.00087
        45     0.55860    -0.02212
        46     0.57767    -0.04644
        47     0.59674    -0.07211
        48     0.61581    -0.09897
        49     0.63488    -0.12717
        50     0.65394    -0.15644
        51     0.67302    -0.18692
        52     0.69209    -0.21859
        53     0.71116    -0.25144
        54     0.73023    -0.28545
        55     0.74930    -0.32062
        56     0.76837    -0.35697
        57     0.78744    -0.39449
        58     0.80651    -0.43307
        59     0.82558    -0.47274
        60     0.84465    -0.51354
        61     0.86372    -0.55530
        62     0.88279    -0.59783
        63     0.90186    -0.64129
        64     0.92093    -0.68542
        65     0.94000    -0.72999
        66     0.94978    -0.75293
        67     0.95955    -0.77612
        68     0.96933    -0.79945
        69     0.97911    -0.82289
        70     0.98889    -0.84645
        71     0.99866    -0.86843
        72     0.99913    -0.87053
        73     0.99984    -0.87271
        74     1.00000    -0.87493
        75     0.99986    -0.87716
        76     0.99924    -0.87934
        77     0.99864    -0.88145
        78     0.99772    -0.88344
        79     0.99648    -0.88529
        80     0.99500    -0.88696
        81     0.99332    -0.88841
        82     0.99146    -0.88963
        83     0.98945    -0.89060
        84     0.98733    -0.89129
        85     0.98514    -0.89164
        86     0.98292    -0.89180
        87     0.98070    -0.89162
        88     0.97853    -0.89114
        89     0.97643    -0.89039
        90     0.97446    -0.88936
        91     0.97264    -0.88808
        92     0.97100    -0.88657
        93     0.96958    -0.88484
        94     0.96465    -0.87812
        95     0.95972    -0.87136
        96     0.95480    -0.86459
        97     0.94986    -0.85779
        98     0.94493    -0.85096
        99     0.94000    -0.84412
       100     0.92093    -0.81740
       101     0.90186    -0.79050
       102     0.88279    -0.76331
       103     0.86372    -0.73608
       104     0.84465    -0.70878
       105     0.82558    -0.68148
       106     0.80651    -0.65441
       107     0.78744    -0.62747
       108     0.76837    -0.60080
       109     0.74930    -0.57451
       110     0.73023    -0.54811
       111     0.71116    -0.52300
       112     0.69209    -0.49783
       113     0.67302    -0.47303
       114     0.65395    -0.44869
       115     0.63488    -0.42474
       116     0.61581    -0.40136
       117     0.59674    -0.37850
       118     0.57767    -0.35610
       119     0.55860    -0.33447
       120     0.53953    -0.31363
       121     0.52046    -0.29344
       122     0.50140    -0.27415
       123     0.48233    -0.25577
       124     0.46326    -0.23830
       125     0.44419    -0.22173
       126     0.42512    -0.20612
       127     0.40605    -0.19138
       128     0.38698    -0.17743
       129     0.36791    -0.16435
       130     0.34884    -0.15203
       131     0.32977    -0.14044
       132     0.31070    -0.12957
       133     0.29163    -0.11942
       134     0.27256    -0.11049
       135     0.25349    -0.10121
       136     0.23442    -0.09326
       137     0.21535    -0.08605
       138     0.19628    -0.07971
       139     0.17721    -0.07427
       140     0.15814    -0.06974
       141     0.13907    -0.06616
       142     0.12000    -0.06339
       143     0.10181    -0.06144
       144     0.08361    -0.05977
       145     0.06542    -0.05777
       146     0.04723    -0.05633
       147     0.04438    -0.05392
       148     0.04162    -0.05318
       149     0.03886    -0.05234
       150     0.03618    -0.05141
       151     0.03357    -0.05039
       152     0.03101    -0.04927
       153     0.02849    -0.04810
       154     0.02603    -0.04682
       155     0.02365    -0.04542
       156     0.02133    -0.04391
       157     0.01909    -0.04228
       158     0.01691    -0.04056
       159     0.01480    -0.03873
       160     0.01278    -0.03673
       161     0.01086    -0.03458
       162     0.00904    -0.03228
  LEADING EDGE POINT =            5  TE POINT =          74

  NO OF SUCT S POINTS          70  NO PRESS S POINTS          94
  XMIN,XMAX, XCHORD     0.00000000       1.00000000       1.00000000    

   SUCTION SURFACE POINTS FROM LE TO TE.
         1     0.00000     0.00000
         2     0.00011     0.00227
         3     0.00029     0.00455
         4     0.00055     0.00682
         5     0.00089     0.00910
         6     0.00130     0.01137
         7     0.00181     0.01365
         8     0.00226     0.01593
         9     0.00282     0.01821
        10     0.00343     0.02049
        11     0.00409     0.02277
        12     0.00482     0.02505
        13     0.00560     0.02733
        14     0.00644     0.02962
        15     0.03483     0.08229
        16     0.06322     0.11430
        17     0.09161     0.13731
        18     0.12000     0.15419
        19     0.14615     0.16306
        20     0.15814     0.16990
        21     0.17721     0.17472
        22     0.19628     0.17819
        23     0.21535     0.18002
        24     0.23443     0.18040
        25     0.25349     0.17940
        26     0.27256     0.17704
        27     0.29163     0.17335
        28     0.31070     0.16832
        29     0.32977     0.16193
        30     0.34884     0.15431
        31     0.36791     0.14529
        32     0.38698     0.13486
        33     0.40605     0.12312
        34     0.42512     0.10992
        35     0.44419     0.09531
        36     0.46326     0.07925
        37     0.48233     0.06176
        38     0.50140     0.04285
        39     0.52047     0.02255
        40     0.53953     0.00087
        41     0.55860    -0.02212
        42     0.57767    -0.04644
        43     0.59674    -0.07211
        44     0.61581    -0.09897
        45     0.63488    -0.12717
        46     0.65394    -0.15644
        47     0.67302    -0.18692
        48     0.69209    -0.21859
        49     0.71116    -0.25144
        50     0.73023    -0.28545
        51     0.74930    -0.32062
        52     0.76837    -0.35697
        53     0.78744    -0.39449
        54     0.80651    -0.43307
        55     0.82558    -0.47274
        56     0.84465    -0.51354
        57     0.86372    -0.55530
        58     0.88279    -0.59783
        59     0.90186    -0.64129
        60     0.92093    -0.68542
        61     0.94000    -0.72999
        62     0.94978    -0.75293
        63     0.95955    -0.77612
        64     0.96933    -0.79945
        65     0.97911    -0.82289
        66     0.98889    -0.84645
        67     0.99866    -0.86843
        68     0.99913    -0.87053
        69     0.99984    -0.87271
        70     1.00000    -0.87493

   PRESSURE SURFACE POINTS FROM LE TO TE.
         1     0.00000     0.00000
         2     0.00008    -0.00748
         3     0.00129    -0.01495
         4     0.00351    -0.02239
         5     0.00731    -0.02982
         6     0.00904    -0.03228
         7     0.01086    -0.03458
         8     0.01278    -0.03673
         9     0.01480    -0.03873
        10     0.01691    -0.04056
        11     0.01909    -0.04228
        12     0.02133    -0.04391
        13     0.02365    -0.04542
        14     0.02603    -0.04682
        15     0.02849    -0.04810
        16     0.03101    -0.04927
        17     0.03357    -0.05039
        18     0.03618    -0.05141
        19     0.03886    -0.05234
        20     0.04162    -0.05318
        21     0.04438    -0.05392
        22     0.04723    -0.05633
        23     0.06542    -0.05777
        24     0.08361    -0.05977
        25     0.10181    -0.06144
        26     0.12000    -0.06339
        27     0.13907    -0.06616
        28     0.15814    -0.06974
        29     0.17721    -0.07427
        30     0.19628    -0.07971
        31     0.21535    -0.08605
        32     0.23442    -0.09326
        33     0.25349    -0.10121
        34     0.27256    -0.11049
        35     0.29163    -0.11942
        36     0.31070    -0.12957
        37     0.32977    -0.14044
        38     0.34884    -0.15203
        39     0.36791    -0.16435
        40     0.38698    -0.17743
        41     0.40605    -0.19138
        42     0.42512    -0.20612
        43     0.44419    -0.22173
        44     0.46326    -0.23830
        45     0.48233    -0.25577
        46     0.50140    -0.27415
        47     0.52046    -0.29344
        48     0.53953    -0.31363
        49     0.55860    -0.33447
        50     0.57767    -0.35610
        51     0.59674    -0.37850
        52     0.61581    -0.40136
        53     0.63488    -0.42474
        54     0.65395    -0.44869
        55     0.67302    -0.47303
        56     0.69209    -0.49783
        57     0.71116    -0.52300
        58     0.73023    -0.54811
        59     0.74930    -0.57451
        60     0.76837    -0.60080
        61     0.78744    -0.62747
        62     0.80651    -0.65441
        63     0.82558    -0.68148
        64     0.84465    -0.70878
        65     0.86372    -0.73608
        66     0.88279    -0.76331
        67     0.90186    -0.79050
        68     0.92093    -0.81740
        69     0.94000    -0.84412
        70     0.94493    -0.85096
        71     0.94986    -0.85779
        72     0.95480    -0.86459
        73     0.95972    -0.87136
        74     0.96465    -0.87812
        75     0.96958    -0.88484
        76     0.97100    -0.88657
        77     0.97264    -0.88808
        78     0.97446    -0.88936
        79     0.97643    -0.89039
        80     0.97853    -0.89114
        81     0.98070    -0.89162
        82     0.98292    -0.89180
        83     0.98514    -0.89164
        84     0.98733    -0.89129
        85     0.98945    -0.89060
        86     0.99146    -0.88963
        87     0.99332    -0.88841
        88     0.99500    -0.88696
        89     0.99648    -0.88529
        90     0.99772    -0.88344
        91     0.99864    -0.88145
        92     0.99924    -0.87934
        93     0.99986    -0.87716
        94     1.00000    -0.87493
  POINTS ON THE BLADE TO BE USED FOR PLOTTING 
  AND FINAL INTERPOLATION 
  N           X          YUP        YLOW        THICK 
    1      0.0000      0.0000      0.0000      0.0000
    2      0.0001      0.0013     -0.0056      0.0069
    3      0.0002      0.0040     -0.0085      0.0125
    4      0.0006      0.0069     -0.0104      0.0173
    5      0.0010      0.0097     -0.0131      0.0228
    6      0.0016      0.0125     -0.0159      0.0284
    7      0.0022      0.0158     -0.0181      0.0340
    8      0.0030      0.0191     -0.0209      0.0399
    9      0.0040      0.0224     -0.0233      0.0457
   10      0.0050      0.0257     -0.0254      0.0511
   11      0.0062      0.0290     -0.0277      0.0567
   12      0.0075      0.0316     -0.0301      0.0617
   13      0.0089      0.0343     -0.0321      0.0664
   14      0.0105      0.0371     -0.0341      0.0713
   15      0.0122      0.0402     -0.0360      0.0763
   16      0.0140      0.0436     -0.0379      0.0815
   17      0.0159      0.0471     -0.0397      0.0868
   18      0.0179      0.0509     -0.0413      0.0922
   19      0.0201      0.0549     -0.0430      0.0979
   20      0.0223      0.0591     -0.0446      0.1036
   21      0.0247      0.0635     -0.0460      0.1096
   22      0.0272      0.0682     -0.0474      0.1156
   23      0.0299      0.0731     -0.0487      0.1218
   24      0.0326      0.0782     -0.0500      0.1281
   25      0.0355      0.0830     -0.0511      0.1341
   26      0.0384      0.0864     -0.0522      0.1386
   27      0.0415      0.0898     -0.0532      0.1430
   28      0.0447      0.0935     -0.0542      0.1477
   29      0.0481      0.0972     -0.0564      0.1536
   30      0.0515      0.1011     -0.0567      0.1577
   31      0.0550      0.1051     -0.0570      0.1620
   32      0.0587      0.1092     -0.0572      0.1664
   33      0.0625      0.1134     -0.0575      0.1710
   34      0.0663      0.1168     -0.0579      0.1747
   35      0.0703      0.1201     -0.0583      0.1784
   36      0.0744      0.1234     -0.0588      0.1821
   37      0.0786      0.1268     -0.0592      0.1860
   38      0.0829      0.1303     -0.0597      0.1899
   39      0.0873      0.1338     -0.0601      0.1939
   40      0.0918      0.1374     -0.0605      0.1980
   41      0.0964      0.1402     -0.0609      0.2011
   42      0.1011      0.1430     -0.0614      0.2044
   43      0.1059      0.1458     -0.0619      0.2077
   44      0.1108      0.1488     -0.0624      0.2112
   45      0.1159      0.1517     -0.0629      0.2147
   46      0.1210      0.1545     -0.0635      0.2180
   47      0.1261      0.1563     -0.0643      0.2206
   48      0.1314      0.1581     -0.0651      0.2231
   49      0.1368      0.1599     -0.0658      0.2257
   50      0.1423      0.1618     -0.0668      0.2285
   51      0.1478      0.1640     -0.0678      0.2318
   52      0.1535      0.1672     -0.0689      0.2361
   53      0.1592      0.1702     -0.0700      0.2402
   54      0.1650      0.1716     -0.0714      0.2430
   55      0.1709      0.1731     -0.0728      0.2459
   56      0.1769      0.1746     -0.0742      0.2488
   57      0.1830      0.1758     -0.0759      0.2517
   58      0.1891      0.1769     -0.0777      0.2546
   59      0.1954      0.1780     -0.0794      0.2575
   60      0.2017      0.1787     -0.0815      0.2602
   61      0.2080      0.1793     -0.0836      0.2629
   62      0.2145      0.1799     -0.0858      0.2657
   63      0.2210      0.1801     -0.0882      0.2683
   64      0.2276      0.1803     -0.0907      0.2709
   65      0.2342      0.1804     -0.0932      0.2736
   66      0.2409      0.1801     -0.0960      0.2760
   67      0.2477      0.1797     -0.0988      0.2785
   68      0.2546      0.1793     -0.1017      0.2810
   69      0.2615      0.1784     -0.1051      0.2835
   70      0.2684      0.1775     -0.1085      0.2860
   71      0.2755      0.1765     -0.1119      0.2883
   72      0.2826      0.1751     -0.1152      0.2903
   73      0.2897      0.1737     -0.1185      0.2922
   74      0.2969      0.1720     -0.1222      0.2942
   75      0.3041      0.1701     -0.1261      0.2961
   76      0.3114      0.1681     -0.1300      0.2981
   77      0.3187      0.1656     -0.1341      0.2998
   78      0.3261      0.1632     -0.1384      0.3015
   79      0.3335      0.1604     -0.1427      0.3032
   80      0.3410      0.1574     -0.1473      0.3047
   81      0.3485      0.1544     -0.1518      0.3063
   82      0.3560      0.1509     -0.1567      0.3076
   83      0.3636      0.1473     -0.1616      0.3089
   84      0.3712      0.1435     -0.1666      0.3101
   85      0.3789      0.1393     -0.1719      0.3112
   86      0.3865      0.1351     -0.1771      0.3122
   87      0.3942      0.1304     -0.1827      0.3131
   88      0.4020      0.1256     -0.1884      0.3140
   89      0.4097      0.1206     -0.1942      0.3148
   90      0.4175      0.1152     -0.2002      0.3154
   91      0.4253      0.1098     -0.2063      0.3161
   92      0.4331      0.1038     -0.2127      0.3165
   93      0.4409      0.0978     -0.2191      0.3169
   94      0.4488      0.0914     -0.2257      0.3172
   95      0.4566      0.0848     -0.2326      0.3174
   96      0.4645      0.0781     -0.2395      0.3176
   97      0.4724      0.0709     -0.2467      0.3175
   98      0.4803      0.0636     -0.2539      0.3175
   99      0.4882      0.0560     -0.2614      0.3174
  100      0.4961      0.0481     -0.2690      0.3171
  101      0.5039      0.0401     -0.2767      0.3169
  102      0.5118      0.0317     -0.2847      0.3165
  103      0.5197      0.0233     -0.2927      0.3160
  104      0.5276      0.0144     -0.3010      0.3154
  105      0.5355      0.0055     -0.3093      0.3148
  106      0.5434     -0.0037     -0.3178      0.3141
  107      0.5512     -0.0132     -0.3264      0.3132
  108      0.5591     -0.0227     -0.3350      0.3123
  109      0.5669     -0.0327     -0.3439      0.3112
  110      0.5747     -0.0427     -0.3527      0.3101
  111      0.5825     -0.0529     -0.3618      0.3088
  112      0.5903     -0.0634     -0.3709      0.3075
  113      0.5980     -0.0739     -0.3800      0.3061
  114      0.6058     -0.0848     -0.3893      0.3045
  115      0.6135     -0.0957     -0.3985      0.3029
  116      0.6211     -0.1068     -0.4079      0.3010
  117      0.6288     -0.1181     -0.4172      0.2991
  118      0.6364     -0.1295     -0.4266      0.2972
  119      0.6440     -0.1411     -0.4361      0.2950
  120      0.6515     -0.1527     -0.4456      0.2929
  121      0.6590     -0.1645     -0.4551      0.2906
  122      0.6665     -0.1765     -0.4647      0.2882
  123      0.6739     -0.1884     -0.4742      0.2858
  124      0.6813     -0.2006     -0.4838      0.2831
  125      0.6886     -0.2128     -0.4933      0.2805
  126      0.6959     -0.2251     -0.5028      0.2777
  127      0.7031     -0.2376     -0.5124      0.2748
  128      0.7103     -0.2500     -0.5219      0.2719
  129      0.7174     -0.2626     -0.5313      0.2686
  130      0.7245     -0.2753     -0.5406      0.2653
  131      0.7316     -0.2879     -0.5499      0.2621
  132      0.7385     -0.3007     -0.5596      0.2589
  133      0.7454     -0.3135     -0.5692      0.2557
  134      0.7523     -0.3263     -0.5786      0.2523
  135      0.7591     -0.3392     -0.5880      0.2487
  136      0.7658     -0.3520     -0.5972      0.2452
  137      0.7724     -0.3650     -0.6065      0.2415
  138      0.7790     -0.3779     -0.6157      0.2378
  139      0.7855     -0.3907     -0.6248      0.2341
  140      0.7920     -0.4037     -0.6339      0.2302
  141      0.7983     -0.4165     -0.6429      0.2263
  142      0.8046     -0.4293     -0.6518      0.2225
  143      0.8109     -0.4421     -0.6606      0.2185
  144      0.8170     -0.4549     -0.6693      0.2144
  145      0.8231     -0.4675     -0.6779      0.2104
  146      0.8291     -0.4802     -0.6865      0.2063
  147      0.8350     -0.4928     -0.6949      0.2021
  148      0.8408     -0.5052     -0.7032      0.1980
  149      0.8465     -0.5176     -0.7114      0.1938
  150      0.8522     -0.5300     -0.7195      0.1896
  151      0.8577     -0.5421     -0.7275      0.1853
  152      0.8632     -0.5541     -0.7353      0.1812
  153      0.8686     -0.5661     -0.7430      0.1769
  154      0.8739     -0.5779     -0.7505      0.1726
  155      0.8790     -0.5895     -0.7580      0.1685
  156      0.8841     -0.6009     -0.7652      0.1643
  157      0.8892     -0.6123     -0.7724      0.1601
  158      0.8941     -0.6235     -0.7794      0.1559
  159      0.8989     -0.6345     -0.7862      0.1518
  160      0.9036     -0.6453     -0.7929      0.1477
  161      0.9082     -0.6559     -0.7994      0.1435
  162      0.9127     -0.6664     -0.8058      0.1394
  163      0.9171     -0.6766     -0.8120      0.1354
  164      0.9214     -0.6865     -0.8181      0.1315
  165      0.9256     -0.6963     -0.8239      0.1276
  166      0.9297     -0.7059     -0.8297      0.1238
  167      0.9337     -0.7152     -0.8352      0.1201
  168      0.9375     -0.7242     -0.8407      0.1164
  169      0.9413     -0.7331     -0.8459      0.1129
  170      0.9450     -0.7416     -0.8510      0.1094
  171      0.9485     -0.7500     -0.8559      0.1060
  172      0.9519     -0.7581     -0.8607      0.1026
  173      0.9553     -0.7659     -0.8652      0.0993
  174      0.9585     -0.7735     -0.8696      0.0961
  175      0.9616     -0.7809     -0.8739      0.0930
  176      0.9645     -0.7880     -0.8780      0.0900
  177      0.9674     -0.7948     -0.8819      0.0870
  178      0.9701     -0.8014     -0.8855      0.0841
  179      0.9728     -0.8077     -0.8882      0.0805
  180      0.9753     -0.8137     -0.8898      0.0761
  181      0.9777     -0.8195     -0.8908      0.0714
  182      0.9799     -0.8249     -0.8915      0.0665
  183      0.9821     -0.8301     -0.8917      0.0616
  184      0.9841     -0.8350     -0.8917      0.0567
  185      0.9860     -0.8396     -0.8915      0.0519
  186      0.9878     -0.8439     -0.8911      0.0472
  187      0.9895     -0.8478     -0.8906      0.0427
  188      0.9911     -0.8513     -0.8898      0.0385
  189      0.9925     -0.8545     -0.8890      0.0344
  190      0.9938     -0.8575     -0.8880      0.0306
  191      0.9950     -0.8601     -0.8870      0.0269
  192      0.9960     -0.8625     -0.8858      0.0233
  193      0.9970     -0.8646     -0.8846      0.0200
  194      0.9978     -0.8664     -0.8834      0.0170
  195      0.9984     -0.8679     -0.8819      0.0139
  196      0.9990     -0.8700     -0.8802      0.0102
  197      0.9994     -0.8715     -0.8786      0.0072
  198      0.9998     -0.8724     -0.8775      0.0051
  199      0.9999     -0.8740     -0.8759      0.0019
  200      1.0000     -0.8749     -0.8749      0.0000
 GRID EXPANSION RATIO UP=    1.17411 DOWN =    1.05711
  AXIAL,TANGENTIAL AND RADIAL COORDINATES ON THE STREAM
  SURFACE BEFORE TRANSFORMING TO R-THETA COORDINATES 
 J, XGRID,YGRID,RGRID            1   3.31966877E-02  -8.56056623E-03  0.365935385    
 J, XGRID,YGRID,RGRID            2   3.54487523E-02  -7.24684726E-03  0.365782410    
 J, XGRID,YGRID,RGRID            3   3.73792946E-02  -6.12794189E-03  0.365782499    
 J, XGRID,YGRID,RGRID            4   3.90242338E-02  -5.17496048E-03  0.365789801    
 J, XGRID,YGRID,RGRID            5   4.04255427E-02  -4.36329795E-03  0.365799218    
 J, XGRID,YGRID,RGRID            6   4.16189991E-02  -3.67199839E-03  0.365806669    
 J, XGRID,YGRID,RGRID            7   4.26352285E-02  -3.08321253E-03  0.365810722    
 J, XGRID,YGRID,RGRID            8   4.35007587E-02  -2.58173863E-03  0.365814060    
 J, XGRID,YGRID,RGRID            9   4.42379452E-02  -2.15462898E-03  0.365816951    
 J, XGRID,YGRID,RGRID           10   4.48658094E-02  -1.79085613E-03  0.365819305    
 J, XGRID,YGRID,RGRID           11   4.54005711E-02  -1.48102781E-03  0.365821332    
 J, XGRID,YGRID,RGRID           12   4.58560325E-02  -1.21714431E-03  0.365823030    
 J, XGRID,YGRID,RGRID           13   4.62439433E-02  -9.92392423E-04  0.365824431    
 J, XGRID,YGRID,RGRID           14   4.65743318E-02  -8.00969428E-04  0.365825593    
 J, XGRID,YGRID,RGRID           15   4.68557365E-02  -6.37932797E-04  0.365826607    
 J, XGRID,YGRID,RGRID           16   4.70954068E-02  -4.99073125E-04  0.365827441    
 J, XGRID,YGRID,RGRID           17   4.72995341E-02  -3.80805170E-04  0.365828127    
 J, XGRID,YGRID,RGRID           18   4.74733897E-02  -2.80075328E-04  0.365828723    
 J, XGRID,YGRID,RGRID           19   4.76214588E-02  -1.94282882E-04  0.365829170    
 J, XGRID,YGRID,RGRID           20   4.77475859E-02  -1.21212739E-04  0.365829647    
 J, XGRID,YGRID,RGRID           21   4.78550009E-02  -5.89782649E-05  0.365830004    
 J, XGRID,YGRID,RGRID           22   4.79624867E-02   6.24886772E-04  0.365828574    
 J, XGRID,YGRID,RGRID           23   4.80748862E-02   9.26306180E-04  0.365827054    
 J, XGRID,YGRID,RGRID           24   4.81926389E-02   1.14455970E-03  0.365825534    
 J, XGRID,YGRID,RGRID           25   4.83161956E-02   1.37362094E-03  0.365823746    
 J, XGRID,YGRID,RGRID           26   4.84460071E-02   1.61427737E-03  0.365821838    
 J, XGRID,YGRID,RGRID           27   4.85825203E-02   1.86736672E-03  0.365819693    
 J, XGRID,YGRID,RGRID           28   4.87262011E-02   2.13372498E-03  0.365817517    
 J, XGRID,YGRID,RGRID           29   4.88774851E-02   2.40661763E-03  0.365814984    
 J, XGRID,YGRID,RGRID           30   4.90368456E-02   2.59404955E-03  0.365812302    
 J, XGRID,YGRID,RGRID           31   4.92047220E-02   2.78316112E-03  0.365809411    
 J, XGRID,YGRID,RGRID           32   4.93815616E-02   2.98237172E-03  0.365806192    
 J, XGRID,YGRID,RGRID           33   4.95678261E-02   3.19219125E-03  0.365802765    
 J, XGRID,YGRID,RGRID           34   4.97639626E-02   3.39613110E-03  0.365799010    
 J, XGRID,YGRID,RGRID           35   4.99704257E-02   3.56380618E-03  0.365794927    
 J, XGRID,YGRID,RGRID           36   5.01875654E-02   3.73961590E-03  0.365790546    
 J, XGRID,YGRID,RGRID           37   5.04154377E-02   3.92412022E-03  0.365785718    
 J, XGRID,YGRID,RGRID           38   5.06545678E-02   4.09536902E-03  0.365780592    
 J, XGRID,YGRID,RGRID           39   5.09055555E-02   4.24334500E-03  0.365774989    
 J, XGRID,YGRID,RGRID           40   5.11690564E-02   4.40022117E-03  0.365768939    
 J, XGRID,YGRID,RGRID           41   5.14458045E-02   4.54917643E-03  0.365762413    
 J, XGRID,YGRID,RGRID           42   5.17365895E-02   4.64592082E-03  0.365755290    
 J, XGRID,YGRID,RGRID           43   5.20421192E-02   4.74957377E-03  0.365747780    
 J, XGRID,YGRID,RGRID           44   5.23629859E-02   4.90767695E-03  0.365739584    
 J, XGRID,YGRID,RGRID           45   5.27002327E-02   5.03663998E-03  0.365730762    
 J, XGRID,YGRID,RGRID           46   5.30550927E-02   5.12595009E-03  0.365721285    
 J, XGRID,YGRID,RGRID           47   5.34288920E-02   5.19466493E-03  0.365711123    
 J, XGRID,YGRID,RGRID           48   5.38230874E-02   5.24887489E-03  0.365700096    
 J, XGRID,YGRID,RGRID           49   5.42392991E-02   5.28401928E-03  0.365688354    
 J, XGRID,YGRID,RGRID           50   5.46825454E-02   5.29396581E-03  0.365675509    
 J, XGRID,YGRID,RGRID           51   5.51592484E-02   5.27243223E-03  0.365661711    
 J, XGRID,YGRID,RGRID           52   5.56698740E-02   5.21984650E-03  0.365646660    
 J, XGRID,YGRID,RGRID           53   5.62140942E-02   5.12820482E-03  0.365630567    
 J, XGRID,YGRID,RGRID           54   5.67905456E-02   4.99056187E-03  0.365613520    
 J, XGRID,YGRID,RGRID           55   5.73970340E-02   4.80179209E-03  0.365595579    
 J, XGRID,YGRID,RGRID           56   5.80303669E-02   4.55909455E-03  0.365577042    
 J, XGRID,YGRID,RGRID           57   5.86803108E-02   4.25303588E-03  0.365558296    
 J, XGRID,YGRID,RGRID           58   5.93364462E-02   3.88987595E-03  0.365539819    
 J, XGRID,YGRID,RGRID           59   5.99952340E-02   3.46881663E-03  0.365521848    
 J, XGRID,YGRID,RGRID           60   6.06537908E-02   2.99050682E-03  0.365504563    
 J, XGRID,YGRID,RGRID           61   6.13099001E-02   2.45725014E-03  0.365488231    
 J, XGRID,YGRID,RGRID           62   6.19619489E-02   1.87131076E-03  0.365472853    
 J, XGRID,YGRID,RGRID           63   6.26090318E-02   1.23144011E-03  0.365458667    
 J, XGRID,YGRID,RGRID           64   6.32555485E-02   5.38092107E-04  0.365445733    
 J, XGRID,YGRID,RGRID           65   6.39043599E-02  -2.12512474E-04  0.365434051    
 J, XGRID,YGRID,RGRID           66   6.45549446E-02  -1.01684080E-03  0.365423679    
 J, XGRID,YGRID,RGRID           67   6.52064756E-02  -1.87462626E-03  0.365414977    
 J, XGRID,YGRID,RGRID           68   6.58577383E-02  -2.78036995E-03  0.365407884    
 J, XGRID,YGRID,RGRID           69   6.65072352E-02  -3.73620586E-03  0.365402669    
 J, XGRID,YGRID,RGRID           70   6.71531335E-02  -4.73330030E-03  0.365399480    
 J, XGRID,YGRID,RGRID           71   6.77896664E-02  -5.75943803E-03  0.365398228    
 J, XGRID,YGRID,RGRID           72   6.84132576E-02  -6.80981297E-03  0.365399122    
 J, XGRID,YGRID,RGRID           73   6.90222234E-02  -7.87653495E-03  0.365402013    
 J, XGRID,YGRID,RGRID           74   6.96151555E-02  -8.95397924E-03  0.365406871    
 J, XGRID,YGRID,RGRID           75   7.01910555E-02  -1.00375749E-02  0.365413666    
 J, XGRID,YGRID,RGRID           76   7.07492009E-02  -1.11229355E-02  0.365422249    
 J, XGRID,YGRID,RGRID           77   7.12891966E-02  -1.22040194E-02  0.365432441    
 J, XGRID,YGRID,RGRID           78   7.18130171E-02  -1.32811237E-02  0.365444303    
 J, XGRID,YGRID,RGRID           79   7.23212138E-02  -1.43533591E-02  0.365457654    
 J, XGRID,YGRID,RGRID           80   7.28137642E-02  -1.54169602E-02  0.365472376    
 J, XGRID,YGRID,RGRID           81   7.32906982E-02  -1.64668839E-02  0.365488410    
 J, XGRID,YGRID,RGRID           82   7.37520233E-02  -1.74989123E-02  0.365505546    
 J, XGRID,YGRID,RGRID           83   7.41977245E-02  -1.85153373E-02  0.365523815    
 J, XGRID,YGRID,RGRID           84   7.46278018E-02  -1.95085183E-02  0.365542889    
 J, XGRID,YGRID,RGRID           85   7.50423074E-02  -2.04738304E-02  0.365562797    
 J, XGRID,YGRID,RGRID           86   7.54412115E-02  -2.14091353E-02  0.365583330    
 J, XGRID,YGRID,RGRID           87   7.58245066E-02  -2.23135650E-02  0.365604281    
 J, XGRID,YGRID,RGRID           88   7.61922225E-02  -2.31910143E-02  0.365625709    
 J, XGRID,YGRID,RGRID           89   7.65443891E-02  -2.40370203E-02  0.365647405    
 J, XGRID,YGRID,RGRID           90   7.68809691E-02  -2.48488616E-02  0.365669191    
 J, XGRID,YGRID,RGRID           91   7.72019923E-02  -2.56769191E-02  0.365690976    
 J, XGRID,YGRID,RGRID           92   7.75234401E-02  -2.61927154E-02  0.365716845    
 J, XGRID,YGRID,RGRID           93   7.78631568E-02  -2.67378744E-02  0.365745038    
 J, XGRID,YGRID,RGRID           94   7.82221630E-02  -2.73141675E-02  0.365775794    
 J, XGRID,YGRID,RGRID           95   7.86015466E-02  -2.79233735E-02  0.365809292    
 J, XGRID,YGRID,RGRID           96   7.90024623E-02  -2.85673756E-02  0.365846038    
 J, XGRID,YGRID,RGRID           97   7.94261172E-02  -2.92481557E-02  0.365886211    
 J, XGRID,YGRID,RGRID           98   7.98737854E-02  -2.99678165E-02  0.365930200    
 J, XGRID,YGRID,RGRID           99   8.03468078E-02  -3.07285767E-02  0.365978450    
 J, XGRID,YGRID,RGRID          100   8.08465853E-02  -3.15327905E-02  0.366031468    
 J, XGRID,YGRID,RGRID          101   8.13746378E-02  -3.23829278E-02  0.366089702    
 J, XGRID,YGRID,RGRID          102   8.19325224E-02  -3.32816243E-02  0.366153747    
 J, XGRID,YGRID,RGRID          103   8.25218782E-02  -3.42316441E-02  0.366224349    
 J, XGRID,YGRID,RGRID          104   8.31444785E-02  -3.52359228E-02  0.366302222    
 J, XGRID,YGRID,RGRID          105   8.38021189E-02  -3.62975560E-02  0.366388172    
 J, XGRID,YGRID,RGRID          106   8.44966620E-02  -3.74198221E-02  0.366483897    

  THE BLADE CENTROID ON THE X-Y SURFACE IS AT X, Y=    0.06200  -0.00536


  THE J VALUE OF THE CENTROID IS J =           63

  THE CENTROID ON THE STREAM SURFACE IS AT   6.19956069E-02   0.00000000    
  THE HUB SECTION CENTROID IS AT   6.12384640E-02   0.00000000    

  AXIAL & RADIAL COORDINATES ON THE SS AFTER STACKING 
  J  , XGRID,RGRID            1   3.24395448E-02  0.365935385    
  J  , XGRID,RGRID            2   3.46916094E-02  0.365782410    
  J  , XGRID,RGRID            3   3.66221517E-02  0.365782499    
  J  , XGRID,RGRID            4   3.82670909E-02  0.365789801    
  J  , XGRID,RGRID            5   3.96683998E-02  0.365799218    
  J  , XGRID,RGRID            6   4.08618562E-02  0.365806669    
  J  , XGRID,RGRID            7   4.18780856E-02  0.365810722    
  J  , XGRID,RGRID            8   4.27436158E-02  0.365814060    
  J  , XGRID,RGRID            9   4.34808023E-02  0.365816951    
  J  , XGRID,RGRID           10   4.41086665E-02  0.365819305    
  J  , XGRID,RGRID           11   4.46434282E-02  0.365821332    
  J  , XGRID,RGRID           12   4.50988896E-02  0.365823030    
  J  , XGRID,RGRID           13   4.54868004E-02  0.365824431    
  J  , XGRID,RGRID           14   4.58171889E-02  0.365825593    
  J  , XGRID,RGRID           15   4.60985936E-02  0.365826607    
  J  , XGRID,RGRID           16   4.63382639E-02  0.365827441    
  J  , XGRID,RGRID           17   4.65423912E-02  0.365828127    
  J  , XGRID,RGRID           18   4.67162468E-02  0.365828723    
  J  , XGRID,RGRID           19   4.68643159E-02  0.365829170    
  J  , XGRID,RGRID           20   4.69904430E-02  0.365829647    
  J  , XGRID,RGRID           21   4.70978580E-02  0.365830004    
  J  , XGRID,RGRID           22   4.72053438E-02  0.365828574    
  J  , XGRID,RGRID           23   4.73177433E-02  0.365827054    
  J  , XGRID,RGRID           24   4.74354960E-02  0.365825534    
  J  , XGRID,RGRID           25   4.75590527E-02  0.365823746    
  J  , XGRID,RGRID           26   4.76888642E-02  0.365821838    
  J  , XGRID,RGRID           27   4.78253774E-02  0.365819693    
  J  , XGRID,RGRID           28   4.79690582E-02  0.365817517    
  J  , XGRID,RGRID           29   4.81203422E-02  0.365814984    
  J  , XGRID,RGRID           30   4.82797027E-02  0.365812302    
  J  , XGRID,RGRID           31   4.84475791E-02  0.365809411    
  J  , XGRID,RGRID           32   4.86244187E-02  0.365806192    
  J  , XGRID,RGRID           33   4.88106832E-02  0.365802765    
  J  , XGRID,RGRID           34   4.90068197E-02  0.365799010    
  J  , XGRID,RGRID           35   4.92132828E-02  0.365794927    
  J  , XGRID,RGRID           36   4.94304225E-02  0.365790546    
  J  , XGRID,RGRID           37   4.96582948E-02  0.365785718    
  J  , XGRID,RGRID           38   4.98974249E-02  0.365780592    
  J  , XGRID,RGRID           39   5.01484126E-02  0.365774989    
  J  , XGRID,RGRID           40   5.04119135E-02  0.365768939    
  J  , XGRID,RGRID           41   5.06886616E-02  0.365762413    
  J  , XGRID,RGRID           42   5.09794466E-02  0.365755290    
  J  , XGRID,RGRID           43   5.12849763E-02  0.365747780    
  J  , XGRID,RGRID           44   5.16058430E-02  0.365739584    
  J  , XGRID,RGRID           45   5.19430898E-02  0.365730762    
  J  , XGRID,RGRID           46   5.22979498E-02  0.365721285    
  J  , XGRID,RGRID           47   5.26717491E-02  0.365711123    
  J  , XGRID,RGRID           48   5.30659445E-02  0.365700096    
  J  , XGRID,RGRID           49   5.34821562E-02  0.365688354    
  J  , XGRID,RGRID           50   5.39254025E-02  0.365675509    
  J  , XGRID,RGRID           51   5.44021055E-02  0.365661711    
  J  , XGRID,RGRID           52   5.49127311E-02  0.365646660    
  J  , XGRID,RGRID           53   5.54569513E-02  0.365630567    
  J  , XGRID,RGRID           54   5.60334027E-02  0.365613520    
  J  , XGRID,RGRID           55   5.66398911E-02  0.365595579    
  J  , XGRID,RGRID           56   5.72732240E-02  0.365577042    
  J  , XGRID,RGRID           57   5.79231679E-02  0.365558296    
  J  , XGRID,RGRID           58   5.85793033E-02  0.365539819    
  J  , XGRID,RGRID           59   5.92380911E-02  0.365521848    
  J  , XGRID,RGRID           60   5.98966479E-02  0.365504563    
  J  , XGRID,RGRID           61   6.05527572E-02  0.365488231    
  J  , XGRID,RGRID           62   6.12048060E-02  0.365472853    
  J  , XGRID,RGRID           63   6.18518889E-02  0.365458667    
  J  , XGRID,RGRID           64   6.24984056E-02  0.365445733    
  J  , XGRID,RGRID           65   6.31472170E-02  0.365434051    
  J  , XGRID,RGRID           66   6.37978017E-02  0.365423679    
  J  , XGRID,RGRID           67   6.44493327E-02  0.365414977    
  J  , XGRID,RGRID           68   6.51005954E-02  0.365407884    
  J  , XGRID,RGRID           69   6.57500923E-02  0.365402669    
  J  , XGRID,RGRID           70   6.63959906E-02  0.365399480    
  J  , XGRID,RGRID           71   6.70325235E-02  0.365398228    
  J  , XGRID,RGRID           72   6.76561147E-02  0.365399122    
  J  , XGRID,RGRID           73   6.82650805E-02  0.365402013    
  J  , XGRID,RGRID           74   6.88580126E-02  0.365406871    
  J  , XGRID,RGRID           75   6.94339126E-02  0.365413666    
  J  , XGRID,RGRID           76   6.99920580E-02  0.365422249    
  J  , XGRID,RGRID           77   7.05320537E-02  0.365432441    
  J  , XGRID,RGRID           78   7.10558742E-02  0.365444303    
  J  , XGRID,RGRID           79   7.15640709E-02  0.365457654    
  J  , XGRID,RGRID           80   7.20566213E-02  0.365472376    
  J  , XGRID,RGRID           81   7.25335553E-02  0.365488410    
  J  , XGRID,RGRID           82   7.29948804E-02  0.365505546    
  J  , XGRID,RGRID           83   7.34405816E-02  0.365523815    
  J  , XGRID,RGRID           84   7.38706589E-02  0.365542889    
  J  , XGRID,RGRID           85   7.42851645E-02  0.365562797    
  J  , XGRID,RGRID           86   7.46840686E-02  0.365583330    
  J  , XGRID,RGRID           87   7.50673637E-02  0.365604281    
  J  , XGRID,RGRID           88   7.54350796E-02  0.365625709    
  J  , XGRID,RGRID           89   7.57872462E-02  0.365647405    
  J  , XGRID,RGRID           90   7.61238262E-02  0.365669191    
  J  , XGRID,RGRID           91   7.64448494E-02  0.365690976    
  J  , XGRID,RGRID           92   7.67662972E-02  0.365716845    
  J  , XGRID,RGRID           93   7.71060139E-02  0.365745038    
  J  , XGRID,RGRID           94   7.74650201E-02  0.365775794    
  J  , XGRID,RGRID           95   7.78444037E-02  0.365809292    
  J  , XGRID,RGRID           96   7.82453194E-02  0.365846038    
  J  , XGRID,RGRID           97   7.86689743E-02  0.365886211    
  J  , XGRID,RGRID           98   7.91166425E-02  0.365930200    
  J  , XGRID,RGRID           99   7.95896649E-02  0.365978450    
  J  , XGRID,RGRID          100   8.00894424E-02  0.366031468    
  J  , XGRID,RGRID          101   8.06174949E-02  0.366089702    
  J  , XGRID,RGRID          102   8.11753795E-02  0.366153747    
  J  , XGRID,RGRID          103   8.17647353E-02  0.366224349    
  J  , XGRID,RGRID          104   8.23873356E-02  0.366302222    
  J  , XGRID,RGRID          105   8.30449760E-02  0.366388172    
  J  , XGRID,RGRID          106   8.37395191E-02  0.366483897    
          20          70          15
   IIN     XIN       REL SPACING 
    1       0.00000   0.50000
    2       0.10000   0.70000
    3       0.20000   1.00000
    4       0.30000   1.40000
    5       0.40000   2.00000
    6       0.50000   3.00000
    7       0.60000   3.00000
    8       0.70000   3.00000
    9       0.80000   2.50000
   10       0.90000   2.00000
   11       1.00000   1.50000

 INTERPOLATED POSITIONS OF THE GRID POINTS ON THE BLADE
 AND THE RELATIVE SPACING OF THE POINTS 

    1       0.00000   0.50000
    2       0.01449   0.52279
    3       0.02899   0.54768
    4       0.04348   0.57467
    5       0.05797   0.60376
    6       0.07246   0.63495
    7       0.08696   0.66824
    8       0.10145   0.70363
    9       0.11594   0.74113
   10       0.13043   0.78072
   11       0.14493   0.82241
   12       0.15942   0.86620
   13       0.17391   0.91210
   14       0.18841   0.96009
   15       0.20290   1.00970
   16       0.21739   1.05957
   17       0.23188   1.11190
   18       0.24638   1.16701
   19       0.26087   1.22518
   20       0.27536   1.28674
   21       0.28986   1.35198
   22       0.30435   1.42048
   23       0.31884   1.49170
   24       0.33333   1.56790
   25       0.34783   1.64971
   26       0.36232   1.73773
   27       0.37681   1.83256
   28       0.39130   1.93482
   29       0.40580   2.06053
   30       0.42029   2.21595
   31       0.43478   2.37380
   32       0.44928   2.52982
   33       0.46377   2.67976
   34       0.47826   2.81935
   35       0.49275   2.94432
   36       0.50725   3.02159
   37       0.52174   3.05055
   38       0.53623   3.06306
   39       0.55072   3.06219
   40       0.56522   3.05096
   41       0.57971   3.03242
   42       0.59420   3.00963
   43       0.60870   3.00719
   44       0.62319   3.01828
   45       0.63768   3.02694
   46       0.65217   3.03164
   47       0.66667   3.03086
   48       0.68116   3.02308
   49       0.69565   3.00678
   50       0.71014   2.96370
   51       0.72464   2.90395
   52       0.73913   2.83628
   53       0.75362   2.76222
   54       0.76812   2.68329
   55       0.78261   2.60101
   56       0.79710   2.51691
   57       0.81159   2.44203
   58       0.82609   2.36957
   59       0.84058   2.29710
   60       0.85507   2.22464
   61       0.86957   2.15217
   62       0.88406   2.07971
   63       0.89855   2.00725
   64       0.91304   1.93478
   65       0.92754   1.86232
   66       0.94203   1.78985
   67       0.95652   1.71739
   68       0.97101   1.64493
   69       0.98551   1.57246
   70       1.00000   1.50000
  REARRANGED AND SCALED INPUT BLADE SECTION 
  N     XSURF       YSURF 
    1       0.00249   0.01865
    2       0.00120   0.01373
    3       0.00040   0.00900
    4       0.01129   0.00443
    5       0.00000   0.00000
    6       0.00053  -0.00635
    7       0.00169  -0.01246
    8       0.00334  -0.01838
    9       0.00546  -0.02412
   10       0.00793  -0.02972
   11       0.01077  -0.03519
   12       0.01384  -0.04057
   13       0.01719  -0.04584
   14       0.02075  -0.05104
   15       0.02449  -0.05616
   16       0.02844  -0.06120
   17       0.03252  -0.06620
   18       0.03675  -0.07114
   19       0.05756  -0.09307
   20       0.07837  -0.11144
   21       0.09918  -0.12767
   22       0.12000  -0.14131
   23       0.13953  -0.15306
   24       0.15907  -0.16246
   25       0.17860  -0.17043
   26       0.19814  -0.17733
   27       0.21767  -0.18283
   28       0.23721  -0.18692
   29       0.25674  -0.18988
   30       0.27627  -0.19180
   31       0.29581  -0.19246
   32       0.31534  -0.19191
   33       0.33488  -0.19015
   34       0.35441  -0.18718
   35       0.37395  -0.18300
   36       0.39348  -0.17762
   37       0.41302  -0.17080
   38       0.43255  -0.16258
   39       0.45209  -0.15301
   40       0.47162  -0.14207
   41       0.49115  -0.12926
   42       0.51069  -0.11488
   43       0.53022  -0.09893
   44       0.54976  -0.08128
   45       0.56929  -0.06149
   46       0.58883  -0.03987
   47       0.60836  -0.01628
   48       0.62790   0.00950
   49       0.64743   0.03732
   50       0.66697   0.06719
   51       0.68650   0.09907
   52       0.70603   0.13292
   53       0.72557   0.16878
   54       0.74510   0.20651
   55       0.76464   0.24619
   56       0.78417   0.28780
   57       0.80371   0.33197
   58       0.82324   0.37837
   59       0.84278   0.42719
   60       0.86231   0.47854
   61       0.88185   0.53233
   62       0.90138   0.58747
   63       0.92091   0.64426
   64       0.94045   0.70272
   65       0.95998   0.76035
   66       0.96656   0.77983
   67       0.97313   0.79936
   68       0.97970   0.81862
   69       0.98628   0.83779
   70       0.99285   0.85688
   71       0.99942   0.87591
   72       0.99980   0.87731
   73       1.00000   0.87874
   74       0.99997   0.88019
   75       0.99977   0.88162
   76       0.99943   0.88301
   77       0.99879   0.88434
   78       0.99804   0.88557
   79       0.99712   0.88669
   80       0.99607   0.88768
   81       0.99489   0.88852
   82       0.99358   0.88919
   83       0.99225   0.88968
   84       0.99084   0.88999
   85       0.98940   0.89010
   86       0.98795   0.89002
   87       0.98653   0.88974
   88       0.98516   0.88928
   89       0.98387   0.88863
   90       0.98267   0.88781
   91       0.98160   0.88685
   92       0.98067   0.88574
   93       0.97989   0.88452
   94       0.97657   0.87848
   95       0.97325   0.87245
   96       0.96994   0.86645
   97       0.96662   0.86046
   98       0.96330   0.85450
   99       0.95998   0.84855
  100       0.94045   0.81395
  101       0.92091   0.78004
  102       0.90138   0.74677
  103       0.88185   0.71421
  104       0.86231   0.68239
  105       0.84278   0.65131
  106       0.82324   0.62086
  107       0.80371   0.59118
  108       0.78417   0.56235
  109       0.76464   0.53437
  110       0.74510   0.50711
  111       0.72557   0.48074
  112       0.70603   0.45529
  113       0.68650   0.43076
  114       0.66697   0.40715
  115       0.64743   0.38492
  116       0.62790   0.36270
  117       0.60836   0.34186
  118       0.58883   0.32193
  119       0.56929   0.30292
  120       0.54976   0.28489
  121       0.53022   0.26777
  122       0.51069   0.25151
  123       0.50243   0.23612
  124       0.47162   0.22169
  125       0.45209   0.20820
  126       0.43255   0.19547
  127       0.41302   0.18348
  128       0.39348   0.17225
  129       0.37395   0.16201
  130       0.35441   0.15256
  131       0.33488   0.14367
  132       0.31534   0.13536
  133       0.29581   0.12761
  134       0.27627   0.12058
  135       0.25674   0.11433
  136       0.23721   0.10844
  137       0.21767   0.10290
  138       0.19814   0.09771
  139       0.17860   0.09301
  140       0.15907   0.08869
  141       0.13953   0.08451
  142       0.12000   0.08047
  143       0.10975   0.07840
  144       0.09951   0.07637
  145       0.08926   0.07446
  146       0.07901   0.07229
  147       0.07172   0.07094
  148       0.06762   0.06940
  149       0.06215   0.06762
  150       0.05679   0.06568
  151       0.05154   0.06359
  152       0.04640   0.06136
  153       0.04138   0.05894
  154       0.03644   0.05641
  155       0.03169   0.05361
  156       0.02712   0.05055
  157       0.02270   0.04727
  158       0.01855   0.04363
  159       0.01460   0.03968
  160       0.01099   0.03525
  161       0.00772   0.03034
  162       0.00486   0.02485
  COORDINATES GOING ROUND THE BLADE AFTER ANY ROTATION
     N        XSURF        YSURF 
         1     0.00249     0.01865
         2     0.00120     0.01373
         3     0.00040     0.00900
         4     0.01129     0.00443
         5     0.00000     0.00000
         6     0.00053    -0.00635
         7     0.00169    -0.01246
         8     0.00334    -0.01838
         9     0.00546    -0.02412
        10     0.00793    -0.02972
        11     0.01077    -0.03519
        12     0.01384    -0.04057
        13     0.01719    -0.04584
        14     0.02075    -0.05104
        15     0.02449    -0.05616
        16     0.02844    -0.06120
        17     0.03252    -0.06620
        18     0.03675    -0.07114
        19     0.05756    -0.09307
        20     0.07837    -0.11144
        21     0.09918    -0.12767
        22     0.12000    -0.14131
        23     0.13953    -0.15306
        24     0.15907    -0.16246
        25     0.17860    -0.17043
        26     0.19814    -0.17733
        27     0.21767    -0.18283
        28     0.23721    -0.18692
        29     0.25674    -0.18988
        30     0.27627    -0.19180
        31     0.29581    -0.19246
        32     0.31534    -0.19191
        33     0.33488    -0.19015
        34     0.35441    -0.18718
        35     0.37395    -0.18300
        36     0.39348    -0.17762
        37     0.41302    -0.17080
        38     0.43255    -0.16258
        39     0.45209    -0.15301
        40     0.47162    -0.14207
        41     0.49115    -0.12926
        42     0.51069    -0.11488
        43     0.53022    -0.09893
        44     0.54976    -0.08128
        45     0.56929    -0.06149
        46     0.58883    -0.03987
        47     0.60836    -0.01628
        48     0.62790     0.00950
        49     0.64743     0.03732
        50     0.66697     0.06719
        51     0.68650     0.09907
        52     0.70603     0.13292
        53     0.72557     0.16878
        54     0.74510     0.20651
        55     0.76464     0.24619
        56     0.78417     0.28780
        57     0.80371     0.33197
        58     0.82324     0.37837
        59     0.84278     0.42719
        60     0.86231     0.47854
        61     0.88185     0.53233
        62     0.90138     0.58747
        63     0.92091     0.64426
        64     0.94045     0.70272
        65     0.95998     0.76035
        66     0.96656     0.77983
        67     0.97313     0.79936
        68     0.97970     0.81862
        69     0.98628     0.83779
        70     0.99285     0.85688
        71     0.99942     0.87591
        72     0.99980     0.87731
        73     1.00000     0.87874
        74     0.99997     0.88019
        75     0.99977     0.88162
        76     0.99943     0.88301
        77     0.99879     0.88434
        78     0.99804     0.88557
        79     0.99712     0.88669
        80     0.99607     0.88768
        81     0.99489     0.88852
        82     0.99358     0.88919
        83     0.99225     0.88968
        84     0.99084     0.88999
        85     0.98940     0.89010
        86     0.98795     0.89002
        87     0.98653     0.88974
        88     0.98516     0.88928
        89     0.98387     0.88863
        90     0.98267     0.88781
        91     0.98160     0.88685
        92     0.98067     0.88574
        93     0.97989     0.88452
        94     0.97657     0.87848
        95     0.97325     0.87245
        96     0.96994     0.86645
        97     0.96662     0.86046
        98     0.96330     0.85450
        99     0.95998     0.84855
       100     0.94045     0.81395
       101     0.92091     0.78004
       102     0.90138     0.74677
       103     0.88185     0.71421
       104     0.86231     0.68239
       105     0.84278     0.65131
       106     0.82324     0.62086
       107     0.80371     0.59118
       108     0.78417     0.56235
       109     0.76464     0.53437
       110     0.74510     0.50711
       111     0.72557     0.48074
       112     0.70603     0.45529
       113     0.68650     0.43076
       114     0.66697     0.40715
       115     0.64743     0.38492
       116     0.62790     0.36270
       117     0.60836     0.34186
       118     0.58883     0.32193
       119     0.56929     0.30292
       120     0.54976     0.28489
       121     0.53022     0.26777
       122     0.51069     0.25151
       123     0.50243     0.23612
       124     0.47162     0.22169
       125     0.45209     0.20820
       126     0.43255     0.19547
       127     0.41302     0.18348
       128     0.39348     0.17225
       129     0.37395     0.16201
       130     0.35441     0.15256
       131     0.33488     0.14367
       132     0.31534     0.13536
       133     0.29581     0.12761
       134     0.27627     0.12058
       135     0.25674     0.11433
       136     0.23721     0.10844
       137     0.21767     0.10290
       138     0.19814     0.09771
       139     0.17860     0.09301
       140     0.15907     0.08869
       141     0.13953     0.08451
       142     0.12000     0.08047
       143     0.10975     0.07840
       144     0.09951     0.07637
       145     0.08926     0.07446
       146     0.07901     0.07229
       147     0.07172     0.07094
       148     0.06762     0.06940
       149     0.06215     0.06762
       150     0.05679     0.06568
       151     0.05154     0.06359
       152     0.04640     0.06136
       153     0.04138     0.05894
       154     0.03644     0.05641
       155     0.03169     0.05361
       156     0.02712     0.05055
       157     0.02270     0.04727
       158     0.01855     0.04363
       159     0.01460     0.03968
       160     0.01099     0.03525
       161     0.00772     0.03034
       162     0.00486     0.02485
  LEADING EDGE POINT =            5  TE POINT =          73

  NO OF SUCT S POINTS          69  NO PRESS S POINTS          95
  XMIN,XMAX, XCHORD     0.00000000       1.00000000       1.00000000    

   SUCTION SURFACE POINTS FROM LE TO TE.
         1     0.00000     0.00000
         2     0.00053    -0.00635
         3     0.00169    -0.01246
         4     0.00334    -0.01838
         5     0.00546    -0.02412
         6     0.00793    -0.02972
         7     0.01077    -0.03519
         8     0.01384    -0.04057
         9     0.01719    -0.04584
        10     0.02075    -0.05104
        11     0.02449    -0.05616
        12     0.02844    -0.06120
        13     0.03252    -0.06620
        14     0.03675    -0.07114
        15     0.05756    -0.09307
        16     0.07837    -0.11144
        17     0.09918    -0.12767
        18     0.12000    -0.14131
        19     0.13953    -0.15306
        20     0.15907    -0.16246
        21     0.17860    -0.17043
        22     0.19814    -0.17733
        23     0.21767    -0.18283
        24     0.23721    -0.18692
        25     0.25674    -0.18988
        26     0.27627    -0.19180
        27     0.29581    -0.19246
        28     0.31534    -0.19191
        29     0.33488    -0.19015
        30     0.35441    -0.18718
        31     0.37395    -0.18300
        32     0.39348    -0.17762
        33     0.41302    -0.17080
        34     0.43255    -0.16258
        35     0.45209    -0.15301
        36     0.47162    -0.14207
        37     0.49115    -0.12926
        38     0.51069    -0.11488
        39     0.53022    -0.09893
        40     0.54976    -0.08128
        41     0.56929    -0.06149
        42     0.58883    -0.03987
        43     0.60836    -0.01628
        44     0.62790     0.00950
        45     0.64743     0.03732
        46     0.66697     0.06719
        47     0.68650     0.09907
        48     0.70603     0.13292
        49     0.72557     0.16878
        50     0.74510     0.20651
        51     0.76464     0.24619
        52     0.78417     0.28780
        53     0.80371     0.33197
        54     0.82324     0.37837
        55     0.84278     0.42719
        56     0.86231     0.47854
        57     0.88185     0.53233
        58     0.90138     0.58747
        59     0.92091     0.64426
        60     0.94045     0.70272
        61     0.95998     0.76035
        62     0.96656     0.77983
        63     0.97313     0.79936
        64     0.97970     0.81862
        65     0.98628     0.83779
        66     0.99285     0.85688
        67     0.99942     0.87591
        68     0.99980     0.87731
        69     1.00000     0.87874

   PRESSURE SURFACE POINTS FROM LE TO TE.
         1     0.00000     0.00000
         2     0.01129     0.00443
         3     0.00040     0.00900
         4     0.00120     0.01373
         5     0.00249     0.01865
         6     0.00486     0.02485
         7     0.00772     0.03034
         8     0.01099     0.03525
         9     0.01460     0.03968
        10     0.01855     0.04363
        11     0.02270     0.04727
        12     0.02712     0.05055
        13     0.03169     0.05361
        14     0.03644     0.05641
        15     0.04138     0.05894
        16     0.04640     0.06136
        17     0.05154     0.06359
        18     0.05679     0.06568
        19     0.06215     0.06762
        20     0.06762     0.06940
        21     0.07172     0.07094
        22     0.07901     0.07229
        23     0.08926     0.07446
        24     0.09951     0.07637
        25     0.10975     0.07840
        26     0.12000     0.08047
        27     0.13953     0.08451
        28     0.15907     0.08869
        29     0.17860     0.09301
        30     0.19814     0.09771
        31     0.21767     0.10290
        32     0.23721     0.10844
        33     0.25674     0.11433
        34     0.27627     0.12058
        35     0.29581     0.12761
        36     0.31534     0.13536
        37     0.33488     0.14367
        38     0.35441     0.15256
        39     0.37395     0.16201
        40     0.39348     0.17225
        41     0.41302     0.18348
        42     0.43255     0.19547
        43     0.45209     0.20820
        44     0.47162     0.22169
        45     0.50243     0.23612
        46     0.51069     0.25151
        47     0.53022     0.26777
        48     0.54976     0.28489
        49     0.56929     0.30292
        50     0.58883     0.32193
        51     0.60836     0.34186
        52     0.62790     0.36270
        53     0.64743     0.38492
        54     0.66697     0.40715
        55     0.68650     0.43076
        56     0.70603     0.45529
        57     0.72557     0.48074
        58     0.74510     0.50711
        59     0.76464     0.53437
        60     0.78417     0.56235
        61     0.80371     0.59118
        62     0.82324     0.62086
        63     0.84278     0.65131
        64     0.86231     0.68239
        65     0.88185     0.71421
        66     0.90138     0.74677
        67     0.92091     0.78004
        68     0.94045     0.81395
        69     0.95998     0.84855
        70     0.96330     0.85450
        71     0.96662     0.86046
        72     0.96994     0.86645
        73     0.97325     0.87245
        74     0.97657     0.87848
        75     0.97989     0.88452
        76     0.98067     0.88574
        77     0.98160     0.88685
        78     0.98267     0.88781
        79     0.98387     0.88863
        80     0.98516     0.88928
        81     0.98653     0.88974
        82     0.98795     0.89002
        83     0.98940     0.89010
        84     0.99084     0.88999
        85     0.99225     0.88968
        86     0.99358     0.88919
        87     0.99489     0.88852
        88     0.99607     0.88768
        89     0.99712     0.88669
        90     0.99804     0.88557
        91     0.99879     0.88434
        92     0.99943     0.88301
        93     0.99977     0.88162
        94     0.99997     0.88019
        95     1.00000     0.87874
  POINTS ON THE BLADE TO BE USED FOR PLOTTING 
  AND FINAL INTERPOLATION 
  N           X          YUP        YLOW        THICK 
    1      0.0000      0.0000      0.0000      0.0000
    2      0.0001     -0.0007      0.0000      0.0008
    3      0.0002     -0.0030      0.0001      0.0031
    4      0.0006     -0.0065      0.0002      0.0067
    5      0.0010     -0.0088      0.0004      0.0092
    6      0.0016     -0.0118      0.0006      0.0124
    7      0.0022     -0.0144      0.0009      0.0153
    8      0.0030     -0.0173      0.0012      0.0185
    9      0.0040     -0.0201      0.0016      0.0217
   10      0.0050     -0.0230      0.0020      0.0249
   11      0.0062     -0.0258      0.0024      0.0283
   12      0.0075     -0.0288      0.0029      0.0317
   13      0.0089     -0.0317      0.0035      0.0352
   14      0.0105     -0.0347      0.0041      0.0388
   15      0.0122     -0.0376      0.0367      0.0743
   16      0.0140     -0.0408      0.0389      0.0796
   17      0.0159     -0.0438      0.0409      0.0847
   18      0.0179     -0.0469      0.0430      0.0898
   19      0.0201     -0.0500      0.0449      0.0950
   20      0.0223     -0.0532      0.0469      0.1001
   21      0.0247     -0.0564      0.0488      0.1052
   22      0.0272     -0.0597      0.0506      0.1103
   23      0.0299     -0.0629      0.0524      0.1153
   24      0.0326     -0.0663      0.0541      0.1204
   25      0.0355     -0.0696      0.0558      0.1255
   26      0.0384     -0.0729      0.0574      0.1303
   27      0.0415     -0.0762      0.0590      0.1352
   28      0.0447     -0.0796      0.0606      0.1401
   29      0.0481     -0.0831      0.0621      0.1451
   30      0.0515     -0.0867      0.0636      0.1502
   31      0.0550     -0.0904      0.0650      0.1554
   32      0.0587     -0.0941      0.0664      0.1604
   33      0.0625     -0.0974      0.0677      0.1651
   34      0.0663     -0.1008      0.0690      0.1698
   35      0.0703     -0.1043      0.0704      0.1747
   36      0.0744     -0.1079      0.0714      0.1794
   37      0.0786     -0.1116      0.0722      0.1838
   38      0.0829     -0.1150      0.0731      0.1881
   39      0.0873     -0.1184      0.0740      0.1925
   40      0.0918     -0.1219      0.0749      0.1969
   41      0.0964     -0.1255      0.0758      0.2013
   42      0.1011     -0.1289      0.0767      0.2056
   43      0.1059     -0.1321      0.0776      0.2097
   44      0.1108     -0.1353      0.0786      0.2139
   45      0.1159     -0.1386      0.0796      0.2182
   46      0.1210     -0.1419      0.0807      0.2226
   47      0.1261     -0.1450      0.0817      0.2267
   48      0.1314     -0.1482      0.0828      0.2310
   49      0.1368     -0.1514      0.0839      0.2354
   50      0.1423     -0.1544      0.0851      0.2395
   51      0.1478     -0.1571      0.0863      0.2433
   52      0.1535     -0.1598      0.0875      0.2473
   53      0.1592     -0.1625      0.0887      0.2513
   54      0.1650     -0.1649      0.0900      0.2549
   55      0.1709     -0.1673      0.0913      0.2586
   56      0.1769     -0.1697      0.0926      0.2624
   57      0.1830     -0.1720      0.0941      0.2660
   58      0.1891     -0.1741      0.0955      0.2697
   59      0.1954     -0.1763      0.0970      0.2734
   60      0.2017     -0.1783      0.0986      0.2770
   61      0.2080     -0.1801      0.1003      0.2804
   62      0.2145     -0.1819      0.1020      0.2840
   63      0.2210     -0.1835      0.1038      0.2874
   64      0.2276     -0.1849      0.1057      0.2906
   65      0.2342     -0.1863      0.1076      0.2939
   66      0.2409     -0.1875      0.1096      0.2970
   67      0.2477     -0.1885      0.1116      0.3001
   68      0.2546     -0.1895      0.1137      0.3032
   69      0.2615     -0.1903      0.1158      0.3062
   70      0.2684     -0.1910      0.1181      0.3091
   71      0.2755     -0.1917      0.1203      0.3120
   72      0.2826     -0.1920      0.1228      0.3148
   73      0.2897     -0.1923      0.1254      0.3177
   74      0.2969     -0.1924      0.1280      0.3205
   75      0.3041     -0.1922      0.1309      0.3231
   76      0.3114     -0.1920      0.1338      0.3258
   77      0.3187     -0.1916      0.1368      0.3284
   78      0.3261     -0.1909      0.1399      0.3309
   79      0.3335     -0.1903      0.1431      0.3334
   80      0.3410     -0.1892      0.1465      0.3357
   81      0.3485     -0.1881      0.1499      0.3379
   82      0.3560     -0.1868      0.1533      0.3402
   83      0.3636     -0.1852      0.1570      0.3422
   84      0.3712     -0.1836      0.1607      0.3443
   85      0.3789     -0.1816      0.1646      0.3462
   86      0.3865     -0.1795      0.1686      0.3481
   87      0.3942     -0.1774      0.1727      0.3500
   88      0.4020     -0.1747      0.1771      0.3518
   89      0.4097     -0.1720      0.1816      0.3535
   90      0.4175     -0.1689      0.1862      0.3551
   91      0.4253     -0.1656      0.1910      0.3566
   92      0.4331     -0.1623      0.1958      0.3581
   93      0.4409     -0.1585      0.2009      0.3594
   94      0.4488     -0.1546      0.2060      0.3607
   95      0.4566     -0.1505      0.2113      0.3618
   96      0.4645     -0.1460      0.2168      0.3628
   97      0.4724     -0.1416      0.2220      0.3636
   98      0.4803     -0.1364      0.2257      0.3621
   99      0.4882     -0.1312      0.2294      0.3607
  100      0.4961     -0.1257      0.2331      0.3588
  101      0.5039     -0.1198      0.2389      0.3588
  102      0.5118     -0.1139      0.2525      0.3664
  103      0.5197     -0.1075      0.2590      0.3665
  104      0.5276     -0.1011      0.2656      0.3667
  105      0.5355     -0.0942      0.2724      0.3666
  106      0.5434     -0.0871      0.2793      0.3663
  107      0.5512     -0.0798      0.2862      0.3660
  108      0.5591     -0.0719      0.2935      0.3653
  109      0.5669     -0.0639      0.3007      0.3646
  110      0.5747     -0.0555      0.3082      0.3637
  111      0.5825     -0.0469      0.3158      0.3626
  112      0.5903     -0.0381      0.3234      0.3615
  113      0.5980     -0.0288      0.3313      0.3601
  114      0.6058     -0.0194      0.3392      0.3586
  115      0.6135     -0.0096      0.3473      0.3569
  116      0.6211      0.0006      0.3555      0.3549
  117      0.6288      0.0107      0.3637      0.3530
  118      0.6364      0.0216      0.3724      0.3508
  119      0.6440      0.0324      0.3810      0.3486
  120      0.6515      0.0435      0.3896      0.3460
  121      0.6590      0.0550      0.3981      0.3431
  122      0.6665      0.0664      0.4066      0.3402
  123      0.6739      0.0785      0.4155      0.3370
  124      0.6813      0.0905      0.4244      0.3339
  125      0.6886      0.1027      0.4334      0.3307
  126      0.6959      0.1153      0.4426      0.3272
  127      0.7031      0.1279      0.4516      0.3238
  128      0.7103      0.1408      0.4609      0.3201
  129      0.7174      0.1539      0.4702      0.3163
  130      0.7245      0.1669      0.4794      0.3125
  131      0.7316      0.1803      0.4888      0.3085
  132      0.7385      0.1938      0.4982      0.3044
  133      0.7454      0.2072      0.5076      0.3004
  134      0.7523      0.2211      0.5171      0.2960
  135      0.7591      0.2349      0.5266      0.2917
  136      0.7658      0.2486      0.5360      0.2874
  137      0.7724      0.2628      0.5455      0.2828
  138      0.7790      0.2768      0.5550      0.2782
  139      0.7855      0.2909      0.5644      0.2735
  140      0.7920      0.3054      0.5739      0.2684
  141      0.7983      0.3198      0.5833      0.2634
  142      0.8046      0.3342      0.5926      0.2584
  143      0.8109      0.3490      0.6021      0.2531
  144      0.8170      0.3636      0.6114      0.2478
  145      0.8231      0.3780      0.6206      0.2426
  146      0.8291      0.3929      0.6299      0.2370
  147      0.8350      0.4076      0.6391      0.2315
  148      0.8408      0.4222      0.6482      0.2260
  149      0.8465      0.4370      0.6573      0.2203
  150      0.8522      0.4518      0.6662      0.2144
  151      0.8577      0.4665      0.6751      0.2086
  152      0.8632      0.4809      0.6838      0.2029
  153      0.8686      0.4958      0.6926      0.1968
  154      0.8739      0.5103      0.7012      0.1909
  155      0.8790      0.5246      0.7097      0.1850
  156      0.8841      0.5388      0.7180      0.1792
  157      0.8892      0.5530      0.7264      0.1734
  158      0.8941      0.5668      0.7346      0.1678
  159      0.8989      0.5804      0.7426      0.1622
  160      0.9036      0.5939      0.7505      0.1566
  161      0.9082      0.6073      0.7584      0.1511
  162      0.9127      0.6204      0.7660      0.1457
  163      0.9171      0.6332      0.7735      0.1404
  164      0.9214      0.6457      0.7809      0.1352
  165      0.9256      0.6583      0.7882      0.1299
  166      0.9297      0.6705      0.7953      0.1248
  167      0.9337      0.6824      0.8022      0.1197
  168      0.9375      0.6940      0.8089      0.1149
  169      0.9413      0.7053      0.8155      0.1102
  170      0.9450      0.7160      0.8219      0.1059
  171      0.9485      0.7265      0.8282      0.1017
  172      0.9519      0.7366      0.8343      0.0977
  173      0.9553      0.7464      0.8402      0.0938
  174      0.9585      0.7559      0.8459      0.0900
  175      0.9616      0.7650      0.8514      0.0864
  176      0.9645      0.7738      0.8567      0.0829
  177      0.9674      0.7823      0.8619      0.0795
  178      0.9701      0.7905      0.8668      0.0763
  179      0.9728      0.7983      0.8716      0.0733
  180      0.9753      0.8057      0.8761      0.0705
  181      0.9777      0.8127      0.8805      0.0678
  182      0.9799      0.8193      0.8846      0.0653
  183      0.9821      0.8256      0.8873      0.0617
  184      0.9841      0.8315      0.8888      0.0572
  185      0.9860      0.8371      0.8896      0.0525
  186      0.9878      0.8423      0.8900      0.0477
  187      0.9895      0.8472      0.8901      0.0429
  188      0.9911      0.8517      0.8899      0.0383
  189      0.9925      0.8558      0.8896      0.0338
  190      0.9938      0.8596      0.8891      0.0295
  191      0.9950      0.8630      0.8885      0.0255
  192      0.9960      0.8661      0.8877      0.0217
  193      0.9970      0.8688      0.8869      0.0181
  194      0.9978      0.8711      0.8859      0.0148
  195      0.9984      0.8731      0.8849      0.0118
  196      0.9990      0.8747      0.8839      0.0092
  197      0.9994      0.8760      0.8830      0.0070
  198      0.9998      0.8771      0.8817      0.0046
  199      0.9999      0.8783      0.8804      0.0021
  200      1.0000      0.8787      0.8787      0.0000
 GRID EXPANSION RATIO UP=    1.17411 DOWN =    1.05711
  AXIAL,TANGENTIAL AND RADIAL COORDINATES ON THE STREAM
  SURFACE BEFORE TRANSFORMING TO R-THETA COORDINATES 
 J, XGRID,YGRID,RGRID            1   8.20397139E-02  -6.59050420E-03  0.321518689    
 J, XGRID,YGRID,RGRID            2   8.56087357E-02  -5.67597291E-03  0.321134925    
 J, XGRID,YGRID,RGRID            3   8.86380225E-02  -4.89705941E-03  0.320731938    
 J, XGRID,YGRID,RGRID            4   9.12055224E-02  -4.23365179E-03  0.320299476    
 J, XGRID,YGRID,RGRID            5   9.33891088E-02  -3.66862211E-03  0.319908351    
 J, XGRID,YGRID,RGRID            6   9.52475443E-02  -3.18738166E-03  0.319565475    
 J, XGRID,YGRID,RGRID            7   9.68318433E-02  -2.77750520E-03  0.319284260    
 J, XGRID,YGRID,RGRID            8   9.81812775E-02  -2.42840964E-03  0.319045216    
 J, XGRID,YGRID,RGRID            9   9.93306041E-02  -2.13108188E-03  0.318841666    
 J, XGRID,YGRID,RGRID           10  0.100309469      -1.87784550E-03  0.318668216    
 J, XGRID,YGRID,RGRID           11  0.101143204      -1.66216190E-03  0.318520606    
 J, XGRID,YGRID,RGRID           12  0.101853289      -1.47846236E-03  0.318394899    
 J, XGRID,YGRID,RGRID           13  0.102458104      -1.32200390E-03  0.318287909    
 J, XGRID,YGRID,RGRID           14  0.102973223      -1.18874700E-03  0.318196774    
 J, XGRID,YGRID,RGRID           15  0.103411973      -1.07525091E-03  0.318119228    
 J, XGRID,YGRID,RGRID           16  0.103785641      -9.78585216E-04  0.318053156    
 J, XGRID,YGRID,RGRID           17  0.104103923      -8.96254322E-04  0.317996919    
 J, XGRID,YGRID,RGRID           18  0.104374990      -8.26132367E-04  0.317949027    
 J, XGRID,YGRID,RGRID           19  0.104605868      -7.66408921E-04  0.317908257    
 J, XGRID,YGRID,RGRID           20  0.104802519      -7.15541944E-04  0.317873508    
 J, XGRID,YGRID,RGRID           21  0.104970001      -6.72218099E-04  0.317844003    
 J, XGRID,YGRID,RGRID           22  0.105137378      -8.91717675E-04  0.317813098    
 J, XGRID,YGRID,RGRID           23  0.105312407      -1.33427617E-03  0.317780823    
 J, XGRID,YGRID,RGRID           24  0.105495736      -1.69452722E-03  0.317746878    
 J, XGRID,YGRID,RGRID           25  0.105688117      -2.02171085E-03  0.317711234    
 J, XGRID,YGRID,RGRID           26  0.105890244      -2.32862378E-03  0.317673802    
 J, XGRID,YGRID,RGRID           27  0.106102787      -2.62623932E-03  0.317634344    
 J, XGRID,YGRID,RGRID           28  0.106326491      -2.91343522E-03  0.317592829    
 J, XGRID,YGRID,RGRID           29  0.106562048      -3.20130144E-03  0.317549080    
 J, XGRID,YGRID,RGRID           30  0.106810123      -3.47688771E-03  0.317502916    
 J, XGRID,YGRID,RGRID           31  0.107071452      -3.75630683E-03  0.317454189    
 J, XGRID,YGRID,RGRID           32  0.107346766      -4.05128160E-03  0.317402869    
 J, XGRID,YGRID,RGRID           33  0.107636735      -4.35422268E-03  0.317348719    
 J, XGRID,YGRID,RGRID           34  0.107942060      -4.62936331E-03  0.317291677    
 J, XGRID,YGRID,RGRID           35  0.108263418      -4.91763372E-03  0.317231536    
 J, XGRID,YGRID,RGRID           36  0.108601399      -5.21664228E-03  0.317168176    
 J, XGRID,YGRID,RGRID           37  0.108956061      -5.49681764E-03  0.317101657    
 J, XGRID,YGRID,RGRID           38  0.109328270      -5.79237426E-03  0.317031831    
 J, XGRID,YGRID,RGRID           39  0.109718911      -6.07541203E-03  0.316958398    
 J, XGRID,YGRID,RGRID           40  0.110129006      -6.34775544E-03  0.316881239    
 J, XGRID,YGRID,RGRID           41  0.110559732      -6.62947446E-03  0.316800237    
 J, XGRID,YGRID,RGRID           42  0.111012295      -6.90562744E-03  0.316715002    
 J, XGRID,YGRID,RGRID           43  0.111487776      -7.17930030E-03  0.316625386    
 J, XGRID,YGRID,RGRID           44  0.111987144      -7.42344884E-03  0.316531330    
 J, XGRID,YGRID,RGRID           45  0.112511978      -7.66022597E-03  0.316432327    
 J, XGRID,YGRID,RGRID           46  0.113064244      -7.88886473E-03  0.316328257    
 J, XGRID,YGRID,RGRID           47  0.113646016      -8.10195133E-03  0.316218644    
 J, XGRID,YGRID,RGRID           48  0.114259511      -8.30575265E-03  0.316103071    
 J, XGRID,YGRID,RGRID           49  0.114907309      -8.48699454E-03  0.315981150    
 J, XGRID,YGRID,RGRID           50  0.115597203      -8.63919500E-03  0.315851539    
 J, XGRID,YGRID,RGRID           51  0.116339184      -8.76593683E-03  0.315712303    
 J, XGRID,YGRID,RGRID           52  0.117134079      -8.86537042E-03  0.315563589    
 J, XGRID,YGRID,RGRID           53  0.117981307      -8.92534014E-03  0.315405399    
 J, XGRID,YGRID,RGRID           54  0.118878849      -8.93197488E-03  0.315238595    
 J, XGRID,YGRID,RGRID           55  0.119823232      -8.87819845E-03  0.315063834    
 J, XGRID,YGRID,RGRID           56  0.120809637      -8.75525270E-03  0.314882278    
 J, XGRID,YGRID,RGRID           57  0.121822104      -8.55917390E-03  0.314697236    
 J, XGRID,YGRID,RGRID           58  0.122844435      -8.28815904E-03  0.314511776    
 J, XGRID,YGRID,RGRID           59  0.123871163      -7.92862941E-03  0.314327121    
 J, XGRID,YGRID,RGRID           60  0.124897823      -7.48615246E-03  0.314144254    
 J, XGRID,YGRID,RGRID           61  0.125920922      -6.95793144E-03  0.313963801    
 J, XGRID,YGRID,RGRID           62  0.126938075      -6.34186203E-03  0.313786507    
 J, XGRID,YGRID,RGRID           63  0.127947837      -5.63003542E-03  0.313612729    
 J, XGRID,YGRID,RGRID           64  0.128957018      -4.82725585E-03  0.313441187    
 J, XGRID,YGRID,RGRID           65  0.129970223      -3.92215652E-03  0.313271493    
 J, XGRID,YGRID,RGRID           66  0.130986601      -2.89424509E-03  0.313103855    
 J, XGRID,YGRID,RGRID           67  0.132004887      -1.75188738E-03  0.312938631    
 J, XGRID,YGRID,RGRID           68  0.133023247      -4.82987525E-04  0.312776327    
 J, XGRID,YGRID,RGRID           69  0.134039342       9.06867033E-04  0.312617511    
 J, XGRID,YGRID,RGRID           70  0.135050237       2.41029821E-03  0.312462628    
 J, XGRID,YGRID,RGRID           71  0.136047095       4.00766684E-03  0.312313139    
 J, XGRID,YGRID,RGRID           72  0.137024119       5.68201113E-03  0.312169880    
 J, XGRID,YGRID,RGRID           73  0.137978762       7.42313452E-03  0.312033117    
 J, XGRID,YGRID,RGRID           74  0.138908878       9.21678916E-03  0.311903179    
 J, XGRID,YGRID,RGRID           75  0.139812693       1.10521372E-02  0.311779976    
 J, XGRID,YGRID,RGRID           76  0.140689164       1.29180495E-02  0.311663628    
 J, XGRID,YGRID,RGRID           77  0.141537562       1.48256421E-02  0.311553746    
 J, XGRID,YGRID,RGRID           78  0.142361060       1.67685859E-02  0.311450124    
 J, XGRID,YGRID,RGRID           79  0.143160403       1.87404677E-02  0.311352253    
 J, XGRID,YGRID,RGRID           80  0.143935591       2.07362361E-02  0.311259985    
 J, XGRID,YGRID,RGRID           81  0.144686580       2.27478985E-02  0.311173171    
 J, XGRID,YGRID,RGRID           82  0.145413399       2.47687250E-02  0.311091602    
 J, XGRID,YGRID,RGRID           83  0.146115959       2.67622843E-02  0.311015069    
 J, XGRID,YGRID,RGRID           84  0.146794289       2.87317261E-02  0.310943395    
 J, XGRID,YGRID,RGRID           85  0.147448331       3.06657106E-02  0.310876399    
 J, XGRID,YGRID,RGRID           86  0.148078114       3.25606801E-02  0.310813934    
 J, XGRID,YGRID,RGRID           87  0.148683593       3.43586579E-02  0.310755759    
 J, XGRID,YGRID,RGRID           88  0.149264753       3.60856168E-02  0.310701668    
 J, XGRID,YGRID,RGRID           89  0.149821535       3.77392508E-02  0.310651422    
 J, XGRID,YGRID,RGRID           90  0.150353938       3.92989665E-02  0.310604930    
 J, XGRID,YGRID,RGRID           91  0.150861964       4.08317484E-02  0.310562015    
 J, XGRID,YGRID,RGRID           92  0.151371449       4.18775044E-02  0.310534149    
 J, XGRID,YGRID,RGRID           93  0.151909977       4.29831631E-02  0.310504377    
 J, XGRID,YGRID,RGRID           94  0.152479291       4.41519693E-02  0.310472578    
 J, XGRID,YGRID,RGRID           95  0.153081059       4.53875288E-02  0.310438335    
 J, XGRID,YGRID,RGRID           96  0.153717160       4.66936529E-02  0.310401499    
 J, XGRID,YGRID,RGRID           97  0.154389560       4.80743758E-02  0.310361713    
 J, XGRID,YGRID,RGRID           98  0.155100256       4.95339483E-02  0.310318649    
 J, XGRID,YGRID,RGRID           99  0.155851498       5.10768816E-02  0.310271770    
 J, XGRID,YGRID,RGRID          100  0.156645492       5.27079366E-02  0.310220569    
 J, XGRID,YGRID,RGRID          101  0.157484740       5.44321425E-02  0.310164511    
 J, XGRID,YGRID,RGRID          102  0.158371732       5.62548190E-02  0.310102731    
 J, XGRID,YGRID,RGRID          103  0.159308836       5.81815951E-02  0.310029924    
 J, XGRID,YGRID,RGRID          104  0.160299182       6.02184124E-02  0.309949607    
 J, XGRID,YGRID,RGRID          105  0.161345914       6.23715594E-02  0.309862316    
 J, XGRID,YGRID,RGRID          106  0.162452236       6.46476746E-02  0.309768051    

  THE BLADE CENTROID ON THE X-Y SURFACE IS AT X, Y=    0.12743  -0.00719


  THE J VALUE OF THE CENTROID IS J =           63

  THE CENTROID ON THE STREAM SURFACE IS AT  0.127428517       0.00000000    
  THE HUB SECTION CENTROID IS AT  0.127428517       0.00000000    

  AXIAL & RADIAL COORDINATES ON THE SS AFTER STACKING 
  J  , XGRID,RGRID            1   8.20397139E-02  0.321518689    
  J  , XGRID,RGRID            2   8.56087357E-02  0.321134925    
  J  , XGRID,RGRID            3   8.86380225E-02  0.320731938    
  J  , XGRID,RGRID            4   9.12055224E-02  0.320299476    
  J  , XGRID,RGRID            5   9.33891088E-02  0.319908351    
  J  , XGRID,RGRID            6   9.52475443E-02  0.319565475    
  J  , XGRID,RGRID            7   9.68318433E-02  0.319284260    
  J  , XGRID,RGRID            8   9.81812775E-02  0.319045216    
  J  , XGRID,RGRID            9   9.93306041E-02  0.318841666    
  J  , XGRID,RGRID           10  0.100309469      0.318668216    
  J  , XGRID,RGRID           11  0.101143204      0.318520606    
  J  , XGRID,RGRID           12  0.101853289      0.318394899    
  J  , XGRID,RGRID           13  0.102458104      0.318287909    
  J  , XGRID,RGRID           14  0.102973223      0.318196774    
  J  , XGRID,RGRID           15  0.103411973      0.318119228    
  J  , XGRID,RGRID           16  0.103785641      0.318053156    
  J  , XGRID,RGRID           17  0.104103923      0.317996919    
  J  , XGRID,RGRID           18  0.104374990      0.317949027    
  J  , XGRID,RGRID           19  0.104605868      0.317908257    
  J  , XGRID,RGRID           20  0.104802519      0.317873508    
  J  , XGRID,RGRID           21  0.104970001      0.317844003    
  J  , XGRID,RGRID           22  0.105137378      0.317813098    
  J  , XGRID,RGRID           23  0.105312407      0.317780823    
  J  , XGRID,RGRID           24  0.105495736      0.317746878    
  J  , XGRID,RGRID           25  0.105688117      0.317711234    
  J  , XGRID,RGRID           26  0.105890244      0.317673802    
  J  , XGRID,RGRID           27  0.106102787      0.317634344    
  J  , XGRID,RGRID           28  0.106326491      0.317592829    
  J  , XGRID,RGRID           29  0.106562048      0.317549080    
  J  , XGRID,RGRID           30  0.106810123      0.317502916    
  J  , XGRID,RGRID           31  0.107071452      0.317454189    
  J  , XGRID,RGRID           32  0.107346766      0.317402869    
  J  , XGRID,RGRID           33  0.107636735      0.317348719    
  J  , XGRID,RGRID           34  0.107942060      0.317291677    
  J  , XGRID,RGRID           35  0.108263418      0.317231536    
  J  , XGRID,RGRID           36  0.108601399      0.317168176    
  J  , XGRID,RGRID           37  0.108956061      0.317101657    
  J  , XGRID,RGRID           38  0.109328270      0.317031831    
  J  , XGRID,RGRID           39  0.109718911      0.316958398    
  J  , XGRID,RGRID           40  0.110129006      0.316881239    
  J  , XGRID,RGRID           41  0.110559732      0.316800237    
  J  , XGRID,RGRID           42  0.111012295      0.316715002    
  J  , XGRID,RGRID           43  0.111487776      0.316625386    
  J  , XGRID,RGRID           44  0.111987144      0.316531330    
  J  , XGRID,RGRID           45  0.112511978      0.316432327    
  J  , XGRID,RGRID           46  0.113064244      0.316328257    
  J  , XGRID,RGRID           47  0.113646016      0.316218644    
  J  , XGRID,RGRID           48  0.114259511      0.316103071    
  J  , XGRID,RGRID           49  0.114907309      0.315981150    
  J  , XGRID,RGRID           50  0.115597203      0.315851539    
  J  , XGRID,RGRID           51  0.116339184      0.315712303    
  J  , XGRID,RGRID           52  0.117134079      0.315563589    
  J  , XGRID,RGRID           53  0.117981307      0.315405399    
  J  , XGRID,RGRID           54  0.118878849      0.315238595    
  J  , XGRID,RGRID           55  0.119823232      0.315063834    
  J  , XGRID,RGRID           56  0.120809637      0.314882278    
  J  , XGRID,RGRID           57  0.121822104      0.314697236    
  J  , XGRID,RGRID           58  0.122844435      0.314511776    
  J  , XGRID,RGRID           59  0.123871163      0.314327121    
  J  , XGRID,RGRID           60  0.124897823      0.314144254    
  J  , XGRID,RGRID           61  0.125920922      0.313963801    
  J  , XGRID,RGRID           62  0.126938075      0.313786507    
  J  , XGRID,RGRID           63  0.127947837      0.313612729    
  J  , XGRID,RGRID           64  0.128957018      0.313441187    
  J  , XGRID,RGRID           65  0.129970223      0.313271493    
  J  , XGRID,RGRID           66  0.130986601      0.313103855    
  J  , XGRID,RGRID           67  0.132004887      0.312938631    
  J  , XGRID,RGRID           68  0.133023247      0.312776327    
  J  , XGRID,RGRID           69  0.134039342      0.312617511    
  J  , XGRID,RGRID           70  0.135050237      0.312462628    
  J  , XGRID,RGRID           71  0.136047095      0.312313139    
  J  , XGRID,RGRID           72  0.137024119      0.312169880    
  J  , XGRID,RGRID           73  0.137978762      0.312033117    
  J  , XGRID,RGRID           74  0.138908878      0.311903179    
  J  , XGRID,RGRID           75  0.139812693      0.311779976    
  J  , XGRID,RGRID           76  0.140689164      0.311663628    
  J  , XGRID,RGRID           77  0.141537562      0.311553746    
  J  , XGRID,RGRID           78  0.142361060      0.311450124    
  J  , XGRID,RGRID           79  0.143160403      0.311352253    
  J  , XGRID,RGRID           80  0.143935591      0.311259985    
  J  , XGRID,RGRID           81  0.144686580      0.311173171    
  J  , XGRID,RGRID           82  0.145413399      0.311091602    
  J  , XGRID,RGRID           83  0.146115959      0.311015069    
  J  , XGRID,RGRID           84  0.146794289      0.310943395    
  J  , XGRID,RGRID           85  0.147448331      0.310876399    
  J  , XGRID,RGRID           86  0.148078114      0.310813934    
  J  , XGRID,RGRID           87  0.148683593      0.310755759    
  J  , XGRID,RGRID           88  0.149264753      0.310701668    
  J  , XGRID,RGRID           89  0.149821535      0.310651422    
  J  , XGRID,RGRID           90  0.150353938      0.310604930    
  J  , XGRID,RGRID           91  0.150861964      0.310562015    
  J  , XGRID,RGRID           92  0.151371449      0.310534149    
  J  , XGRID,RGRID           93  0.151909977      0.310504377    
  J  , XGRID,RGRID           94  0.152479291      0.310472578    
  J  , XGRID,RGRID           95  0.153081059      0.310438335    
  J  , XGRID,RGRID           96  0.153717160      0.310401499    
  J  , XGRID,RGRID           97  0.154389560      0.310361713    
  J  , XGRID,RGRID           98  0.155100256      0.310318649    
  J  , XGRID,RGRID           99  0.155851498      0.310271770    
  J  , XGRID,RGRID          100  0.156645492      0.310220569    
  J  , XGRID,RGRID          101  0.157484740      0.310164511    
  J  , XGRID,RGRID          102  0.158371732      0.310102731    
  J  , XGRID,RGRID          103  0.159308836      0.310029924    
  J  , XGRID,RGRID          104  0.160299182      0.309949607    
  J  , XGRID,RGRID          105  0.161345914      0.309862316    
  J  , XGRID,RGRID          106  0.162452236      0.309768051    
  REARRANGED AND SCALED INPUT BLADE SECTION 
  N     XSURF       YSURF 
    1       0.00386   0.01832
    2       0.00215   0.01371
    3       0.00099   0.00892
    4       0.00032   0.00442
    5       0.00000   0.00000
    6       0.00003  -0.00524
    7       0.00048  -0.01038
    8       0.00133  -0.01542
    9       0.00252  -0.02037
   10       0.00403  -0.02524
   11       0.00584  -0.03004
   12       0.00788  -0.03478
   13       0.01015  -0.03947
   14       0.01259  -0.04411
   15       0.01520  -0.04871
   16       0.01795  -0.05328
   17       0.02086  -0.05780
   18       0.02393  -0.06229
   19       0.04796  -0.09183
   20       0.07199  -0.11550
   21       0.09602  -0.13466
   22       0.12006  -0.15027
   23       0.13959  -0.16136
   24       0.16327  -0.16996
   25       0.17866  -0.17710
   26       0.19819  -0.18289
   27       0.21772  -0.18710
   28       0.23726  -0.19006
   29       0.25679  -0.19178
   30       0.27632  -0.19218
   31       0.29586  -0.19095
   32       0.31539  -0.18933
   33       0.33493  -0.18605
   34       0.35446  -0.18150
   35       0.37399  -0.17565
   36       0.39353  -0.16853
   37       0.41306  -0.16014
   38       0.43259  -0.15025
   39       0.45213  -0.13895
   40       0.47166  -0.12626
   41       0.49119  -0.11202
   42       0.51073  -0.09616
   43       0.53026  -0.07877
   44       0.54980  -0.05977
   45       0.56933  -0.03904
   46       0.58886  -0.01668
   47       0.60840   0.00736
   48       0.62793   0.03315
   49       0.64746   0.06066
   50       0.66700   0.09044
   51       0.68653   0.12122
   52       0.70606   0.15450
   53       0.72560   0.18988
   54       0.74513   0.22736
   55       0.76467   0.26731
   56       0.78420   0.30955
   57       0.80373   0.35420
   58       0.82327   0.40127
   59       0.84280   0.45060
   60       0.86233   0.50218
   61       0.88187   0.55549
   62       0.90140   0.61058
   63       0.92094   0.66652
   64       0.94047   0.72321
   65       0.96000   0.77991
   66       0.96658   0.79891
   67       0.97316   0.81790
   68       0.97973   0.83688
   69       0.98631   0.85568
   70       0.99287   0.87440
   71       0.99946   0.89307
   72       0.99982   0.89436
   73       1.00000   0.89570
   74       0.99998   0.89704
   75       0.99980   0.89838
   76       0.99944   0.89967
   77       0.99889   0.90090
   78       0.99819   0.90205
   79       0.99734   0.90309
   80       0.99635   0.90400
   81       0.99524   0.90477
   82       0.99405   0.90538
   83       0.99278   0.90582
   84       0.99146   0.90609
   85       0.99011   0.90617
   86       0.98877   0.90607
   87       0.98746   0.90579
   88       0.98619   0.90533
   89       0.98500   0.90471
   90       0.98391   0.90392
   91       0.98293   0.90300
   92       0.98209   0.90191
   93       0.98140   0.90064
   94       0.97783   0.89459
   95       0.97427   0.88836
   96       0.97070   0.88211
   97       0.96713   0.87583
   98       0.96357   0.86952
   99       0.96000   0.86319
  100       0.94047   0.82724
  101       0.92094   0.79214
  102       0.90140   0.75813
  103       0.88187   0.72488
  104       0.86233   0.69241
  105       0.84280   0.66069
  106       0.82327   0.62976
  107       0.80373   0.59962
  108       0.78420   0.57025
  109       0.76468   0.54160
  110       0.74513   0.51380
  111       0.72560   0.48688
  112       0.70606   0.46082
  113       0.68653   0.43556
  114       0.66700   0.41120
  115       0.64746   0.38777
  116       0.62793   0.36524
  117       0.60840   0.34364
  118       0.58886   0.32295
  119       0.56933   0.30316
  120       0.54980   0.28427
  121       0.53026   0.26633
  122       0.51073   0.24929
  123       0.49119   0.23311
  124       0.47166   0.21779
  125       0.45213   0.20337
  126       0.43259   0.18982
  127       0.41306   0.17706
  128       0.39353   0.16508
  129       0.37399   0.15403
  130       0.35446   0.14370
  131       0.33493   0.13404
  132       0.31539   0.12506
  133       0.29586   0.11692
  134       0.27632   0.10937
  135       0.25679   0.10235
  136       0.23726   0.09585
  137       0.21772   0.09003
  138       0.19819   0.08462
  139       0.17866   0.07961
  140       0.15912   0.07502
  141       0.13959   0.07078
  142       0.12006   0.06682
  143       0.11101   0.06509
  144       0.10197   0.06341
  145       0.09293   0.06179
  146       0.08389   0.06023
  147       0.07839   0.05928
  148       0.07290   0.05830
  149       0.06746   0.05725
  150       0.06204   0.05613
  151       0.05669   0.05490
  152       0.05144   0.05347
  153       0.04630   0.05184
  154       0.04121   0.05009
  155       0.03628   0.04805
  156       0.03150   0.04573
  157       0.02683   0.04319
  158       0.02238   0.04024
  159       0.01813   0.03689
  160       0.01407   0.03318
  161       0.01032   0.02889
  162       0.00686   0.02405
  COORDINATES GOING ROUND THE BLADE AFTER ANY ROTATION
     N        XSURF        YSURF 
         1     0.00386     0.01832
         2     0.00215     0.01371
         3     0.00099     0.00892
         4     0.00032     0.00442
         5     0.00000     0.00000
         6     0.00003    -0.00524
         7     0.00048    -0.01038
         8     0.00133    -0.01542
         9     0.00252    -0.02037
        10     0.00403    -0.02524
        11     0.00584    -0.03004
        12     0.00788    -0.03478
        13     0.01015    -0.03947
        14     0.01259    -0.04411
        15     0.01520    -0.04871
        16     0.01795    -0.05328
        17     0.02086    -0.05780
        18     0.02393    -0.06229
        19     0.04796    -0.09183
        20     0.07199    -0.11550
        21     0.09602    -0.13466
        22     0.12006    -0.15027
        23     0.13959    -0.16136
        24     0.16327    -0.16996
        25     0.17866    -0.17710
        26     0.19819    -0.18289
        27     0.21772    -0.18710
        28     0.23726    -0.19006
        29     0.25679    -0.19178
        30     0.27632    -0.19218
        31     0.29586    -0.19095
        32     0.31539    -0.18933
        33     0.33493    -0.18605
        34     0.35446    -0.18150
        35     0.37399    -0.17565
        36     0.39353    -0.16853
        37     0.41306    -0.16014
        38     0.43259    -0.15025
        39     0.45213    -0.13895
        40     0.47166    -0.12626
        41     0.49119    -0.11202
        42     0.51073    -0.09616
        43     0.53026    -0.07877
        44     0.54980    -0.05977
        45     0.56933    -0.03904
        46     0.58886    -0.01668
        47     0.60840     0.00736
        48     0.62793     0.03315
        49     0.64746     0.06066
        50     0.66700     0.09044
        51     0.68653     0.12122
        52     0.70606     0.15450
        53     0.72560     0.18988
        54     0.74513     0.22736
        55     0.76467     0.26731
        56     0.78420     0.30955
        57     0.80373     0.35420
        58     0.82327     0.40127
        59     0.84280     0.45060
        60     0.86233     0.50218
        61     0.88187     0.55549
        62     0.90140     0.61058
        63     0.92094     0.66652
        64     0.94047     0.72321
        65     0.96000     0.77991
        66     0.96658     0.79891
        67     0.97316     0.81790
        68     0.97973     0.83688
        69     0.98631     0.85568
        70     0.99287     0.87440
        71     0.99946     0.89307
        72     0.99982     0.89436
        73     1.00000     0.89570
        74     0.99998     0.89704
        75     0.99980     0.89838
        76     0.99944     0.89967
        77     0.99889     0.90090
        78     0.99819     0.90205
        79     0.99734     0.90309
        80     0.99635     0.90400
        81     0.99524     0.90477
        82     0.99405     0.90538
        83     0.99278     0.90582
        84     0.99146     0.90609
        85     0.99011     0.90617
        86     0.98877     0.90607
        87     0.98746     0.90579
        88     0.98619     0.90533
        89     0.98500     0.90471
        90     0.98391     0.90392
        91     0.98293     0.90300
        92     0.98209     0.90191
        93     0.98140     0.90064
        94     0.97783     0.89459
        95     0.97427     0.88836
        96     0.97070     0.88211
        97     0.96713     0.87583
        98     0.96357     0.86952
        99     0.96000     0.86319
       100     0.94047     0.82724
       101     0.92094     0.79214
       102     0.90140     0.75813
       103     0.88187     0.72488
       104     0.86233     0.69241
       105     0.84280     0.66069
       106     0.82327     0.62976
       107     0.80373     0.59962
       108     0.78420     0.57025
       109     0.76468     0.54160
       110     0.74513     0.51380
       111     0.72560     0.48688
       112     0.70606     0.46082
       113     0.68653     0.43556
       114     0.66700     0.41120
       115     0.64746     0.38777
       116     0.62793     0.36524
       117     0.60840     0.34364
       118     0.58886     0.32295
       119     0.56933     0.30316
       120     0.54980     0.28427
       121     0.53026     0.26633
       122     0.51073     0.24929
       123     0.49119     0.23311
       124     0.47166     0.21779
       125     0.45213     0.20337
       126     0.43259     0.18982
       127     0.41306     0.17706
       128     0.39353     0.16508
       129     0.37399     0.15403
       130     0.35446     0.14370
       131     0.33493     0.13404
       132     0.31539     0.12506
       133     0.29586     0.11692
       134     0.27632     0.10937
       135     0.25679     0.10235
       136     0.23726     0.09585
       137     0.21772     0.09003
       138     0.19819     0.08462
       139     0.17866     0.07961
       140     0.15912     0.07502
       141     0.13959     0.07078
       142     0.12006     0.06682
       143     0.11101     0.06509
       144     0.10197     0.06341
       145     0.09293     0.06179
       146     0.08389     0.06023
       147     0.07839     0.05928
       148     0.07290     0.05830
       149     0.06746     0.05725
       150     0.06204     0.05613
       151     0.05669     0.05490
       152     0.05144     0.05347
       153     0.04630     0.05184
       154     0.04121     0.05009
       155     0.03628     0.04805
       156     0.03150     0.04573
       157     0.02683     0.04319
       158     0.02238     0.04024
       159     0.01813     0.03689
       160     0.01407     0.03318
       161     0.01032     0.02889
       162     0.00686     0.02405
  LEADING EDGE POINT =            5  TE POINT =          73

  NO OF SUCT S POINTS          69  NO PRESS S POINTS          95
  XMIN,XMAX, XCHORD     0.00000000       1.00000000       1.00000000    

   SUCTION SURFACE POINTS FROM LE TO TE.
         1     0.00000     0.00000
         2     0.00003    -0.00524
         3     0.00048    -0.01038
         4     0.00133    -0.01542
         5     0.00252    -0.02037
         6     0.00403    -0.02524
         7     0.00584    -0.03004
         8     0.00788    -0.03478
         9     0.01015    -0.03947
        10     0.01259    -0.04411
        11     0.01520    -0.04871
        12     0.01795    -0.05328
        13     0.02086    -0.05780
        14     0.02393    -0.06229
        15     0.04796    -0.09183
        16     0.07199    -0.11550
        17     0.09602    -0.13466
        18     0.12006    -0.15027
        19     0.13959    -0.16136
        20     0.16327    -0.16996
        21     0.17866    -0.17710
        22     0.19819    -0.18289
        23     0.21772    -0.18710
        24     0.23726    -0.19006
        25     0.25679    -0.19178
        26     0.27632    -0.19218
        27     0.29586    -0.19095
        28     0.31539    -0.18933
        29     0.33493    -0.18605
        30     0.35446    -0.18150
        31     0.37399    -0.17565
        32     0.39353    -0.16853
        33     0.41306    -0.16014
        34     0.43259    -0.15025
        35     0.45213    -0.13895
        36     0.47166    -0.12626
        37     0.49119    -0.11202
        38     0.51073    -0.09616
        39     0.53026    -0.07877
        40     0.54980    -0.05977
        41     0.56933    -0.03904
        42     0.58886    -0.01668
        43     0.60840     0.00736
        44     0.62793     0.03315
        45     0.64746     0.06066
        46     0.66700     0.09044
        47     0.68653     0.12122
        48     0.70606     0.15450
        49     0.72560     0.18988
        50     0.74513     0.22736
        51     0.76467     0.26731
        52     0.78420     0.30955
        53     0.80373     0.35420
        54     0.82327     0.40127
        55     0.84280     0.45060
        56     0.86233     0.50218
        57     0.88187     0.55549
        58     0.90140     0.61058
        59     0.92094     0.66652
        60     0.94047     0.72321
        61     0.96000     0.77991
        62     0.96658     0.79891
        63     0.97316     0.81790
        64     0.97973     0.83688
        65     0.98631     0.85568
        66     0.99287     0.87440
        67     0.99946     0.89307
        68     0.99982     0.89436
        69     1.00000     0.89570

   PRESSURE SURFACE POINTS FROM LE TO TE.
         1     0.00000     0.00000
         2     0.00032     0.00442
         3     0.00099     0.00892
         4     0.00215     0.01371
         5     0.00386     0.01832
         6     0.00686     0.02405
         7     0.01032     0.02889
         8     0.01407     0.03318
         9     0.01813     0.03689
        10     0.02238     0.04024
        11     0.02683     0.04319
        12     0.03150     0.04573
        13     0.03628     0.04805
        14     0.04121     0.05009
        15     0.04630     0.05184
        16     0.05144     0.05347
        17     0.05669     0.05490
        18     0.06204     0.05613
        19     0.06746     0.05725
        20     0.07290     0.05830
        21     0.07839     0.05928
        22     0.08389     0.06023
        23     0.09293     0.06179
        24     0.10197     0.06341
        25     0.11101     0.06509
        26     0.12006     0.06682
        27     0.13959     0.07078
        28     0.15912     0.07502
        29     0.17866     0.07961
        30     0.19819     0.08462
        31     0.21772     0.09003
        32     0.23726     0.09585
        33     0.25679     0.10235
        34     0.27632     0.10937
        35     0.29586     0.11692
        36     0.31539     0.12506
        37     0.33493     0.13404
        38     0.35446     0.14370
        39     0.37399     0.15403
        40     0.39353     0.16508
        41     0.41306     0.17706
        42     0.43259     0.18982
        43     0.45213     0.20337
        44     0.47166     0.21779
        45     0.49119     0.23311
        46     0.51073     0.24929
        47     0.53026     0.26633
        48     0.54980     0.28427
        49     0.56933     0.30316
        50     0.58886     0.32295
        51     0.60840     0.34364
        52     0.62793     0.36524
        53     0.64746     0.38777
        54     0.66700     0.41120
        55     0.68653     0.43556
        56     0.70606     0.46082
        57     0.72560     0.48688
        58     0.74513     0.51380
        59     0.76468     0.54160
        60     0.78420     0.57025
        61     0.80373     0.59962
        62     0.82327     0.62976
        63     0.84280     0.66069
        64     0.86233     0.69241
        65     0.88187     0.72488
        66     0.90140     0.75813
        67     0.92094     0.79214
        68     0.94047     0.82724
        69     0.96000     0.86319
        70     0.96357     0.86952
        71     0.96713     0.87583
        72     0.97070     0.88211
        73     0.97427     0.88836
        74     0.97783     0.89459
        75     0.98140     0.90064
        76     0.98209     0.90191
        77     0.98293     0.90300
        78     0.98391     0.90392
        79     0.98500     0.90471
        80     0.98619     0.90533
        81     0.98746     0.90579
        82     0.98877     0.90607
        83     0.99011     0.90617
        84     0.99146     0.90609
        85     0.99278     0.90582
        86     0.99405     0.90538
        87     0.99524     0.90477
        88     0.99635     0.90400
        89     0.99734     0.90309
        90     0.99819     0.90205
        91     0.99889     0.90090
        92     0.99944     0.89967
        93     0.99980     0.89838
        94     0.99998     0.89704
        95     1.00000     0.89570
  POINTS ON THE BLADE TO BE USED FOR PLOTTING 
  AND FINAL INTERPOLATION 
  N           X          YUP        YLOW        THICK 
    1      0.0000      0.0000      0.0000      0.0000
    2      0.0001     -0.0056      0.0009      0.0064
    3      0.0002     -0.0078      0.0034      0.0112
    4      0.0006     -0.0109      0.0060      0.0169
    5      0.0010     -0.0135      0.0090      0.0224
    6      0.0016     -0.0164      0.0113      0.0276
    7      0.0022     -0.0192      0.0139      0.0332
    8      0.0030     -0.0221      0.0161      0.0382
    9      0.0040     -0.0251      0.0186      0.0436
   10      0.0050     -0.0279      0.0206      0.0485
   11      0.0062     -0.0309      0.0228      0.0537
   12      0.0075     -0.0339      0.0250      0.0589
   13      0.0089     -0.0370      0.0270      0.0639
   14      0.0105     -0.0401      0.0291      0.0692
   15      0.0122     -0.0433      0.0310      0.0743
   16      0.0140     -0.0465      0.0330      0.0796
   17      0.0159     -0.0498      0.0348      0.0846
   18      0.0179     -0.0532      0.0367      0.0899
   19      0.0201     -0.0566      0.0384      0.0950
   20      0.0223     -0.0599      0.0402      0.1001
   21      0.0247     -0.0633      0.0418      0.1050
   22      0.0272     -0.0663      0.0434      0.1097
   23      0.0299     -0.0696      0.0448      0.1144
   24      0.0326     -0.0729      0.0463      0.1192
   25      0.0355     -0.0765      0.0477      0.1241
   26      0.0384     -0.0801      0.0489      0.1291
   27      0.0415     -0.0839      0.0502      0.1341
   28      0.0447     -0.0879      0.0513      0.1392
   29      0.0481     -0.0919      0.0524      0.1443
   30      0.0515     -0.0953      0.0535      0.1488
   31      0.0550     -0.0988      0.0545      0.1532
   32      0.0587     -0.1024      0.0554      0.1578
   33      0.0625     -0.1061      0.0562      0.1623
   34      0.0663     -0.1099      0.0570      0.1669
   35      0.0703     -0.1138      0.0578      0.1716
   36      0.0744     -0.1174      0.0586      0.1760
   37      0.0786     -0.1208      0.0593      0.1801
   38      0.0829     -0.1242      0.0601      0.1843
   39      0.0873     -0.1277      0.0608      0.1885
   40      0.0918     -0.1313      0.0616      0.1929
   41      0.0964     -0.1349      0.0624      0.1973
   42      0.1011     -0.1380      0.0633      0.2012
   43      0.1059     -0.1411      0.0641      0.2053
   44      0.1108     -0.1443      0.0651      0.2093
   45      0.1159     -0.1475      0.0660      0.2136
   46      0.1210     -0.1508      0.0670      0.2178
   47      0.1261     -0.1537      0.0681      0.2218
   48      0.1314     -0.1567      0.0691      0.2259
   49      0.1368     -0.1598      0.0702      0.2300
   50      0.1423     -0.1623      0.0714      0.2337
   51      0.1478     -0.1644      0.0726      0.2369
   52      0.1535     -0.1664      0.0738      0.2402
   53      0.1592     -0.1685      0.0750      0.2435
   54      0.1650     -0.1708      0.0764      0.2472
   55      0.1709     -0.1735      0.0778      0.2513
   56      0.1769     -0.1763      0.0792      0.2555
   57      0.1830     -0.1784      0.0807      0.2591
   58      0.1891     -0.1802      0.0823      0.2625
   59      0.1954     -0.1821      0.0839      0.2660
   60      0.2017     -0.1836      0.0856      0.2692
   61      0.2080     -0.1850      0.0873      0.2724
   62      0.2145     -0.1864      0.0891      0.2755
   63      0.2210     -0.1876      0.0910      0.2786
   64      0.2276     -0.1886      0.0930      0.2816
   65      0.2342     -0.1896      0.0949      0.2845
   66      0.2409     -0.1904      0.0971      0.2875
   67      0.2477     -0.1910      0.0993      0.2903
   68      0.2546     -0.1916      0.1016      0.2932
   69      0.2615     -0.1919      0.1040      0.2959
   70      0.2684     -0.1920      0.1065      0.2986
   71      0.2755     -0.1922      0.1091      0.3012
   72      0.2826     -0.1918      0.1118      0.3036
   73      0.2897     -0.1913      0.1145      0.3059
   74      0.2969     -0.1909      0.1173      0.3082
   75      0.3041     -0.1903      0.1204      0.3106
   76      0.3114     -0.1897      0.1234      0.3131
   77      0.3187     -0.1888      0.1266      0.3154
   78      0.3261     -0.1875      0.1300      0.3175
   79      0.3335     -0.1863      0.1334      0.3197
   80      0.3410     -0.1846      0.1370      0.3217
   81      0.3485     -0.1829      0.1408      0.3236
   82      0.3560     -0.1810      0.1445      0.3256
   83      0.3636     -0.1788      0.1485      0.3273
   84      0.3712     -0.1765      0.1526      0.3290
   85      0.3789     -0.1739      0.1568      0.3307
   86      0.3865     -0.1711      0.1611      0.3322
   87      0.3942     -0.1682      0.1655      0.3337
   88      0.4020     -0.1649      0.1703      0.3352
   89      0.4097     -0.1616      0.1750      0.3366
   90      0.4175     -0.1579      0.1800      0.3379
   91      0.4253     -0.1539      0.1851      0.3390
   92      0.4331     -0.1500      0.1902      0.3401
   93      0.4409     -0.1454      0.1956      0.3410
   94      0.4488     -0.1409      0.2010      0.3419
   95      0.4566     -0.1360      0.2067      0.3427
   96      0.4645     -0.1309      0.2125      0.3434
   97      0.4724     -0.1257      0.2184      0.3441
   98      0.4803     -0.1200      0.2245      0.3445
   99      0.4882     -0.1142      0.2307      0.3450
  100      0.4961     -0.1081      0.2371      0.3452
  101      0.5039     -0.1017      0.2437      0.3453
  102      0.5118     -0.0952      0.2503      0.3454
  103      0.5197     -0.0881      0.2571      0.3453
  104      0.5276     -0.0811      0.2640      0.3451
  105      0.5355     -0.0737      0.2711      0.3448
  106      0.5434     -0.0660      0.2784      0.3444
  107      0.5512     -0.0583      0.2856      0.3439
  108      0.5591     -0.0499      0.2932      0.3432
  109      0.5669     -0.0416      0.3008      0.3424
  110      0.5747     -0.0329      0.3086      0.3415
  111      0.5825     -0.0240      0.3165      0.3405
  112      0.5903     -0.0149      0.3244      0.3394
  113      0.5980     -0.0054      0.3327      0.3381
  114      0.6058      0.0041      0.3408      0.3367
  115      0.6135      0.0140      0.3492      0.3352
  116      0.6211      0.0242      0.3577      0.3335
  117      0.6288      0.0343      0.3662      0.3319
  118      0.6364      0.0451      0.3750      0.3299
  119      0.6440      0.0557      0.3837      0.3280
  120      0.6515      0.0668      0.3926      0.3258
  121      0.6590      0.0783      0.4016      0.3234
  122      0.6665      0.0896      0.4106      0.3209
  123      0.6739      0.1013      0.4198      0.3185
  124      0.6813      0.1129      0.4290      0.3161
  125      0.6886      0.1248      0.4382      0.3135
  126      0.6959      0.1372      0.4477      0.3105
  127      0.7031      0.1495      0.4570      0.3075
  128      0.7103      0.1622      0.4665      0.3043
  129      0.7174      0.1751      0.4760      0.3009
  130      0.7245      0.1879      0.4855      0.2975
  131      0.7316      0.2013      0.4951      0.2938
  132      0.7385      0.2147      0.5047      0.2900
  133      0.7454      0.2280      0.5142      0.2863
  134      0.7523      0.2420      0.5240      0.2820
  135      0.7591      0.2558      0.5336      0.2778
  136      0.7658      0.2697      0.5432      0.2735
  137      0.7724      0.2841      0.5530      0.2689
  138      0.7790      0.2983      0.5626      0.2643
  139      0.7855      0.3126      0.5723      0.2597
  140      0.7920      0.3273      0.5819      0.2546
  141      0.7983      0.3419      0.5915      0.2496
  142      0.8046      0.3564      0.6010      0.2446
  143      0.8109      0.3714      0.6106      0.2392
  144      0.8170      0.3862      0.6201      0.2339
  145      0.8231      0.4008      0.6295      0.2287
  146      0.8291      0.4159      0.6389      0.2230
  147      0.8350      0.4308      0.6483      0.2175
  148      0.8408      0.4455      0.6575      0.2120
  149      0.8465      0.4604      0.6667      0.2063
  150      0.8522      0.4753      0.6759      0.2006
  151      0.8577      0.4900      0.6849      0.1949
  152      0.8632      0.5045      0.6938      0.1893
  153      0.8686      0.5192      0.7028      0.1836
  154      0.8739      0.5336      0.7116      0.1779
  155      0.8790      0.5478      0.7202      0.1724
  156      0.8841      0.5619      0.7288      0.1668
  157      0.8892      0.5760      0.7373      0.1612
  158      0.8941      0.5899      0.7456      0.1558
  159      0.8989      0.6034      0.7538      0.1504
  160      0.9036      0.6168      0.7619      0.1451
  161      0.9082      0.6300      0.7699      0.1399
  162      0.9127      0.6429      0.7778      0.1349
  163      0.9171      0.6555      0.7855      0.1299
  164      0.9214      0.6679      0.7930      0.1251
  165      0.9256      0.6800      0.8005      0.1205
  166      0.9297      0.6919      0.8079      0.1160
  167      0.9337      0.7035      0.8150      0.1115
  168      0.9375      0.7147      0.8220      0.1073
  169      0.9413      0.7257      0.8288      0.1031
  170      0.9450      0.7363      0.8355      0.0993
  171      0.9485      0.7465      0.8420      0.0955
  172      0.9519      0.7565      0.8484      0.0918
  173      0.9553      0.7661      0.8545      0.0883
  174      0.9585      0.7755      0.8604      0.0849
  175      0.9616      0.7844      0.8660      0.0815
  176      0.9645      0.7930      0.8712      0.0782
  177      0.9674      0.8013      0.8763      0.0750
  178      0.9701      0.8092      0.8811      0.0719
  179      0.9728      0.8168      0.8857      0.0689
  180      0.9753      0.8240      0.8901      0.0661
  181      0.9777      0.8309      0.8943      0.0634
  182      0.9799      0.8375      0.8982      0.0607
  183      0.9821      0.8436      0.9019      0.0583
  184      0.9841      0.8495      0.9041      0.0546
  185      0.9860      0.8549      0.9053      0.0503
  186      0.9878      0.8600      0.9059      0.0458
  187      0.9895      0.8648      0.9061      0.0413
  188      0.9911      0.8692      0.9061      0.0369
  189      0.9925      0.8733      0.9059      0.0326
  190      0.9938      0.8770      0.9055      0.0285
  191      0.9950      0.8803      0.9049      0.0246
  192      0.9960      0.8833      0.9042      0.0209
  193      0.9970      0.8859      0.9034      0.0175
  194      0.9978      0.8882      0.9026      0.0143
  195      0.9984      0.8902      0.9016      0.0115
  196      0.9990      0.8918      0.9006      0.0089
  197      0.9994      0.8930      0.8997      0.0067
  198      0.9998      0.8941      0.8986      0.0045
  199      0.9999      0.8952      0.8974      0.0022
  200      1.0000      0.8957      0.8957      0.0000
 GRID EXPANSION RATIO UP=    1.17411 DOWN =    1.05711
  AXIAL,TANGENTIAL AND RADIAL COORDINATES ON THE STREAM
  SURFACE BEFORE TRANSFORMING TO R-THETA COORDINATES 
 J, XGRID,YGRID,RGRID            1   7.94943571E-02  -8.54430161E-03  0.343402803    
 J, XGRID,YGRID,RGRID            2   8.32676068E-02  -7.42594618E-03  0.343505025    
 J, XGRID,YGRID,RGRID            3   8.64815786E-02  -6.47343369E-03  0.343580425    
 J, XGRID,YGRID,RGRID            4   8.92193615E-02  -5.66217070E-03  0.343621880    
 J, XGRID,YGRID,RGRID            5   9.15518701E-02  -4.97121131E-03  0.343617350    
 J, XGRID,YGRID,RGRID            6   9.35380384E-02  -4.38271509E-03  0.343624860    
 J, XGRID,YGRID,RGRID            7   9.52291340E-02  -3.88148776E-03  0.343646228    
 J, XGRID,YGRID,RGRID            8   9.66683850E-02  -3.45458812E-03  0.343699157    
 J, XGRID,YGRID,RGRID            9   9.78937969E-02  -3.09099443E-03  0.343756855    
 J, XGRID,YGRID,RGRID           10   9.89372060E-02  -2.78131850E-03  0.343814164    
 J, XGRID,YGRID,RGRID           11   9.98257324E-02  -2.51756492E-03  0.343868613    
 J, XGRID,YGRID,RGRID           12  0.100582369      -2.29292363E-03  0.343918771    
 J, XGRID,YGRID,RGRID           13  0.101226717      -2.10159482E-03  0.343964130    
 J, XGRID,YGRID,RGRID           14  0.101775445      -1.93863839E-03  0.344004571    
 J, XGRID,YGRID,RGRID           15  0.102242775      -1.79984700E-03  0.344040334    
 J, XGRID,YGRID,RGRID           16  0.102640778      -1.68163737E-03  0.344071627    
 J, XGRID,YGRID,RGRID           17  0.102979727      -1.58095709E-03  0.344098955    
 J, XGRID,YGRID,RGRID           18  0.103268407      -1.49520684E-03  0.344122648    
 J, XGRID,YGRID,RGRID           19  0.103514247      -1.42217265E-03  0.344143063    
 J, XGRID,YGRID,RGRID           20  0.103723660      -1.35996868E-03  0.344160825    
 J, XGRID,YGRID,RGRID           21  0.103901997      -1.30698923E-03  0.344175994    
 J, XGRID,YGRID,RGRID           22  0.104080588      -1.17670407E-03  0.344188035    
 J, XGRID,YGRID,RGRID           23  0.104267314      -1.65446766E-03  0.344200701    
 J, XGRID,YGRID,RGRID           24  0.104462944      -2.05442845E-03  0.344213992    
 J, XGRID,YGRID,RGRID           25  0.104668230      -2.42045242E-03  0.344227999    
 J, XGRID,YGRID,RGRID           26  0.104883902      -2.76811514E-03  0.344242752    
 J, XGRID,YGRID,RGRID           27  0.105110697      -3.09347571E-03  0.344258219    
 J, XGRID,YGRID,RGRID           28  0.105349414      -3.38713056E-03  0.344274610    
 J, XGRID,YGRID,RGRID           29  0.105600789      -3.69648379E-03  0.344291925    
 J, XGRID,YGRID,RGRID           30  0.105865553      -4.02232120E-03  0.344310224    
 J, XGRID,YGRID,RGRID           31  0.106144473      -4.36717132E-03  0.344329566    
 J, XGRID,YGRID,RGRID           32  0.106438309      -4.67919186E-03  0.344349921    
 J, XGRID,YGRID,RGRID           33  0.106747791      -4.98424703E-03  0.344371557    
 J, XGRID,YGRID,RGRID           34  0.107073687      -5.30546485E-03  0.344394267    
 J, XGRID,YGRID,RGRID           35  0.107416719      -5.63670089E-03  0.344418287    
 J, XGRID,YGRID,RGRID           36  0.107777528      -5.93135785E-03  0.344443589    
 J, XGRID,YGRID,RGRID           37  0.108156160      -6.23360416E-03  0.344470263    
 J, XGRID,YGRID,RGRID           38  0.108553506      -6.55030832E-03  0.344498307    
 J, XGRID,YGRID,RGRID           39  0.108970523      -6.82699913E-03  0.344527721    
 J, XGRID,YGRID,RGRID           40  0.109408394      -7.11173285E-03  0.344558716    
 J, XGRID,YGRID,RGRID           41  0.109868273      -7.40261516E-03  0.344591349    
 J, XGRID,YGRID,RGRID           42  0.110351473      -7.67671224E-03  0.344625503    
 J, XGRID,YGRID,RGRID           43  0.110859185      -7.93552399E-03  0.344661564    
 J, XGRID,YGRID,RGRID           44  0.111392409      -8.12885631E-03  0.344699383    
 J, XGRID,YGRID,RGRID           45  0.111952841      -8.34093429E-03  0.344739139    
 J, XGRID,YGRID,RGRID           46  0.112542599      -8.61432776E-03  0.344780892    
 J, XGRID,YGRID,RGRID           47  0.113163784      -8.81255977E-03  0.344824731    
 J, XGRID,YGRID,RGRID           48  0.113818973      -8.98762420E-03  0.344870925    
 J, XGRID,YGRID,RGRID           49  0.114510700      -9.13286768E-03  0.344919384    
 J, XGRID,YGRID,RGRID           50  0.115247414      -9.24962014E-03  0.344970763    
 J, XGRID,YGRID,RGRID           51  0.116039731      -9.33425222E-03  0.345025629    
 J, XGRID,YGRID,RGRID           52  0.116888516      -9.37861763E-03  0.345083892    
 J, XGRID,YGRID,RGRID           53  0.117793150      -9.36356559E-03  0.345145226    
 J, XGRID,YGRID,RGRID           54  0.118751444      -9.29505285E-03  0.345209420    
 J, XGRID,YGRID,RGRID           55  0.119759694      -9.17302072E-03  0.345275760    
 J, XGRID,YGRID,RGRID           56  0.120812610      -8.95984098E-03  0.345343590    
 J, XGRID,YGRID,RGRID           57  0.121893227      -8.66322406E-03  0.345411509    
 J, XGRID,YGRID,RGRID           58  0.122984260      -8.28273501E-03  0.345478207    
 J, XGRID,YGRID,RGRID           59  0.124079682      -7.81509094E-03  0.345543027    
 J, XGRID,YGRID,RGRID           60  0.125174865      -7.25663779E-03  0.345605522    
 J, XGRID,YGRID,RGRID           61  0.126266018      -6.60416670E-03  0.345665425    
 J, XGRID,YGRID,RGRID           62  0.127350524      -5.86641068E-03  0.345722169    
 J, XGRID,YGRID,RGRID           63  0.128426880      -5.03795547E-03  0.345775813    
 J, XGRID,YGRID,RGRID           64  0.129502296      -4.11385437E-03  0.345826298    
 J, XGRID,YGRID,RGRID           65  0.130581647      -3.08654387E-03  0.345873922    
 J, XGRID,YGRID,RGRID           66  0.131664068      -1.95066072E-03  0.345918357    
 J, XGRID,YGRID,RGRID           67  0.132748097      -7.09066866E-04  0.345959127    
 J, XGRID,YGRID,RGRID           68  0.133831829       6.45001768E-04  0.345996350    
 J, XGRID,YGRID,RGRID           69  0.134912670       2.10139784E-03  0.346029401    
 J, XGRID,YGRID,RGRID           70  0.135987669       3.66942701E-03  0.346058369    
 J, XGRID,YGRID,RGRID           71  0.137047127       5.31451916E-03  0.346082598    
 J, XGRID,YGRID,RGRID           72  0.138085201       7.03401864E-03  0.346102387    
 J, XGRID,YGRID,RGRID           73  0.139098942       8.83840118E-03  0.346117496    
 J, XGRID,YGRID,RGRID           74  0.140086114       1.07081151E-02  0.346128076    
 J, XGRID,YGRID,RGRID           75  0.141045034       1.26459766E-02  0.346134484    
 J, XGRID,YGRID,RGRID           76  0.141974464       1.46339061E-02  0.346136808    
 J, XGRID,YGRID,RGRID           77  0.142873749       1.66635383E-02  0.346135348    
 J, XGRID,YGRID,RGRID           78  0.143746138       1.87333003E-02  0.346130192    
 J, XGRID,YGRID,RGRID           79  0.144592583       2.08314043E-02  0.346121758    
 J, XGRID,YGRID,RGRID           80  0.145413131       2.29461491E-02  0.346110344    
 J, XGRID,YGRID,RGRID           81  0.146207631       2.50636637E-02  0.346095920    
 J, XGRID,YGRID,RGRID           82  0.146976203       2.71699112E-02  0.346078932    
 J, XGRID,YGRID,RGRID           83  0.147718817       2.92632766E-02  0.346059531    
 J, XGRID,YGRID,RGRID           84  0.148435444       3.13105807E-02  0.346037894    
 J, XGRID,YGRID,RGRID           85  0.149126172       3.33019644E-02  0.346014500    
 J, XGRID,YGRID,RGRID           86  0.149790943       3.52349132E-02  0.345989376    
 J, XGRID,YGRID,RGRID           87  0.150429770       3.70927230E-02  0.345962912    
 J, XGRID,YGRID,RGRID           88  0.151042730       3.88716608E-02  0.345935374    
 J, XGRID,YGRID,RGRID           89  0.151629701       4.05701585E-02  0.345906764    
 J, XGRID,YGRID,RGRID           90  0.152190849       4.21797186E-02  0.345877677    
 J, XGRID,YGRID,RGRID           91  0.152725965       4.37571369E-02  0.345847994    
 J, XGRID,YGRID,RGRID           92  0.153260767       4.46497165E-02  0.345806956    
 J, XGRID,YGRID,RGRID           93  0.153826118       4.55934666E-02  0.345763475    
 J, XGRID,YGRID,RGRID           94  0.154423743       4.65911180E-02  0.345717400    
 J, XGRID,YGRID,RGRID           95  0.155055538       4.76457439E-02  0.345668554    
 J, XGRID,YGRID,RGRID           96  0.155723453       4.87606041E-02  0.345616996    
 J, XGRID,YGRID,RGRID           97  0.156429499       4.99391370E-02  0.345562428    
 J, XGRID,YGRID,RGRID           98  0.157175899       5.11849783E-02  0.345504999    
 J, XGRID,YGRID,RGRID           99  0.157964945       5.25019728E-02  0.345444530    
 J, XGRID,YGRID,RGRID          100  0.158799127       5.38941808E-02  0.345381081    
 J, XGRID,YGRID,RGRID          101  0.159680992       5.53659014E-02  0.345314890    
 J, XGRID,YGRID,RGRID          102  0.160613298       5.69216795E-02  0.345245808    
 J, XGRID,YGRID,RGRID          103  0.161598936       5.85663058E-02  0.345173985    
 J, XGRID,YGRID,RGRID          104  0.162640929       6.03048615E-02  0.345099539    
 J, XGRID,YGRID,RGRID          105  0.163742527       6.21427111E-02  0.345022857    
 J, XGRID,YGRID,RGRID          106  0.164907202       6.40855208E-02  0.344944328    

  THE BLADE CENTROID ON THE X-Y SURFACE IS AT X, Y=    0.12765  -0.00676


  THE J VALUE OF THE CENTROID IS J =           63

  THE CENTROID ON THE STREAM SURFACE IS AT  0.127647862       0.00000000    
  THE HUB SECTION CENTROID IS AT  0.127428517       0.00000000    

  AXIAL & RADIAL COORDINATES ON THE SS AFTER STACKING 
  J  , XGRID,RGRID            1   7.92750120E-02  0.343402803    
  J  , XGRID,RGRID            2   8.30482617E-02  0.343505025    
  J  , XGRID,RGRID            3   8.62622336E-02  0.343580425    
  J  , XGRID,RGRID            4   8.90000165E-02  0.343621880    
  J  , XGRID,RGRID            5   9.13325250E-02  0.343617350    
  J  , XGRID,RGRID            6   9.33186933E-02  0.343624860    
  J  , XGRID,RGRID            7   9.50097889E-02  0.343646228    
  J  , XGRID,RGRID            8   9.64490399E-02  0.343699157    
  J  , XGRID,RGRID            9   9.76744518E-02  0.343756855    
  J  , XGRID,RGRID           10   9.87178609E-02  0.343814164    
  J  , XGRID,RGRID           11   9.96063873E-02  0.343868613    
  J  , XGRID,RGRID           12  0.100363024      0.343918771    
  J  , XGRID,RGRID           13  0.101007372      0.343964130    
  J  , XGRID,RGRID           14  0.101556100      0.344004571    
  J  , XGRID,RGRID           15  0.102023430      0.344040334    
  J  , XGRID,RGRID           16  0.102421433      0.344071627    
  J  , XGRID,RGRID           17  0.102760382      0.344098955    
  J  , XGRID,RGRID           18  0.103049062      0.344122648    
  J  , XGRID,RGRID           19  0.103294902      0.344143063    
  J  , XGRID,RGRID           20  0.103504315      0.344160825    
  J  , XGRID,RGRID           21  0.103682652      0.344175994    
  J  , XGRID,RGRID           22  0.103861243      0.344188035    
  J  , XGRID,RGRID           23  0.104047969      0.344200701    
  J  , XGRID,RGRID           24  0.104243599      0.344213992    
  J  , XGRID,RGRID           25  0.104448885      0.344227999    
  J  , XGRID,RGRID           26  0.104664557      0.344242752    
  J  , XGRID,RGRID           27  0.104891352      0.344258219    
  J  , XGRID,RGRID           28  0.105130069      0.344274610    
  J  , XGRID,RGRID           29  0.105381444      0.344291925    
  J  , XGRID,RGRID           30  0.105646208      0.344310224    
  J  , XGRID,RGRID           31  0.105925128      0.344329566    
  J  , XGRID,RGRID           32  0.106218964      0.344349921    
  J  , XGRID,RGRID           33  0.106528446      0.344371557    
  J  , XGRID,RGRID           34  0.106854342      0.344394267    
  J  , XGRID,RGRID           35  0.107197374      0.344418287    
  J  , XGRID,RGRID           36  0.107558183      0.344443589    
  J  , XGRID,RGRID           37  0.107936814      0.344470263    
  J  , XGRID,RGRID           38  0.108334161      0.344498307    
  J  , XGRID,RGRID           39  0.108751178      0.344527721    
  J  , XGRID,RGRID           40  0.109189048      0.344558716    
  J  , XGRID,RGRID           41  0.109648928      0.344591349    
  J  , XGRID,RGRID           42  0.110132128      0.344625503    
  J  , XGRID,RGRID           43  0.110639840      0.344661564    
  J  , XGRID,RGRID           44  0.111173064      0.344699383    
  J  , XGRID,RGRID           45  0.111733496      0.344739139    
  J  , XGRID,RGRID           46  0.112323254      0.344780892    
  J  , XGRID,RGRID           47  0.112944439      0.344824731    
  J  , XGRID,RGRID           48  0.113599628      0.344870925    
  J  , XGRID,RGRID           49  0.114291355      0.344919384    
  J  , XGRID,RGRID           50  0.115028068      0.344970763    
  J  , XGRID,RGRID           51  0.115820386      0.345025629    
  J  , XGRID,RGRID           52  0.116669171      0.345083892    
  J  , XGRID,RGRID           53  0.117573805      0.345145226    
  J  , XGRID,RGRID           54  0.118532099      0.345209420    
  J  , XGRID,RGRID           55  0.119540349      0.345275760    
  J  , XGRID,RGRID           56  0.120593265      0.345343590    
  J  , XGRID,RGRID           57  0.121673882      0.345411509    
  J  , XGRID,RGRID           58  0.122764915      0.345478207    
  J  , XGRID,RGRID           59  0.123860337      0.345543027    
  J  , XGRID,RGRID           60  0.124955520      0.345605522    
  J  , XGRID,RGRID           61  0.126046672      0.345665425    
  J  , XGRID,RGRID           62  0.127131179      0.345722169    
  J  , XGRID,RGRID           63  0.128207535      0.345775813    
  J  , XGRID,RGRID           64  0.129282951      0.345826298    
  J  , XGRID,RGRID           65  0.130362302      0.345873922    
  J  , XGRID,RGRID           66  0.131444722      0.345918357    
  J  , XGRID,RGRID           67  0.132528752      0.345959127    
  J  , XGRID,RGRID           68  0.133612484      0.345996350    
  J  , XGRID,RGRID           69  0.134693325      0.346029401    
  J  , XGRID,RGRID           70  0.135768324      0.346058369    
  J  , XGRID,RGRID           71  0.136827782      0.346082598    
  J  , XGRID,RGRID           72  0.137865856      0.346102387    
  J  , XGRID,RGRID           73  0.138879597      0.346117496    
  J  , XGRID,RGRID           74  0.139866769      0.346128076    
  J  , XGRID,RGRID           75  0.140825689      0.346134484    
  J  , XGRID,RGRID           76  0.141755119      0.346136808    
  J  , XGRID,RGRID           77  0.142654404      0.346135348    
  J  , XGRID,RGRID           78  0.143526793      0.346130192    
  J  , XGRID,RGRID           79  0.144373238      0.346121758    
  J  , XGRID,RGRID           80  0.145193785      0.346110344    
  J  , XGRID,RGRID           81  0.145988286      0.346095920    
  J  , XGRID,RGRID           82  0.146756858      0.346078932    
  J  , XGRID,RGRID           83  0.147499472      0.346059531    
  J  , XGRID,RGRID           84  0.148216099      0.346037894    
  J  , XGRID,RGRID           85  0.148906827      0.346014500    
  J  , XGRID,RGRID           86  0.149571598      0.345989376    
  J  , XGRID,RGRID           87  0.150210425      0.345962912    
  J  , XGRID,RGRID           88  0.150823385      0.345935374    
  J  , XGRID,RGRID           89  0.151410356      0.345906764    
  J  , XGRID,RGRID           90  0.151971504      0.345877677    
  J  , XGRID,RGRID           91  0.152506620      0.345847994    
  J  , XGRID,RGRID           92  0.153041422      0.345806956    
  J  , XGRID,RGRID           93  0.153606772      0.345763475    
  J  , XGRID,RGRID           94  0.154204398      0.345717400    
  J  , XGRID,RGRID           95  0.154836193      0.345668554    
  J  , XGRID,RGRID           96  0.155504107      0.345616996    
  J  , XGRID,RGRID           97  0.156210154      0.345562428    
  J  , XGRID,RGRID           98  0.156956553      0.345504999    
  J  , XGRID,RGRID           99  0.157745600      0.345444530    
  J  , XGRID,RGRID          100  0.158579782      0.345381081    
  J  , XGRID,RGRID          101  0.159461647      0.345314890    
  J  , XGRID,RGRID          102  0.160393953      0.345245808    
  J  , XGRID,RGRID          103  0.161379591      0.345173985    
  J  , XGRID,RGRID          104  0.162421584      0.345099539    
  J  , XGRID,RGRID          105  0.163523182      0.345022857    
  J  , XGRID,RGRID          106  0.164687857      0.344944328    
  REARRANGED AND SCALED INPUT BLADE SECTION 
  N     XSURF       YSURF 
    1       0.00187   0.00445
    2       0.00172   0.00220
    3       0.00000   0.00000
    4       0.00069  -0.00216
    5       0.00054  -0.00428
    6       0.00054  -0.00947
    7       0.00106  -0.01448
    8       0.00202  -0.01932
    9       0.00335  -0.02404
   10       0.00500  -0.02864
   11       0.00692  -0.03314
   12       0.00914  -0.03753
   13       0.01152  -0.04187
   14       0.01412  -0.04613
   15       0.01688  -0.05032
   16       0.01979  -0.05447
   17       0.02281  -0.05857
   18       0.02595  -0.06264
   19       0.04958  -0.08975
   20       0.07321  -0.11216
   21       0.09684  -0.13081
   22       0.12048  -0.14621
   23       0.14383  -0.15714
   24       0.15952  -0.16613
   25       0.17905  -0.17367
   26       0.19857  -0.17958
   27       0.21810  -0.18419
   28       0.23762  -0.18753
   29       0.25715  -0.18951
   30       0.27667  -0.19032
   31       0.29619  -0.18992
   32       0.31572  -0.18828
   33       0.33524  -0.18541
   34       0.35477  -0.18132
   35       0.37429  -0.17600
   36       0.39382  -0.16931
   37       0.41372  -0.16132
   38       0.43286  -0.15198
   39       0.45239  -0.14119
   40       0.47191  -0.12894
   41       0.49144  -0.11527
   42       0.51096  -0.09998
   43       0.53049  -0.08315
   44       0.55001  -0.06477
   45       0.56954  -0.04475
   46       0.58906  -0.02313
   47       0.60858   0.00016
   48       0.62811   0.02516
   49       0.64763   0.05184
   50       0.66716   0.08053
   51       0.68668   0.11113
   52       0.70621   0.14386
   53       0.72573   0.17896
   54       0.74525   0.21660
   55       0.76478   0.25705
   56       0.78430   0.30025
   57       0.80383   0.34640
   58       0.82335   0.39529
   59       0.84288   0.44644
   60       0.86240   0.49959
   61       0.88192   0.55403
   62       0.90145   0.60955
   63       0.92097   0.66578
   64       0.94050   0.72281
   65       0.96002   0.78057
   66       0.96661   0.80033
   67       0.97321   0.82025
   68       0.97980   0.84029
   69       0.98639   0.86047
   70       0.99299   0.88091
   71       0.99958   0.90154
   72       0.99987   0.90273
   73       1.00000   0.90395
   74       0.99996   0.90518
   75       0.99976   0.90639
   76       0.99940   0.90718
   77       0.99888   0.90867
   78       0.99821   0.90970
   79       0.99742   0.91064
   80       0.99650   0.91146
   81       0.99549   0.91214
   82       0.99439   0.91269
   83       0.99322   0.91308
   84       0.99202   0.91331
   85       0.99079   0.91338
   86       0.98957   0.91328
   87       0.98837   0.91301
   88       0.98722   0.91259
   89       0.98613   0.91202
   90       0.98513   0.91130
   91       0.98424   0.91046
   92       0.98347   0.90950
   93       0.98283   0.90845
   94       0.97903   0.90103
   95       0.97523   0.89364
   96       0.97143   0.88630
   97       0.96763   0.87901
   98       0.96382   0.87175
   99       0.96002   0.86453
  100       0.94050   0.82815
  101       0.92097   0.79309
  102       0.90145   0.75901
  103       0.88192   0.72584
  104       0.86240   0.69375
  105       0.84288   0.66258
  106       0.82335   0.63213
  107       0.80383   0.60240
  108       0.78430   0.57336
  109       0.76478   0.54492
  110       0.74525   0.51729
  111       0.72573   0.49048
  112       0.70621   0.46449
  113       0.68668   0.43920
  114       0.66716   0.41479
  115       0.64763   0.39126
  116       0.62815   0.36862
  117       0.60858   0.34684
  118       0.58906   0.32595
  119       0.56954   0.30600
  120       0.55001   0.28688
  121       0.53049   0.26870
  122       0.51096   0.25151
  123       0.49144   0.23518
  124       0.47191   0.21970
  125       0.45239   0.20509
  126       0.43286   0.19141
  127       0.41334   0.17857
  128       0.39382   0.16650
  129       0.37429   0.15520
  130       0.35477   0.14481
  131       0.33524   0.13506
  132       0.31572   0.12596
  133       0.29619   0.11766
  134       0.27667   0.10990
  135       0.25715   0.10261
  136       0.23762   0.09591
  137       0.21810   0.08969
  138       0.19857   0.08381
  139       0.17905   0.07826
  140       0.15952   0.07314
  141       0.14000   0.06826
  142       0.12048   0.06362
  143       0.11134   0.06156
  144       0.10220   0.05954
  145       0.09306   0.05757
  146       0.08392   0.05564
  147       0.07800   0.05439
  148       0.07209   0.05310
  149       0.06625   0.05172
  150       0.06044   0.05028
  151       0.05473   0.04869
  152       0.04914   0.04688
  153       0.04366   0.04491
  154       0.03831   0.04275
  155       0.03315   0.04026
  156       0.02818   0.03753
  157       0.02335   0.03446
  158       0.01885   0.03092
  159       0.01457   0.02703
  160       0.01067   0.02252
  161       0.00716   0.01741
  162       0.00415   0.01148
  COORDINATES GOING ROUND THE BLADE AFTER ANY ROTATION
     N        XSURF        YSURF 
         1     0.00187     0.00445
         2     0.00172     0.00220
         3     0.00000     0.00000
         4     0.00069    -0.00216
         5     0.00054    -0.00428
         6     0.00054    -0.00947
         7     0.00106    -0.01448
         8     0.00202    -0.01932
         9     0.00335    -0.02404
        10     0.00500    -0.02864
        11     0.00692    -0.03314
        12     0.00914    -0.03753
        13     0.01152    -0.04187
        14     0.01412    -0.04613
        15     0.01688    -0.05032
        16     0.01979    -0.05447
        17     0.02281    -0.05857
        18     0.02595    -0.06264
        19     0.04958    -0.08975
        20     0.07321    -0.11216
        21     0.09684    -0.13081
        22     0.12048    -0.14621
        23     0.14383    -0.15714
        24     0.15952    -0.16613
        25     0.17905    -0.17367
        26     0.19857    -0.17958
        27     0.21810    -0.18419
        28     0.23762    -0.18753
        29     0.25715    -0.18951
        30     0.27667    -0.19032
        31     0.29619    -0.18992
        32     0.31572    -0.18828
        33     0.33524    -0.18541
        34     0.35477    -0.18132
        35     0.37429    -0.17600
        36     0.39382    -0.16931
        37     0.41372    -0.16132
        38     0.43286    -0.15198
        39     0.45239    -0.14119
        40     0.47191    -0.12894
        41     0.49144    -0.11527
        42     0.51096    -0.09998
        43     0.53049    -0.08315
        44     0.55001    -0.06477
        45     0.56954    -0.04475
        46     0.58906    -0.02313
        47     0.60858     0.00016
        48     0.62811     0.02516
        49     0.64763     0.05184
        50     0.66716     0.08053
        51     0.68668     0.11113
        52     0.70621     0.14386
        53     0.72573     0.17896
        54     0.74525     0.21660
        55     0.76478     0.25705
        56     0.78430     0.30025
        57     0.80383     0.34640
        58     0.82335     0.39529
        59     0.84288     0.44644
        60     0.86240     0.49959
        61     0.88192     0.55403
        62     0.90145     0.60955
        63     0.92097     0.66578
        64     0.94050     0.72281
        65     0.96002     0.78057
        66     0.96661     0.80033
        67     0.97321     0.82025
        68     0.97980     0.84029
        69     0.98639     0.86047
        70     0.99299     0.88091
        71     0.99958     0.90154
        72     0.99987     0.90273
        73     1.00000     0.90395
        74     0.99996     0.90518
        75     0.99976     0.90639
        76     0.99940     0.90718
        77     0.99888     0.90867
        78     0.99821     0.90970
        79     0.99742     0.91064
        80     0.99650     0.91146
        81     0.99549     0.91214
        82     0.99439     0.91269
        83     0.99322     0.91308
        84     0.99202     0.91331
        85     0.99079     0.91338
        86     0.98957     0.91328
        87     0.98837     0.91301
        88     0.98722     0.91259
        89     0.98613     0.91202
        90     0.98513     0.91130
        91     0.98424     0.91046
        92     0.98347     0.90950
        93     0.98283     0.90845
        94     0.97903     0.90103
        95     0.97523     0.89364
        96     0.97143     0.88630
        97     0.96763     0.87901
        98     0.96382     0.87175
        99     0.96002     0.86453
       100     0.94050     0.82815
       101     0.92097     0.79309
       102     0.90145     0.75901
       103     0.88192     0.72584
       104     0.86240     0.69375
       105     0.84288     0.66258
       106     0.82335     0.63213
       107     0.80383     0.60240
       108     0.78430     0.57336
       109     0.76478     0.54492
       110     0.74525     0.51729
       111     0.72573     0.49048
       112     0.70621     0.46449
       113     0.68668     0.43920
       114     0.66716     0.41479
       115     0.64763     0.39126
       116     0.62815     0.36862
       117     0.60858     0.34684
       118     0.58906     0.32595
       119     0.56954     0.30600
       120     0.55001     0.28688
       121     0.53049     0.26870
       122     0.51096     0.25151
       123     0.49144     0.23518
       124     0.47191     0.21970
       125     0.45239     0.20509
       126     0.43286     0.19141
       127     0.41334     0.17857
       128     0.39382     0.16650
       129     0.37429     0.15520
       130     0.35477     0.14481
       131     0.33524     0.13506
       132     0.31572     0.12596
       133     0.29619     0.11766
       134     0.27667     0.10990
       135     0.25715     0.10261
       136     0.23762     0.09591
       137     0.21810     0.08969
       138     0.19857     0.08381
       139     0.17905     0.07826
       140     0.15952     0.07314
       141     0.14000     0.06826
       142     0.12048     0.06362
       143     0.11134     0.06156
       144     0.10220     0.05954
       145     0.09306     0.05757
       146     0.08392     0.05564
       147     0.07800     0.05439
       148     0.07209     0.05310
       149     0.06625     0.05172
       150     0.06044     0.05028
       151     0.05473     0.04869
       152     0.04914     0.04688
       153     0.04366     0.04491
       154     0.03831     0.04275
       155     0.03315     0.04026
       156     0.02818     0.03753
       157     0.02335     0.03446
       158     0.01885     0.03092
       159     0.01457     0.02703
       160     0.01067     0.02252
       161     0.00716     0.01741
       162     0.00415     0.01148
  LEADING EDGE POINT =            5  TE POINT =          73

  NO OF SUCT S POINTS          69  NO PRESS S POINTS          95
  XMIN,XMAX, XCHORD     5.40424488E-04   1.00000000      0.999459565    

   SUCTION SURFACE POINTS FROM LE TO TE.
         1     0.00054    -0.00428
         2     0.00054    -0.00947
         3     0.00106    -0.01448
         4     0.00202    -0.01932
         5     0.00335    -0.02404
         6     0.00500    -0.02864
         7     0.00692    -0.03314
         8     0.00914    -0.03753
         9     0.01152    -0.04187
        10     0.01412    -0.04613
        11     0.01688    -0.05032
        12     0.01979    -0.05447
        13     0.02281    -0.05857
        14     0.02595    -0.06264
        15     0.04958    -0.08975
        16     0.07321    -0.11216
        17     0.09684    -0.13081
        18     0.12048    -0.14621
        19     0.14383    -0.15714
        20     0.15952    -0.16613
        21     0.17905    -0.17367
        22     0.19857    -0.17958
        23     0.21810    -0.18419
        24     0.23762    -0.18753
        25     0.25715    -0.18951
        26     0.27667    -0.19032
        27     0.29619    -0.18992
        28     0.31572    -0.18828
        29     0.33524    -0.18541
        30     0.35477    -0.18132
        31     0.37429    -0.17600
        32     0.39382    -0.16931
        33     0.41372    -0.16132
        34     0.43286    -0.15198
        35     0.45239    -0.14119
        36     0.47191    -0.12894
        37     0.49144    -0.11527
        38     0.51096    -0.09998
        39     0.53049    -0.08315
        40     0.55001    -0.06477
        41     0.56954    -0.04475
        42     0.58906    -0.02313
        43     0.60858     0.00016
        44     0.62811     0.02516
        45     0.64763     0.05184
        46     0.66716     0.08053
        47     0.68668     0.11113
        48     0.70621     0.14386
        49     0.72573     0.17896
        50     0.74525     0.21660
        51     0.76478     0.25705
        52     0.78430     0.30025
        53     0.80383     0.34640
        54     0.82335     0.39529
        55     0.84288     0.44644
        56     0.86240     0.49959
        57     0.88192     0.55403
        58     0.90145     0.60955
        59     0.92097     0.66578
        60     0.94050     0.72281
        61     0.96002     0.78057
        62     0.96661     0.80033
        63     0.97321     0.82025
        64     0.97980     0.84029
        65     0.98639     0.86047
        66     0.99299     0.88091
        67     0.99958     0.90154
        68     0.99987     0.90273
        69     1.00000     0.90395

   PRESSURE SURFACE POINTS FROM LE TO TE.
         1     0.00054    -0.00428
         2     0.00069    -0.00216
         3     0.00000     0.00000
         4     0.00172     0.00220
         5     0.00187     0.00445
         6     0.00415     0.01148
         7     0.00716     0.01741
         8     0.01067     0.02252
         9     0.01457     0.02703
        10     0.01885     0.03092
        11     0.02335     0.03446
        12     0.02818     0.03753
        13     0.03315     0.04026
        14     0.03831     0.04275
        15     0.04366     0.04491
        16     0.04914     0.04688
        17     0.05473     0.04869
        18     0.06044     0.05028
        19     0.06625     0.05172
        20     0.07209     0.05310
        21     0.07800     0.05439
        22     0.08392     0.05564
        23     0.09306     0.05757
        24     0.10220     0.05954
        25     0.11134     0.06156
        26     0.12048     0.06362
        27     0.14000     0.06826
        28     0.15952     0.07314
        29     0.17905     0.07826
        30     0.19857     0.08381
        31     0.21810     0.08969
        32     0.23762     0.09591
        33     0.25715     0.10261
        34     0.27667     0.10990
        35     0.29619     0.11766
        36     0.31572     0.12596
        37     0.33524     0.13506
        38     0.35477     0.14481
        39     0.37429     0.15520
        40     0.39382     0.16650
        41     0.41334     0.17857
        42     0.43286     0.19141
        43     0.45239     0.20509
        44     0.47191     0.21970
        45     0.49144     0.23518
        46     0.51096     0.25151
        47     0.53049     0.26870
        48     0.55001     0.28688
        49     0.56954     0.30600
        50     0.58906     0.32595
        51     0.60858     0.34684
        52     0.62815     0.36862
        53     0.64763     0.39126
        54     0.66716     0.41479
        55     0.68668     0.43920
        56     0.70621     0.46449
        57     0.72573     0.49048
        58     0.74525     0.51729
        59     0.76478     0.54492
        60     0.78430     0.57336
        61     0.80383     0.60240
        62     0.82335     0.63213
        63     0.84288     0.66258
        64     0.86240     0.69375
        65     0.88192     0.72584
        66     0.90145     0.75901
        67     0.92097     0.79309
        68     0.94050     0.82815
        69     0.96002     0.86453
        70     0.96382     0.87175
        71     0.96763     0.87901
        72     0.97143     0.88630
        73     0.97523     0.89364
        74     0.97903     0.90103
        75     0.98283     0.90845
        76     0.98347     0.90950
        77     0.98424     0.91046
        78     0.98513     0.91130
        79     0.98613     0.91202
        80     0.98722     0.91259
        81     0.98837     0.91301
        82     0.98957     0.91328
        83     0.99079     0.91338
        84     0.99202     0.91331
        85     0.99322     0.91308
        86     0.99439     0.91269
        87     0.99549     0.91214
        88     0.99650     0.91146
        89     0.99742     0.91064
        90     0.99821     0.90970
        91     0.99888     0.90867
        92     0.99940     0.90718
        93     0.99976     0.90639
        94     0.99996     0.90518
        95     1.00000     0.90395
  POINTS ON THE BLADE TO BE USED FOR PLOTTING 
  AND FINAL INTERPOLATION 
  N           X          YUP        YLOW        THICK 
    1      0.0000     -0.0043     -0.0043      0.0000
    2      0.0001     -0.0101     -0.0034      0.0066
    3      0.0002     -0.0119      0.0010      0.0129
    4      0.0006     -0.0147      0.0014      0.0161
    5      0.0010     -0.0169      0.0020      0.0189
    6      0.0016     -0.0196      0.0052      0.0248
    7      0.0022     -0.0220      0.0073      0.0293
    8      0.0030     -0.0247      0.0098      0.0345
    9      0.0040     -0.0273      0.0122      0.0395
   10      0.0050     -0.0300      0.0143      0.0443
   11      0.0062     -0.0328      0.0166      0.0494
   12      0.0075     -0.0354      0.0187      0.0541
   13      0.0089     -0.0382      0.0208      0.0590
   14      0.0105     -0.0410      0.0229      0.0639
   15      0.0122     -0.0438      0.0249      0.0687
   16      0.0140     -0.0467      0.0269      0.0737
   17      0.0159     -0.0496      0.0287      0.0783
   18      0.0179     -0.0526      0.0306      0.0831
   19      0.0201     -0.0556      0.0323      0.0879
   20      0.0223     -0.0587      0.0341      0.0927
   21      0.0247     -0.0618      0.0357      0.0974
   22      0.0272     -0.0647      0.0373      0.1020
   23      0.0299     -0.0678      0.0388      0.1065
   24      0.0326     -0.0709      0.0403      0.1112
   25      0.0355     -0.0742      0.0416      0.1158
   26      0.0384     -0.0776      0.0430      0.1206
   27      0.0415     -0.0812      0.0443      0.1254
   28      0.0447     -0.0848      0.0455      0.1303
   29      0.0481     -0.0886      0.0467      0.1353
   30      0.0515     -0.0921      0.0478      0.1399
   31      0.0550     -0.0955      0.0489      0.1444
   32      0.0587     -0.0989      0.0500      0.1489
   33      0.0625     -0.1025      0.0509      0.1534
   34      0.0663     -0.1062      0.0519      0.1581
   35      0.0703     -0.1099      0.0528      0.1628
   36      0.0744     -0.1136      0.0537      0.1673
   37      0.0786     -0.1169      0.0547      0.1715
   38      0.0829     -0.1203      0.0556      0.1758
   39      0.0873     -0.1237      0.0565      0.1802
   40      0.0918     -0.1273      0.0574      0.1847
   41      0.0964     -0.1309      0.0584      0.1894
   42      0.1011     -0.1340      0.0594      0.1934
   43      0.1059     -0.1371      0.0605      0.1976
   44      0.1108     -0.1403      0.0616      0.2019
   45      0.1159     -0.1436      0.0627      0.2063
   46      0.1210     -0.1467      0.0639      0.2106
   47      0.1261     -0.1492      0.0651      0.2143
   48      0.1314     -0.1516      0.0664      0.2180
   49      0.1368     -0.1542      0.0676      0.2218
   50      0.1423     -0.1567      0.0690      0.2257
   51      0.1478     -0.1598      0.0704      0.2302
   52      0.1535     -0.1630      0.0718      0.2348
   53      0.1592     -0.1663      0.0732      0.2395
   54      0.1650     -0.1685      0.0747      0.2433
   55      0.1709     -0.1708      0.0763      0.2471
   56      0.1769     -0.1731      0.0779      0.2510
   57      0.1830     -0.1751      0.0796      0.2546
   58      0.1891     -0.1770      0.0813      0.2582
   59      0.1954     -0.1788      0.0831      0.2619
   60      0.2017     -0.1805      0.0849      0.2654
   61      0.2080     -0.1820      0.0868      0.2688
   62      0.2145     -0.1835      0.0888      0.2723
   63      0.2210     -0.1849      0.0908      0.2756
   64      0.2276     -0.1860      0.0929      0.2789
   65      0.2342     -0.1871      0.0950      0.2821
   66      0.2409     -0.1880      0.0972      0.2853
   67      0.2477     -0.1887      0.0996      0.2883
   68      0.2546     -0.1894      0.1019      0.2913
   69      0.2615     -0.1898      0.1044      0.2942
   70      0.2684     -0.1901      0.1070      0.2971
   71      0.2755     -0.1904      0.1097      0.3000
   72      0.2826     -0.1903      0.1125      0.3027
   73      0.2897     -0.1901      0.1153      0.3054
   74      0.2969     -0.1899      0.1182      0.3081
   75      0.3041     -0.1893      0.1213      0.3106
   76      0.3114     -0.1887      0.1243      0.3131
   77      0.3187     -0.1879      0.1276      0.3155
   78      0.3261     -0.1868      0.1310      0.3178
   79      0.3335     -0.1857      0.1345      0.3202
   80      0.3410     -0.1842      0.1382      0.3224
   81      0.3485     -0.1827      0.1419      0.3246
   82      0.3560     -0.1810      0.1458      0.3267
   83      0.3636     -0.1789      0.1498      0.3287
   84      0.3712     -0.1768      0.1538      0.3307
   85      0.3789     -0.1744      0.1581      0.3325
   86      0.3865     -0.1718      0.1626      0.3343
   87      0.3942     -0.1691      0.1671      0.3362
   88      0.4020     -0.1660      0.1718      0.3378
   89      0.4097     -0.1629      0.1766      0.3395
   90      0.4175     -0.1594      0.1816      0.3410
   91      0.4253     -0.1556      0.1867      0.3423
   92      0.4331     -0.1518      0.1919      0.3437
   93      0.4409     -0.1474      0.1974      0.3448
   94      0.4488     -0.1431      0.2029      0.3460
   95      0.4566     -0.1384      0.2086      0.3470
   96      0.4645     -0.1335      0.2145      0.3480
   97      0.4724     -0.1285      0.2204      0.3489
   98      0.4803     -0.1230      0.2267      0.3496
   99      0.4882     -0.1174      0.2329      0.3504
  100      0.4961     -0.1115      0.2394      0.3509
  101      0.5039     -0.1053      0.2460      0.3513
  102      0.5118     -0.0991      0.2527      0.3517
  103      0.5197     -0.0923      0.2596      0.3519
  104      0.5276     -0.0855      0.2665      0.3520
  105      0.5355     -0.0782      0.2737      0.3520
  106      0.5434     -0.0708      0.2811      0.3519
  107      0.5512     -0.0633      0.2885      0.3518
  108      0.5591     -0.0553      0.2961      0.3514
  109      0.5669     -0.0472      0.3038      0.3511
  110      0.5747     -0.0388      0.3117      0.3505
  111      0.5825     -0.0302      0.3197      0.3498
  112      0.5903     -0.0214      0.3277      0.3491
  113      0.5980     -0.0122      0.3360      0.3481
  114      0.6058     -0.0030      0.3442      0.3472
  115      0.6135      0.0067      0.3527      0.3460
  116      0.6211      0.0165      0.3612      0.3447
  117      0.6288      0.0264      0.3698      0.3434
  118      0.6364      0.0368      0.3786      0.3419
  119      0.6440      0.0471      0.3874      0.3403
  120      0.6515      0.0578      0.3964      0.3385
  121      0.6590      0.0689      0.4054      0.3365
  122      0.6665      0.0798      0.4144      0.3346
  123      0.6739      0.0914      0.4237      0.3322
  124      0.6813      0.1030      0.4329      0.3299
  125      0.6886      0.1147      0.4421      0.3275
  126      0.6959      0.1269      0.4516      0.3247
  127      0.7031      0.1390      0.4610      0.3219
  128      0.7103      0.1516      0.4704      0.3188
  129      0.7174      0.1644      0.4799      0.3155
  130      0.7245      0.1772      0.4893      0.3122
  131      0.7316      0.1906      0.4989      0.3084
  132      0.7385      0.2040      0.5085      0.3045
  133      0.7454      0.2174      0.5180      0.3006
  134      0.7523      0.2316      0.5277      0.2961
  135      0.7591      0.2456      0.5373      0.2917
  136      0.7658      0.2597      0.5469      0.2872
  137      0.7724      0.2744      0.5565      0.2821
  138      0.7790      0.2890      0.5661      0.2772
  139      0.7855      0.3036      0.5757      0.2721
  140      0.7920      0.3188      0.5853      0.2664
  141      0.7983      0.3339      0.5947      0.2608
  142      0.8046      0.3489      0.6041      0.2552
  143      0.8109      0.3645      0.6136      0.2491
  144      0.8170      0.3799      0.6230      0.2431
  145      0.8231      0.3950      0.6322      0.2371
  146      0.8291      0.4107      0.6415      0.2308
  147      0.8350      0.4262      0.6507      0.2246
  148      0.8408      0.4414      0.6598      0.2184
  149      0.8465      0.4568      0.6689      0.2121
  150      0.8522      0.4722      0.6779      0.2057
  151      0.8577      0.4873      0.6868      0.1995
  152      0.8632      0.5023      0.6955      0.1933
  153      0.8686      0.5173      0.7044      0.1871
  154      0.8739      0.5320      0.7131      0.1811
  155      0.8790      0.5465      0.7216      0.1751
  156      0.8841      0.5608      0.7301      0.1693
  157      0.8892      0.5751      0.7386      0.1636
  158      0.8941      0.5890      0.7470      0.1579
  159      0.8989      0.6027      0.7551      0.1524
  160      0.9036      0.6162      0.7632      0.1471
  161      0.9082      0.6294      0.7713      0.1418
  162      0.9127      0.6424      0.7791      0.1367
  163      0.9171      0.6551      0.7868      0.1317
  164      0.9214      0.6675      0.7944      0.1268
  165      0.9256      0.6798      0.8019      0.1221
  166      0.9297      0.6917      0.8092      0.1175
  167      0.9337      0.7033      0.8164      0.1130
  168      0.9375      0.7147      0.8234      0.1087
  169      0.9413      0.7257      0.8302      0.1045
  170      0.9450      0.7365      0.8370      0.1005
  171      0.9485      0.7470      0.8436      0.0966
  172      0.9519      0.7572      0.8500      0.0928
  173      0.9553      0.7670      0.8562      0.0892
  174      0.9585      0.7765      0.8621      0.0857
  175      0.9616      0.7857      0.8680      0.0823
  176      0.9645      0.7946      0.8736      0.0790
  177      0.9674      0.8032      0.8791      0.0759
  178      0.9701      0.8115      0.8844      0.0729
  179      0.9728      0.8194      0.8894      0.0700
  180      0.9753      0.8270      0.8943      0.0672
  181      0.9777      0.8343      0.8989      0.0646
  182      0.9799      0.8412      0.9033      0.0621
  183      0.9821      0.8478      0.9075      0.0597
  184      0.9841      0.8540      0.9108      0.0568
  185      0.9860      0.8599      0.9125      0.0526
  186      0.9878      0.8654      0.9133      0.0479
  187      0.9895      0.8706      0.9138      0.0432
  188      0.9911      0.8754      0.9139      0.0385
  189      0.9925      0.8798      0.9137      0.0339
  190      0.9938      0.8839      0.9134      0.0295
  191      0.9950      0.8876      0.9129      0.0253
  192      0.9960      0.8909      0.9123      0.0214
  193      0.9970      0.8938      0.9115      0.0178
  194      0.9978      0.8963      0.9107      0.0144
  195      0.9984      0.8985      0.9098      0.0114
  196      0.9990      0.9002      0.9088      0.0086
  197      0.9994      0.9016      0.9076      0.0060
  198      0.9998      0.9027      0.9069      0.0042
  199      0.9999      0.9038      0.9058      0.0020
  200      1.0000      0.9044      0.9044      0.0000
 GRID EXPANSION RATIO UP=    1.17411 DOWN =    1.05711
  AXIAL,TANGENTIAL AND RADIAL COORDINATES ON THE STREAM
  SURFACE BEFORE TRANSFORMING TO R-THETA COORDINATES 
 J, XGRID,YGRID,RGRID            1   7.68121481E-02  -8.66177026E-03  0.365664631    
 J, XGRID,YGRID,RGRID            2   8.08559135E-02  -7.55438581E-03  0.366032451    
 J, XGRID,YGRID,RGRID            3   8.42873156E-02  -6.61121728E-03  0.366454065    
 J, XGRID,YGRID,RGRID            4   8.71969834E-02  -5.80791198E-03  0.366909713    
 J, XGRID,YGRID,RGRID            5   8.96656513E-02  -5.12373028E-03  0.367357224    
 J, XGRID,YGRID,RGRID            6   9.17608812E-02  -4.54100734E-03  0.367778748    
 J, XGRID,YGRID,RGRID            7   9.35398191E-02  -4.04469715E-03  0.368165344    
 J, XGRID,YGRID,RGRID            8   9.50505733E-02  -3.62198520E-03  0.368514091    
 J, XGRID,YGRID,RGRID            9   9.63321403E-02  -3.26195778E-03  0.368827224    
 J, XGRID,YGRID,RGRID           10   9.74216908E-02  -2.95531959E-03  0.369102627    
 J, XGRID,YGRID,RGRID           11   9.83483344E-02  -2.69415346E-03  0.369343102    
 J, XGRID,YGRID,RGRID           12   9.91366580E-02  -2.47171568E-03  0.369551808    
 J, XGRID,YGRID,RGRID           13   9.98074859E-02  -2.28226371E-03  0.369732350    
 J, XGRID,YGRID,RGRID           14  0.100378387      -2.12090602E-03  0.369888008    
 J, XGRID,YGRID,RGRID           15  0.100864343      -1.98347610E-03  0.370021880    
 J, XGRID,YGRID,RGRID           16  0.101278037      -1.86642597E-03  0.370136708    
 J, XGRID,YGRID,RGRID           17  0.101630233      -1.76673336E-03  0.370235234    
 J, XGRID,YGRID,RGRID           18  0.101930104      -1.68182410E-03  0.370319545    
 J, XGRID,YGRID,RGRID           19  0.102185443      -1.60950632E-03  0.370391667    
 J, XGRID,YGRID,RGRID           20  0.102402844      -1.54791260E-03  0.370453298    
 J, XGRID,YGRID,RGRID           21  0.102587998      -1.49545283E-03  0.370505989    
 J, XGRID,YGRID,RGRID           22  0.102774188      -1.39067136E-03  0.370555639    
 J, XGRID,YGRID,RGRID           23  0.102968879      -1.85736944E-03  0.370607585    
 J, XGRID,YGRID,RGRID           24  0.103172854      -2.24410137E-03  0.370662063    
 J, XGRID,YGRID,RGRID           25  0.103386864      -2.59450101E-03  0.370719075    
 J, XGRID,YGRID,RGRID           26  0.103611760      -2.92558316E-03  0.370779157    
 J, XGRID,YGRID,RGRID           27  0.103848286      -3.24840634E-03  0.370842308    
 J, XGRID,YGRID,RGRID           28  0.104097232      -3.54861352E-03  0.370908648    
 J, XGRID,YGRID,RGRID           29  0.104359396      -3.85908782E-03  0.370978713    
 J, XGRID,YGRID,RGRID           30  0.104635552      -4.18618321E-03  0.371052414    
 J, XGRID,YGRID,RGRID           31  0.104926497      -4.53199539E-03  0.371130109    
 J, XGRID,YGRID,RGRID           32  0.105232991      -4.86370176E-03  0.371211886    
 J, XGRID,YGRID,RGRID           33  0.105555840      -5.17916633E-03  0.371298015    
 J, XGRID,YGRID,RGRID           34  0.105895847      -5.51177934E-03  0.371388674    
 J, XGRID,YGRID,RGRID           35  0.106253795      -5.85806184E-03  0.371484131    
 J, XGRID,YGRID,RGRID           36  0.106630273      -6.17431896E-03  0.371584505    
 J, XGRID,YGRID,RGRID           37  0.107025430      -6.49612164E-03  0.371689737    
 J, XGRID,YGRID,RGRID           38  0.107440151      -6.83520781E-03  0.371800125    
 J, XGRID,YGRID,RGRID           39  0.107875519      -7.13391835E-03  0.371915966    
 J, XGRID,YGRID,RGRID           40  0.108332627      -7.44148390E-03  0.372037381    
 J, XGRID,YGRID,RGRID           41  0.108812824      -7.74417771E-03  0.372164845    
 J, XGRID,YGRID,RGRID           42  0.109317452      -7.98536465E-03  0.372298568    
 J, XGRID,YGRID,RGRID           43  0.109847754      -8.24185275E-03  0.372438759    
 J, XGRID,YGRID,RGRID           44  0.110404789      -8.56520981E-03  0.372585893    
 J, XGRID,YGRID,RGRID           45  0.110990390      -8.85326322E-03  0.372740149    
 J, XGRID,YGRID,RGRID           46  0.111606732      -9.09778383E-03  0.372902125    
 J, XGRID,YGRID,RGRID           47  0.112256102      -9.30759031E-03  0.373072237    
 J, XGRID,YGRID,RGRID           48  0.112941071      -9.50383302E-03  0.373250991    
 J, XGRID,YGRID,RGRID           49  0.113664553      -9.67525598E-03  0.373439193    
 J, XGRID,YGRID,RGRID           50  0.114435256      -9.81658045E-03  0.373638690    
 J, XGRID,YGRID,RGRID           51  0.115264393      -9.92023479E-03  0.373852134    
 J, XGRID,YGRID,RGRID           52  0.116152950      -9.98374447E-03  0.374079555    
 J, XGRID,YGRID,RGRID           53  0.117100313      -9.99722630E-03  0.374320298    
 J, XGRID,YGRID,RGRID           54  0.118104249      -9.94805619E-03  0.374573201    
 J, XGRID,YGRID,RGRID           55  0.119161032      -9.82622523E-03  0.374837041    
 J, XGRID,YGRID,RGRID           56  0.120265245      -9.62226372E-03  0.375109732    
 J, XGRID,YGRID,RGRID           57  0.121399038      -9.33283288E-03  0.375386357    
 J, XGRID,YGRID,RGRID           58  0.122544363      -8.95052310E-03  0.375662029    
 J, XGRID,YGRID,RGRID           59  0.123695098      -8.47954862E-03  0.375935137    
 J, XGRID,YGRID,RGRID           60  0.124846175      -7.90292025E-03  0.376203865    
 J, XGRID,YGRID,RGRID           61  0.125993714      -7.23049184E-03  0.376467437    
 J, XGRID,YGRID,RGRID           62  0.127135009      -6.46573398E-03  0.376724839    
 J, XGRID,YGRID,RGRID           63  0.128268465      -5.60793327E-03  0.376975775    
 J, XGRID,YGRID,RGRID           64  0.129401699      -4.64697741E-03  0.377221286    
 J, XGRID,YGRID,RGRID           65  0.130539864      -3.57744168E-03  0.377462834    
 J, XGRID,YGRID,RGRID           66  0.131682053      -2.39615887E-03  0.377699614    
 J, XGRID,YGRID,RGRID           67  0.132826760      -1.10424857E-03  0.377930939    
 J, XGRID,YGRID,RGRID           68  0.133972004       3.08008777E-04  0.378156334    
 J, XGRID,YGRID,RGRID           69  0.135115072       1.82743347E-03  0.378375053    
 J, XGRID,YGRID,RGRID           70  0.136252791       3.45939328E-03  0.378586262    
 J, XGRID,YGRID,RGRID           71  0.137374982       5.19453688E-03  0.378787965    
 J, XGRID,YGRID,RGRID           72  0.138475373       7.02088745E-03  0.378979236    
 J, XGRID,YGRID,RGRID           73  0.139550880       8.94236937E-03  0.379159808    
 J, XGRID,YGRID,RGRID           74  0.140598997       1.09578995E-02  0.379329503    
 J, XGRID,YGRID,RGRID           75  0.141617835       1.30659463E-02  0.379488170    
 J, XGRID,YGRID,RGRID           76  0.142606169       1.52492579E-02  0.379636317    
 J, XGRID,YGRID,RGRID           77  0.143563166       1.75009705E-02  0.379774123    
 J, XGRID,YGRID,RGRID           78  0.144492328       1.98111217E-02  0.379902363    
 J, XGRID,YGRID,RGRID           79  0.145394400       2.21539829E-02  0.380021602    
 J, XGRID,YGRID,RGRID           80  0.146269470       2.45072786E-02  0.380132139    
 J, XGRID,YGRID,RGRID           81  0.147117466       2.68503055E-02  0.380234480    
 J, XGRID,YGRID,RGRID           82  0.147938281       2.91622095E-02  0.380328804    
 J, XGRID,YGRID,RGRID           83  0.148731962       3.14344354E-02  0.380415738    
 J, XGRID,YGRID,RGRID           84  0.149498433       3.36504914E-02  0.380495429    
 J, XGRID,YGRID,RGRID           85  0.150237620       3.58050428E-02  0.380568355    
 J, XGRID,YGRID,RGRID           86  0.150949538       3.78979482E-02  0.380634904    
 J, XGRID,YGRID,RGRID           87  0.151634067       3.99327241E-02  0.380695343    
 J, XGRID,YGRID,RGRID           88  0.152291238       4.18984853E-02  0.380750209    
 J, XGRID,YGRID,RGRID           89  0.152920932       4.38125283E-02  0.380799562    
 J, XGRID,YGRID,RGRID           90  0.153523222       4.56665009E-02  0.380844116    
 J, XGRID,YGRID,RGRID           91  0.154097989       4.75236066E-02  0.380883962    
 J, XGRID,YGRID,RGRID           92  0.154674172       4.87607419E-02  0.380915523    
 J, XGRID,YGRID,RGRID           93  0.155283332       5.00687286E-02  0.380947083    
 J, XGRID,YGRID,RGRID           94  0.155927390       5.14514148E-02  0.380978256    
 J, XGRID,YGRID,RGRID           95  0.156608328       5.29130697E-02  0.381008953    
 J, XGRID,YGRID,RGRID           96  0.157328248       5.44582009E-02  0.381038874    
 J, XGRID,YGRID,RGRID           97  0.158089399       5.60915768E-02  0.381067574    
 J, XGRID,YGRID,RGRID           98  0.158894137       5.78182414E-02  0.381094694    
 J, XGRID,YGRID,RGRID           99  0.159744933       5.96435182E-02  0.381119817    
 J, XGRID,YGRID,RGRID          100  0.160644442       6.15730435E-02  0.381142408    
 J, XGRID,YGRID,RGRID          101  0.161595374       6.36127591E-02  0.381161571    
 J, XGRID,YGRID,RGRID          102  0.162600681       6.57689795E-02  0.381175041    
 J, XGRID,YGRID,RGRID          103  0.163663447       6.80483356E-02  0.381184280    
 J, XGRID,YGRID,RGRID          104  0.164787024       7.04578757E-02  0.381189018    
 J, XGRID,YGRID,RGRID          105  0.165974870       7.30050281E-02  0.381188720    
 J, XGRID,YGRID,RGRID          106  0.167230621       7.56976530E-02  0.381183177    

  THE BLADE CENTROID ON THE X-Y SURFACE IS AT X, Y=    0.12787  -0.00730


  THE J VALUE OF THE CENTROID IS J =           63

  THE CENTROID ON THE STREAM SURFACE IS AT  0.127866223       0.00000000    
  THE HUB SECTION CENTROID IS AT  0.127428517       0.00000000    

  AXIAL & RADIAL COORDINATES ON THE SS AFTER STACKING 
  J  , XGRID,RGRID            1   7.63744414E-02  0.365664631    
  J  , XGRID,RGRID            2   8.04182068E-02  0.366032451    
  J  , XGRID,RGRID            3   8.38496089E-02  0.366454065    
  J  , XGRID,RGRID            4   8.67592767E-02  0.366909713    
  J  , XGRID,RGRID            5   8.92279446E-02  0.367357224    
  J  , XGRID,RGRID            6   9.13231745E-02  0.367778748    
  J  , XGRID,RGRID            7   9.31021124E-02  0.368165344    
  J  , XGRID,RGRID            8   9.46128666E-02  0.368514091    
  J  , XGRID,RGRID            9   9.58944336E-02  0.368827224    
  J  , XGRID,RGRID           10   9.69839841E-02  0.369102627    
  J  , XGRID,RGRID           11   9.79106277E-02  0.369343102    
  J  , XGRID,RGRID           12   9.86989513E-02  0.369551808    
  J  , XGRID,RGRID           13   9.93697792E-02  0.369732350    
  J  , XGRID,RGRID           14   9.99406800E-02  0.369888008    
  J  , XGRID,RGRID           15  0.100426637      0.370021880    
  J  , XGRID,RGRID           16  0.100840330      0.370136708    
  J  , XGRID,RGRID           17  0.101192527      0.370235234    
  J  , XGRID,RGRID           18  0.101492397      0.370319545    
  J  , XGRID,RGRID           19  0.101747736      0.370391667    
  J  , XGRID,RGRID           20  0.101965137      0.370453298    
  J  , XGRID,RGRID           21  0.102150291      0.370505989    
  J  , XGRID,RGRID           22  0.102336481      0.370555639    
  J  , XGRID,RGRID           23  0.102531172      0.370607585    
  J  , XGRID,RGRID           24  0.102735147      0.370662063    
  J  , XGRID,RGRID           25  0.102949157      0.370719075    
  J  , XGRID,RGRID           26  0.103174053      0.370779157    
  J  , XGRID,RGRID           27  0.103410579      0.370842308    
  J  , XGRID,RGRID           28  0.103659526      0.370908648    
  J  , XGRID,RGRID           29  0.103921689      0.370978713    
  J  , XGRID,RGRID           30  0.104197845      0.371052414    
  J  , XGRID,RGRID           31  0.104488790      0.371130109    
  J  , XGRID,RGRID           32  0.104795285      0.371211886    
  J  , XGRID,RGRID           33  0.105118133      0.371298015    
  J  , XGRID,RGRID           34  0.105458140      0.371388674    
  J  , XGRID,RGRID           35  0.105816089      0.371484131    
  J  , XGRID,RGRID           36  0.106192566      0.371584505    
  J  , XGRID,RGRID           37  0.106587723      0.371689737    
  J  , XGRID,RGRID           38  0.107002445      0.371800125    
  J  , XGRID,RGRID           39  0.107437812      0.371915966    
  J  , XGRID,RGRID           40  0.107894920      0.372037381    
  J  , XGRID,RGRID           41  0.108375117      0.372164845    
  J  , XGRID,RGRID           42  0.108879745      0.372298568    
  J  , XGRID,RGRID           43  0.109410048      0.372438759    
  J  , XGRID,RGRID           44  0.109967083      0.372585893    
  J  , XGRID,RGRID           45  0.110552683      0.372740149    
  J  , XGRID,RGRID           46  0.111169025      0.372902125    
  J  , XGRID,RGRID           47  0.111818396      0.373072237    
  J  , XGRID,RGRID           48  0.112503365      0.373250991    
  J  , XGRID,RGRID           49  0.113226846      0.373439193    
  J  , XGRID,RGRID           50  0.113997549      0.373638690    
  J  , XGRID,RGRID           51  0.114826687      0.373852134    
  J  , XGRID,RGRID           52  0.115715243      0.374079555    
  J  , XGRID,RGRID           53  0.116662607      0.374320298    
  J  , XGRID,RGRID           54  0.117666543      0.374573201    
  J  , XGRID,RGRID           55  0.118723325      0.374837041    
  J  , XGRID,RGRID           56  0.119827539      0.375109732    
  J  , XGRID,RGRID           57  0.120961331      0.375386357    
  J  , XGRID,RGRID           58  0.122106656      0.375662029    
  J  , XGRID,RGRID           59  0.123257391      0.375935137    
  J  , XGRID,RGRID           60  0.124408469      0.376203865    
  J  , XGRID,RGRID           61  0.125556007      0.376467437    
  J  , XGRID,RGRID           62  0.126697302      0.376724839    
  J  , XGRID,RGRID           63  0.127830759      0.376975775    
  J  , XGRID,RGRID           64  0.128963992      0.377221286    
  J  , XGRID,RGRID           65  0.130102158      0.377462834    
  J  , XGRID,RGRID           66  0.131244346      0.377699614    
  J  , XGRID,RGRID           67  0.132389054      0.377930939    
  J  , XGRID,RGRID           68  0.133534297      0.378156334    
  J  , XGRID,RGRID           69  0.134677365      0.378375053    
  J  , XGRID,RGRID           70  0.135815084      0.378586262    
  J  , XGRID,RGRID           71  0.136937276      0.378787965    
  J  , XGRID,RGRID           72  0.138037667      0.378979236    
  J  , XGRID,RGRID           73  0.139113173      0.379159808    
  J  , XGRID,RGRID           74  0.140161291      0.379329503    
  J  , XGRID,RGRID           75  0.141180128      0.379488170    
  J  , XGRID,RGRID           76  0.142168462      0.379636317    
  J  , XGRID,RGRID           77  0.143125460      0.379774123    
  J  , XGRID,RGRID           78  0.144054621      0.379902363    
  J  , XGRID,RGRID           79  0.144956693      0.380021602    
  J  , XGRID,RGRID           80  0.145831764      0.380132139    
  J  , XGRID,RGRID           81  0.146679759      0.380234480    
  J  , XGRID,RGRID           82  0.147500575      0.380328804    
  J  , XGRID,RGRID           83  0.148294255      0.380415738    
  J  , XGRID,RGRID           84  0.149060726      0.380495429    
  J  , XGRID,RGRID           85  0.149799913      0.380568355    
  J  , XGRID,RGRID           86  0.150511831      0.380634904    
  J  , XGRID,RGRID           87  0.151196361      0.380695343    
  J  , XGRID,RGRID           88  0.151853532      0.380750209    
  J  , XGRID,RGRID           89  0.152483225      0.380799562    
  J  , XGRID,RGRID           90  0.153085515      0.380844116    
  J  , XGRID,RGRID           91  0.153660282      0.380883962    
  J  , XGRID,RGRID           92  0.154236466      0.380915523    
  J  , XGRID,RGRID           93  0.154845625      0.380947083    
  J  , XGRID,RGRID           94  0.155489683      0.380978256    
  J  , XGRID,RGRID           95  0.156170622      0.381008953    
  J  , XGRID,RGRID           96  0.156890541      0.381038874    
  J  , XGRID,RGRID           97  0.157651693      0.381067574    
  J  , XGRID,RGRID           98  0.158456430      0.381094694    
  J  , XGRID,RGRID           99  0.159307227      0.381119817    
  J  , XGRID,RGRID          100  0.160206735      0.381142408    
  J  , XGRID,RGRID          101  0.161157668      0.381161571    
  J  , XGRID,RGRID          102  0.162162974      0.381175041    
  J  , XGRID,RGRID          103  0.163225740      0.381184280    
  J  , XGRID,RGRID          104  0.164349318      0.381189018    
  J  , XGRID,RGRID          105  0.165537164      0.381188720    
  J  , XGRID,RGRID          106  0.166792914      0.381183177    
          20          70          20
   IIN     XIN       REL SPACING 
    1       0.00000   0.50000
    2       0.10000   0.70000
    3       0.20000   1.00000
    4       0.30000   1.40000
    5       0.40000   2.00000
    6       0.50000   3.00000
    7       0.60000   3.00000
    8       0.70000   3.00000
    9       0.80000   2.50000
   10       0.90000   2.00000
   11       1.00000   1.50000

 INTERPOLATED POSITIONS OF THE GRID POINTS ON THE BLADE
 AND THE RELATIVE SPACING OF THE POINTS 

    1       0.00000   0.50000
    2       0.01449   0.52279
    3       0.02899   0.54768
    4       0.04348   0.57467
    5       0.05797   0.60376
    6       0.07246   0.63495
    7       0.08696   0.66824
    8       0.10145   0.70363
    9       0.11594   0.74113
   10       0.13043   0.78072
   11       0.14493   0.82241
   12       0.15942   0.86620
   13       0.17391   0.91210
   14       0.18841   0.96009
   15       0.20290   1.00970
   16       0.21739   1.05957
   17       0.23188   1.11190
   18       0.24638   1.16701
   19       0.26087   1.22518
   20       0.27536   1.28674
   21       0.28986   1.35198
   22       0.30435   1.42048
   23       0.31884   1.49170
   24       0.33333   1.56790
   25       0.34783   1.64971
   26       0.36232   1.73773
   27       0.37681   1.83256
   28       0.39130   1.93482
   29       0.40580   2.06053
   30       0.42029   2.21595
   31       0.43478   2.37380
   32       0.44928   2.52982
   33       0.46377   2.67976
   34       0.47826   2.81935
   35       0.49275   2.94432
   36       0.50725   3.02159
   37       0.52174   3.05055
   38       0.53623   3.06306
   39       0.55072   3.06219
   40       0.56522   3.05096
   41       0.57971   3.03242
   42       0.59420   3.00963
   43       0.60870   3.00719
   44       0.62319   3.01828
   45       0.63768   3.02694
   46       0.65217   3.03164
   47       0.66667   3.03086
   48       0.68116   3.02308
   49       0.69565   3.00678
   50       0.71014   2.96370
   51       0.72464   2.90395
   52       0.73913   2.83628
   53       0.75362   2.76222
   54       0.76812   2.68329
   55       0.78261   2.60101
   56       0.79710   2.51691
   57       0.81159   2.44203
   58       0.82609   2.36957
   59       0.84058   2.29710
   60       0.85507   2.22464
   61       0.86957   2.15217
   62       0.88406   2.07971
   63       0.89855   2.00725
   64       0.91304   1.93478
   65       0.92754   1.86232
   66       0.94203   1.78985
   67       0.95652   1.71739
   68       0.97101   1.64493
   69       0.98551   1.57246
   70       1.00000   1.50000
  REARRANGED AND SCALED INPUT BLADE SECTION 
  N     XSURF       YSURF 
    1       0.00627  -0.02218
    2       0.00314  -0.01678
    3       0.00105  -0.01129
    4       0.00001  -0.00569
    5       0.00000   0.00000
    6       0.00020   0.00118
    7       0.00012   0.00235
    8       0.00023   0.00354
    9       0.00037   0.00466
   10       0.00054   0.00591
   11       0.00074   0.00710
   12       0.00097   0.00829
   13       0.00121   0.00948
   14       0.00147   0.01068
   15       0.00175   0.01188
   16       0.00205   0.01308
   17       0.00238   0.01428
   18       0.00274   0.01549
   19       0.03205   0.07580
   20       0.06137   0.11029
   21       0.09068   0.13537
   22       0.12000   0.15466
   23       0.13931   0.16519
   24       0.15867   0.17368
   25       0.17791   0.18108
   26       0.19721   0.18696
   27       0.21651   0.19156
   28       0.23581   0.19511
   29       0.25512   0.19745
   30       0.27442   0.19862
   31       0.29372   0.19875
   32       0.31302   0.19776
   33       0.33233   0.19569
   34       0.35163   0.19254
   35       0.37093   0.18829
   36       0.39023   0.18297
   37       0.40953   0.17658
   38       0.42884   0.16912
   39       0.44814   0.16058
   40       0.46744   0.15096
   41       0.48674   0.14024
   42       0.50605   0.12845
   43       0.52535   0.11557
   44       0.54465   0.10153
   45       0.56395   0.08636
   46       0.58326   0.07007
   47       0.60256   0.05266
   48       0.62186   0.03413
   49       0.64116   0.01435
   50       0.66047  -0.00660
   51       0.67977  -0.02872
   52       0.69907  -0.05200
   53       0.71837  -0.07645
   54       0.73767  -0.10208
   55       0.75698  -0.12887
   56       0.77628  -0.15684
   57       0.79558  -0.18596
   58       0.81488  -0.21612
   59       0.83419  -0.24738
   60       0.85349  -0.27975
   61       0.87279  -0.31311
   62       0.89209  -0.34736
   63       0.91140  -0.38260
   64       0.93070  -0.41859
   65       0.95000  -0.45530
   66       0.95793  -0.47060
   67       0.96585  -0.48597
   68       0.97378  -0.50143
   69       0.98170  -0.51700
   70       0.98963  -0.53268
   71       0.99756  -0.54847
   72       0.99876  -0.55132
   73       0.99957  -0.55430
   74       0.99999  -0.55737
   75       1.00000  -0.56046
   76       0.99960  -0.56353
   77       0.99881  -0.56652
   78       0.99762  -0.56938
   79       0.99607  -0.57206
   80       0.99418  -0.57451
   81       0.99199  -0.57669
   82       0.98953  -0.57857
   83       0.98684  -0.58010
   84       0.98397  -0.58127
   85       0.98098  -0.58205
   86       0.97791  -0.58243
   87       0.97482  -0.58240
   88       0.97175  -0.58196
   89       0.96877  -0.58113
   90       0.96593  -0.57991
   91       0.96326  -0.57833
   92       0.96084  -0.57641
   93       0.95868  -0.57419
   94       0.95724  -0.57245
   95       0.95579  -0.57082
   96       0.95434  -0.56914
   97       0.95289  -0.56746
   98       0.95145  -0.56578
   99       0.95000  -0.56410
  100       0.93070  -0.54181
  101       0.91140  -0.51978
  102       0.89209  -0.49812
  103       0.87279  -0.47678
  104       0.85349  -0.45582
  105       0.83419  -0.43525
  106       0.81488  -0.41508
  107       0.79558  -0.39524
  108       0.77628  -0.37580
  109       0.75698  -0.35679
  110       0.73767  -0.33822
  111       0.71837  -0.32010
  112       0.69907  -0.30233
  113       0.67977  -0.28508
  114       0.66046  -0.26835
  115       0.64116  -0.25144
  116       0.62186  -0.23628
  117       0.60256  -0.22108
  118       0.58326  -0.20646
  119       0.56395  -0.19239
  120       0.54465  -0.17888
  121       0.52535  -0.16597
  122       0.50605  -0.15366
  123       0.48674  -0.14195
  124       0.46744  -0.13084
  125       0.44814  -0.12033
  126       0.42884  -0.11043
  127       0.40953  -0.10113
  128       0.39023  -0.09242
  129       0.37093  -0.08432
  130       0.35163  -0.07683
  131       0.33233  -0.06995
  132       0.31302  -0.06369
  133       0.29372  -0.05802
  134       0.27442  -0.05297
  135       0.25512  -0.04855
  136       0.23581  -0.04475
  137       0.21651  -0.04159
  138       0.19721  -0.03914
  139       0.17791  -0.03723
  140       0.15860  -0.03588
  141       0.13930  -0.03532
  142       0.12000  -0.03484
  143       0.09925  -0.03508
  144       0.07850  -0.03540
  145       0.05775  -0.03594
  146       0.03700  -0.03612
  147       0.03484  -0.03607
  148       0.03272  -0.03593
  149       0.03065  -0.03569
  150       0.02862  -0.03536
  151       0.02664  -0.03494
  152       0.02469  -0.03442
  153       0.02278  -0.03383
  154       0.02090  -0.03318
  155       0.01907  -0.03241
  156       0.01729  -0.03153
  157       0.01556  -0.03054
  158       0.01388  -0.02943
  159       0.01225  -0.02821
  160       0.01068  -0.02687
  161       0.00916  -0.02542
  162       0.00769  -0.02386
  COORDINATES GOING ROUND THE BLADE AFTER ANY ROTATION
     N        XSURF        YSURF 
         1     0.00627    -0.02218
         2     0.00314    -0.01678
         3     0.00105    -0.01129
         4     0.00001    -0.00569
         5     0.00000     0.00000
         6     0.00020     0.00118
         7     0.00012     0.00235
         8     0.00023     0.00354
         9     0.00037     0.00466
        10     0.00054     0.00591
        11     0.00074     0.00710
        12     0.00097     0.00829
        13     0.00121     0.00948
        14     0.00147     0.01068
        15     0.00175     0.01188
        16     0.00205     0.01308
        17     0.00238     0.01428
        18     0.00274     0.01549
        19     0.03205     0.07580
        20     0.06137     0.11029
        21     0.09068     0.13537
        22     0.12000     0.15466
        23     0.13931     0.16519
        24     0.15867     0.17368
        25     0.17791     0.18108
        26     0.19721     0.18696
        27     0.21651     0.19156
        28     0.23581     0.19511
        29     0.25512     0.19745
        30     0.27442     0.19862
        31     0.29372     0.19875
        32     0.31302     0.19776
        33     0.33233     0.19569
        34     0.35163     0.19254
        35     0.37093     0.18829
        36     0.39023     0.18297
        37     0.40953     0.17658
        38     0.42884     0.16912
        39     0.44814     0.16058
        40     0.46744     0.15096
        41     0.48674     0.14024
        42     0.50605     0.12845
        43     0.52535     0.11557
        44     0.54465     0.10153
        45     0.56395     0.08636
        46     0.58326     0.07007
        47     0.60256     0.05266
        48     0.62186     0.03413
        49     0.64116     0.01435
        50     0.66047    -0.00660
        51     0.67977    -0.02872
        52     0.69907    -0.05200
        53     0.71837    -0.07645
        54     0.73767    -0.10208
        55     0.75698    -0.12887
        56     0.77628    -0.15684
        57     0.79558    -0.18596
        58     0.81488    -0.21612
        59     0.83419    -0.24738
        60     0.85349    -0.27975
        61     0.87279    -0.31311
        62     0.89209    -0.34736
        63     0.91140    -0.38260
        64     0.93070    -0.41859
        65     0.95000    -0.45530
        66     0.95793    -0.47060
        67     0.96585    -0.48597
        68     0.97378    -0.50143
        69     0.98170    -0.51700
        70     0.98963    -0.53268
        71     0.99756    -0.54847
        72     0.99876    -0.55132
        73     0.99957    -0.55430
        74     0.99999    -0.55737
        75     1.00000    -0.56046
        76     0.99960    -0.56353
        77     0.99881    -0.56652
        78     0.99762    -0.56938
        79     0.99607    -0.57206
        80     0.99418    -0.57451
        81     0.99199    -0.57669
        82     0.98953    -0.57857
        83     0.98684    -0.58010
        84     0.98397    -0.58127
        85     0.98098    -0.58205
        86     0.97791    -0.58243
        87     0.97482    -0.58240
        88     0.97175    -0.58196
        89     0.96877    -0.58113
        90     0.96593    -0.57991
        91     0.96326    -0.57833
        92     0.96084    -0.57641
        93     0.95868    -0.57419
        94     0.95724    -0.57245
        95     0.95579    -0.57082
        96     0.95434    -0.56914
        97     0.95289    -0.56746
        98     0.95145    -0.56578
        99     0.95000    -0.56410
       100     0.93070    -0.54181
       101     0.91140    -0.51978
       102     0.89209    -0.49812
       103     0.87279    -0.47678
       104     0.85349    -0.45582
       105     0.83419    -0.43525
       106     0.81488    -0.41508
       107     0.79558    -0.39524
       108     0.77628    -0.37580
       109     0.75698    -0.35679
       110     0.73767    -0.33822
       111     0.71837    -0.32010
       112     0.69907    -0.30233
       113     0.67977    -0.28508
       114     0.66046    -0.26835
       115     0.64116    -0.25144
       116     0.62186    -0.23628
       117     0.60256    -0.22108
       118     0.58326    -0.20646
       119     0.56395    -0.19239
       120     0.54465    -0.17888
       121     0.52535    -0.16597
       122     0.50605    -0.15366
       123     0.48674    -0.14195
       124     0.46744    -0.13084
       125     0.44814    -0.12033
       126     0.42884    -0.11043
       127     0.40953    -0.10113
       128     0.39023    -0.09242
       129     0.37093    -0.08432
       130     0.35163    -0.07683
       131     0.33233    -0.06995
       132     0.31302    -0.06369
       133     0.29372    -0.05802
       134     0.27442    -0.05297
       135     0.25512    -0.04855
       136     0.23581    -0.04475
       137     0.21651    -0.04159
       138     0.19721    -0.03914
       139     0.17791    -0.03723
       140     0.15860    -0.03588
       141     0.13930    -0.03532
       142     0.12000    -0.03484
       143     0.09925    -0.03508
       144     0.07850    -0.03540
       145     0.05775    -0.03594
       146     0.03700    -0.03612
       147     0.03484    -0.03607
       148     0.03272    -0.03593
       149     0.03065    -0.03569
       150     0.02862    -0.03536
       151     0.02664    -0.03494
       152     0.02469    -0.03442
       153     0.02278    -0.03383
       154     0.02090    -0.03318
       155     0.01907    -0.03241
       156     0.01729    -0.03153
       157     0.01556    -0.03054
       158     0.01388    -0.02943
       159     0.01225    -0.02821
       160     0.01068    -0.02687
       161     0.00916    -0.02542
       162     0.00769    -0.02386
  LEADING EDGE POINT =            7  TE POINT =          75

  NO OF SUCT S POINTS          69  NO PRESS S POINTS          95
  XMIN,XMAX, XCHORD     1.21517340E-04   1.00000000      0.999878466    

   SUCTION SURFACE POINTS FROM LE TO TE.
         1     0.00012     0.00235
         2     0.00023     0.00354
         3     0.00037     0.00466
         4     0.00054     0.00591
         5     0.00074     0.00710
         6     0.00097     0.00829
         7     0.00121     0.00948
         8     0.00147     0.01068
         9     0.00175     0.01188
        10     0.00205     0.01308
        11     0.00238     0.01428
        12     0.00274     0.01549
        13     0.03205     0.07580
        14     0.06137     0.11029
        15     0.09068     0.13537
        16     0.12000     0.15466
        17     0.13931     0.16519
        18     0.15867     0.17368
        19     0.17791     0.18108
        20     0.19721     0.18696
        21     0.21651     0.19156
        22     0.23581     0.19511
        23     0.25512     0.19745
        24     0.27442     0.19862
        25     0.29372     0.19875
        26     0.31302     0.19776
        27     0.33233     0.19569
        28     0.35163     0.19254
        29     0.37093     0.18829
        30     0.39023     0.18297
        31     0.40953     0.17658
        32     0.42884     0.16912
        33     0.44814     0.16058
        34     0.46744     0.15096
        35     0.48674     0.14024
        36     0.50605     0.12845
        37     0.52535     0.11557
        38     0.54465     0.10153
        39     0.56395     0.08636
        40     0.58326     0.07007
        41     0.60256     0.05266
        42     0.62186     0.03413
        43     0.64116     0.01435
        44     0.66047    -0.00660
        45     0.67977    -0.02872
        46     0.69907    -0.05200
        47     0.71837    -0.07645
        48     0.73767    -0.10208
        49     0.75698    -0.12887
        50     0.77628    -0.15684
        51     0.79558    -0.18596
        52     0.81488    -0.21612
        53     0.83419    -0.24738
        54     0.85349    -0.27975
        55     0.87279    -0.31311
        56     0.89209    -0.34736
        57     0.91140    -0.38260
        58     0.93070    -0.41859
        59     0.95000    -0.45530
        60     0.95793    -0.47060
        61     0.96585    -0.48597
        62     0.97378    -0.50143
        63     0.98170    -0.51700
        64     0.98963    -0.53268
        65     0.99756    -0.54847
        66     0.99876    -0.55132
        67     0.99957    -0.55430
        68     0.99999    -0.55737
        69     1.00000    -0.56046

   PRESSURE SURFACE POINTS FROM LE TO TE.
         1     0.00012     0.00235
         2     0.00020     0.00118
         3     0.00000     0.00000
         4     0.00001    -0.00569
         5     0.00105    -0.01129
         6     0.00314    -0.01678
         7     0.00627    -0.02218
         8     0.00769    -0.02386
         9     0.00916    -0.02542
        10     0.01068    -0.02687
        11     0.01225    -0.02821
        12     0.01388    -0.02943
        13     0.01556    -0.03054
        14     0.01729    -0.03153
        15     0.01907    -0.03241
        16     0.02090    -0.03318
        17     0.02278    -0.03383
        18     0.02469    -0.03442
        19     0.02664    -0.03494
        20     0.02862    -0.03536
        21     0.03065    -0.03569
        22     0.03272    -0.03593
        23     0.03484    -0.03607
        24     0.03700    -0.03612
        25     0.05775    -0.03594
        26     0.07850    -0.03540
        27     0.09925    -0.03508
        28     0.12000    -0.03484
        29     0.13930    -0.03532
        30     0.15860    -0.03588
        31     0.17791    -0.03723
        32     0.19721    -0.03914
        33     0.21651    -0.04159
        34     0.23581    -0.04475
        35     0.25512    -0.04855
        36     0.27442    -0.05297
        37     0.29372    -0.05802
        38     0.31302    -0.06369
        39     0.33233    -0.06995
        40     0.35163    -0.07683
        41     0.37093    -0.08432
        42     0.39023    -0.09242
        43     0.40953    -0.10113
        44     0.42884    -0.11043
        45     0.44814    -0.12033
        46     0.46744    -0.13084
        47     0.48674    -0.14195
        48     0.50605    -0.15366
        49     0.52535    -0.16597
        50     0.54465    -0.17888
        51     0.56395    -0.19239
        52     0.58326    -0.20646
        53     0.60256    -0.22108
        54     0.62186    -0.23628
        55     0.64116    -0.25144
        56     0.66046    -0.26835
        57     0.67977    -0.28508
        58     0.69907    -0.30233
        59     0.71837    -0.32010
        60     0.73767    -0.33822
        61     0.75698    -0.35679
        62     0.77628    -0.37580
        63     0.79558    -0.39524
        64     0.81488    -0.41508
        65     0.83419    -0.43525
        66     0.85349    -0.45582
        67     0.87279    -0.47678
        68     0.89209    -0.49812
        69     0.91140    -0.51978
        70     0.93070    -0.54181
        71     0.95000    -0.56410
        72     0.95145    -0.56578
        73     0.95289    -0.56746
        74     0.95434    -0.56914
        75     0.95579    -0.57082
        76     0.95724    -0.57245
        77     0.95868    -0.57419
        78     0.96084    -0.57641
        79     0.96326    -0.57833
        80     0.96593    -0.57991
        81     0.96877    -0.58113
        82     0.97175    -0.58196
        83     0.97482    -0.58240
        84     0.97791    -0.58243
        85     0.98098    -0.58205
        86     0.98397    -0.58127
        87     0.98684    -0.58010
        88     0.98953    -0.57857
        89     0.99199    -0.57669
        90     0.99418    -0.57451
        91     0.99607    -0.57206
        92     0.99762    -0.56938
        93     0.99881    -0.56652
        94     0.99960    -0.56353
        95     1.00000    -0.56046
  POINTS ON THE BLADE TO BE USED FOR PLOTTING 
  AND FINAL INTERPOLATION 
  N           X          YUP        YLOW        THICK 
    1      0.0000      0.0024      0.0024      0.0000
    2      0.0001      0.0030      0.0014      0.0017
    3      0.0002      0.0047     -0.0076      0.0123
    4      0.0006      0.0067     -0.0093      0.0160
    5      0.0010      0.0090     -0.0115      0.0205
    6      0.0016      0.0116     -0.0129      0.0245
    7      0.0022      0.0142     -0.0147      0.0289
    8      0.0030      0.0164     -0.0168      0.0332
    9      0.0040      0.0183     -0.0184      0.0367
   10      0.0050      0.0205     -0.0203      0.0407
   11      0.0062      0.0229     -0.0223      0.0452
   12      0.0075      0.0256     -0.0238      0.0494
   13      0.0089      0.0285     -0.0253      0.0538
   14      0.0105      0.0317     -0.0268      0.0585
   15      0.0122      0.0351     -0.0282      0.0634
   16      0.0140      0.0388     -0.0296      0.0684
   17      0.0159      0.0427     -0.0308      0.0735
   18      0.0179      0.0469     -0.0319      0.0788
   19      0.0201      0.0514     -0.0329      0.0842
   20      0.0223      0.0560     -0.0337      0.0897
   21      0.0247      0.0610     -0.0345      0.0954
   22      0.0272      0.0661     -0.0351      0.1012
   23      0.0299      0.0715     -0.0356      0.1071
   24      0.0326      0.0766     -0.0359      0.1125
   25      0.0355      0.0800     -0.0361      0.1161
   26      0.0384      0.0835     -0.0361      0.1196
   27      0.0415      0.0871     -0.0361      0.1232
   28      0.0447      0.0909     -0.0361      0.1269
   29      0.0481      0.0948     -0.0360      0.1308
   30      0.0515      0.0988     -0.0360      0.1348
   31      0.0550      0.1030     -0.0360      0.1390
   32      0.0587      0.1073     -0.0359      0.1432
   33      0.0625      0.1113     -0.0358      0.1472
   34      0.0663      0.1146     -0.0357      0.1504
   35      0.0703      0.1181     -0.0356      0.1537
   36      0.0744      0.1215     -0.0355      0.1571
   37      0.0786      0.1251     -0.0354      0.1605
   38      0.0829      0.1288     -0.0353      0.1642
   39      0.0873      0.1326     -0.0353      0.1679
   40      0.0918      0.1362     -0.0352      0.1714
   41      0.0964      0.1392     -0.0351      0.1744
   42      0.1011      0.1423     -0.0351      0.1774
   43      0.1059      0.1455     -0.0350      0.1805
   44      0.1108      0.1487     -0.0349      0.1837
   45      0.1159      0.1520     -0.0349      0.1869
   46      0.1210      0.1553     -0.0349      0.1901
   47      0.1261      0.1581     -0.0350      0.1931
   48      0.1314      0.1610     -0.0351      0.1961
   49      0.1368      0.1639     -0.0353      0.1992
   50      0.1423      0.1666     -0.0354      0.2020
   51      0.1478      0.1690     -0.0356      0.2046
   52      0.1535      0.1715     -0.0357      0.2072
   53      0.1592      0.1740     -0.0359      0.2099
   54      0.1650      0.1762     -0.0363      0.2125
   55      0.1709      0.1785     -0.0368      0.2152
   56      0.1769      0.1808     -0.0372      0.2179
   57      0.1830      0.1827     -0.0377      0.2204
   58      0.1891      0.1846     -0.0384      0.2229
   59      0.1954      0.1865     -0.0390      0.2254
   60      0.2017      0.1881     -0.0397      0.2278
   61      0.2080      0.1896     -0.0405      0.2301
   62      0.2145      0.1911     -0.0414      0.2325
   63      0.2210      0.1924     -0.0423      0.2348
   64      0.2276      0.1936     -0.0434      0.2371
   65      0.2342      0.1949     -0.0445      0.2394
   66      0.2409      0.1958     -0.0458      0.2416
   67      0.2477      0.1966     -0.0471      0.2437
   68      0.2546      0.1974     -0.0485      0.2459
   69      0.2615      0.1979     -0.0500      0.2479
   70      0.2684      0.1983     -0.0516      0.2499
   71      0.2755      0.1986     -0.0533      0.2519
   72      0.2826      0.1987     -0.0551      0.2538
   73      0.2897      0.1987     -0.0570      0.2557
   74      0.2969      0.1986     -0.0590      0.2576
   75      0.3041      0.1982     -0.0611      0.2593
   76      0.3114      0.1979     -0.0632      0.2611
   77      0.3187      0.1972     -0.0656      0.2627
   78      0.3261      0.1964     -0.0680      0.2643
   79      0.3335      0.1955     -0.0704      0.2659
   80      0.3410      0.1943     -0.0731      0.2674
   81      0.3485      0.1931     -0.0757      0.2688
   82      0.3560      0.1916     -0.0786      0.2701
   83      0.3636      0.1899     -0.0815      0.2714
   84      0.3712      0.1882     -0.0845      0.2727
   85      0.3789      0.1861     -0.0877      0.2738
   86      0.3865      0.1840     -0.0909      0.2749
   87      0.3942      0.1816     -0.0943      0.2759
   88      0.4020      0.1791     -0.0978      0.2768
   89      0.4097      0.1765     -0.1013      0.2778
   90      0.4175      0.1735     -0.1050      0.2785
   91      0.4253      0.1705     -0.1088      0.2793
   92      0.4331      0.1672     -0.1127      0.2799
   93      0.4409      0.1638     -0.1167      0.2804
   94      0.4488      0.1602     -0.1207      0.2810
   95      0.4566      0.1563     -0.1250      0.2813
   96      0.4645      0.1524     -0.1293      0.2817
   97      0.4724      0.1482     -0.1337      0.2819
   98      0.4803      0.1438     -0.1383      0.2821
   99      0.4882      0.1394     -0.1429      0.2822
  100      0.4961      0.1345     -0.1477      0.2822
  101      0.5039      0.1297     -0.1524      0.2821
  102      0.5118      0.1246     -0.1574      0.2820
  103      0.5197      0.1193     -0.1624      0.2817
  104      0.5276      0.1139     -0.1675      0.2814
  105      0.5355      0.1082     -0.1728      0.2810
  106      0.5434      0.1024     -0.1781      0.2805
  107      0.5512      0.0963     -0.1835      0.2799
  108      0.5591      0.0902     -0.1890      0.2792
  109      0.5669      0.0838     -0.1946      0.2784
  110      0.5747      0.0773     -0.2003      0.2775
  111      0.5825      0.0707     -0.2060      0.2766
  112      0.5903      0.0637     -0.2118      0.2755
  113      0.5980      0.0567     -0.2177      0.2744
  114      0.6058      0.0496     -0.2237      0.2732
  115      0.6135      0.0422     -0.2297      0.2719
  116      0.6211      0.0348     -0.2358      0.2706
  117      0.6288      0.0270     -0.2418      0.2688
  118      0.6364      0.0192     -0.2478      0.2670
  119      0.6440      0.0113     -0.2540      0.2652
  120      0.6515      0.0031     -0.2606      0.2636
  121      0.6590     -0.0051     -0.2671      0.2621
  122      0.6665     -0.0135     -0.2736      0.2601
  123      0.6739     -0.0220     -0.2801      0.2580
  124      0.6813     -0.0306     -0.2865      0.2559
  125      0.6886     -0.0394     -0.2931      0.2536
  126      0.6959     -0.0482     -0.2996      0.2513
  127      0.7031     -0.0572     -0.3061      0.2489
  128      0.7103     -0.0663     -0.3128      0.2465
  129      0.7174     -0.0753     -0.3193      0.2440
  130      0.7245     -0.0847     -0.3260      0.2413
  131      0.7316     -0.0940     -0.3325      0.2385
  132      0.7385     -0.1033     -0.3391      0.2358
  133      0.7454     -0.1129     -0.3458      0.2329
  134      0.7523     -0.1224     -0.3523      0.2299
  135      0.7591     -0.1319     -0.3589      0.2270
  136      0.7658     -0.1417     -0.3655      0.2238
  137      0.7724     -0.1513     -0.3721      0.2208
  138      0.7790     -0.1610     -0.3786      0.2176
  139      0.7855     -0.1709     -0.3852      0.2143
  140      0.7920     -0.1806     -0.3917      0.2111
  141      0.7983     -0.1903     -0.3982      0.2078
  142      0.8046     -0.2002     -0.4046      0.2045
  143      0.8109     -0.2099     -0.4110      0.2011
  144      0.8170     -0.2196     -0.4174      0.1978
  145      0.8231     -0.2294     -0.4237      0.1943
  146      0.8291     -0.2391     -0.4300      0.1908
  147      0.8350     -0.2487     -0.4361      0.1874
  148      0.8408     -0.2585     -0.4423      0.1839
  149      0.8465     -0.2681     -0.4485      0.1804
  150      0.8522     -0.2776     -0.4545      0.1769
  151      0.8577     -0.2871     -0.4605      0.1734
  152      0.8632     -0.2966     -0.4664      0.1699
  153      0.8686     -0.3059     -0.4723      0.1664
  154      0.8739     -0.3151     -0.4780      0.1630
  155      0.8790     -0.3243     -0.4838      0.1595
  156      0.8841     -0.3333     -0.4894      0.1561
  157      0.8892     -0.3422     -0.4949      0.1527
  158      0.8941     -0.3510     -0.5004      0.1494
  159      0.8989     -0.3598     -0.5058      0.1460
  160      0.9036     -0.3684     -0.5111      0.1427
  161      0.9082     -0.3768     -0.5163      0.1395
  162      0.9127     -0.3851     -0.5213      0.1363
  163      0.9171     -0.3933     -0.5264      0.1331
  164      0.9214     -0.4013     -0.5313      0.1300
  165      0.9256     -0.4091     -0.5361      0.1269
  166      0.9297     -0.4168     -0.5407      0.1240
  167      0.9337     -0.4243     -0.5453      0.1210
  168      0.9375     -0.4317     -0.5498      0.1181
  169      0.9413     -0.4388     -0.5541      0.1153
  170      0.9450     -0.4458     -0.5584      0.1126
  171      0.9485     -0.4525     -0.5625      0.1099
  172      0.9519     -0.4591     -0.5664      0.1073
  173      0.9553     -0.4655     -0.5703      0.1048
  174      0.9585     -0.4717     -0.5740      0.1023
  175      0.9616     -0.4777     -0.5771      0.0993
  176      0.9645     -0.4835     -0.5792      0.0957
  177      0.9674     -0.4891     -0.5806      0.0916
  178      0.9701     -0.4944     -0.5816      0.0872
  179      0.9728     -0.4995     -0.5822      0.0826
  180      0.9753     -0.5045     -0.5825      0.0780
  181      0.9777     -0.5092     -0.5825      0.0733
  182      0.9799     -0.5136     -0.5822      0.0686
  183      0.9821     -0.5179     -0.5818      0.0640
  184      0.9841     -0.5219     -0.5813      0.0594
  185      0.9860     -0.5257     -0.5805      0.0548
  186      0.9878     -0.5292     -0.5796      0.0504
  187      0.9895     -0.5325     -0.5786      0.0461
  188      0.9911     -0.5356     -0.5775      0.0419
  189      0.9925     -0.5384     -0.5763      0.0378
  190      0.9938     -0.5410     -0.5750      0.0340
  191      0.9950     -0.5434     -0.5736      0.0302
  192      0.9960     -0.5455     -0.5722      0.0267
  193      0.9970     -0.5473     -0.5706      0.0233
  194      0.9978     -0.5490     -0.5691      0.0201
  195      0.9984     -0.5506     -0.5675      0.0168
  196      0.9990     -0.5523     -0.5658      0.0136
  197      0.9994     -0.5539     -0.5642      0.0103
  198      0.9998     -0.5557     -0.5625      0.0068
  199      0.9999     -0.5570     -0.5610      0.0040
  200      1.0000     -0.5605     -0.5605      0.0000
 GRID EXPANSION RATIO UP=    1.17411 DOWN =    1.09585
  AXIAL,TANGENTIAL AND RADIAL COORDINATES ON THE STREAM
  SURFACE BEFORE TRANSFORMING TO R-THETA COORDINATES 
 J, XGRID,YGRID,RGRID            1  0.147218913      -7.71887507E-03  0.310899734    
 J, XGRID,YGRID,RGRID            2  0.149834111      -6.53207395E-03  0.310650319    
 J, XGRID,YGRID,RGRID            3  0.152067214      -5.52126579E-03  0.310495615    
 J, XGRID,YGRID,RGRID            4  0.153971583      -4.66035167E-03  0.310386568    
 J, XGRID,YGRID,RGRID            5  0.155593187      -3.92710371E-03  0.310288042    
 J, XGRID,YGRID,RGRID            6  0.156973988      -3.30259069E-03  0.310198903    
 J, XGRID,YGRID,RGRID            7  0.158149675      -2.77068745E-03  0.310118407    
 J, XGRID,YGRID,RGRID            8  0.159150511      -2.31766095E-03  0.310042530    
 J, XGRID,YGRID,RGRID            9  0.160002634      -1.93181436E-03  0.309973925    
 J, XGRID,YGRID,RGRID           10  0.160728291      -1.60318566E-03  0.309914082    
 J, XGRID,YGRID,RGRID           11  0.161346272      -1.32328970E-03  0.309862316    
 J, XGRID,YGRID,RGRID           12  0.161872551      -1.08489988E-03  0.309817702    
 J, XGRID,YGRID,RGRID           13  0.162320778      -8.81861313E-04  0.309779376    
 J, XGRID,YGRID,RGRID           14  0.162702501      -7.08931708E-04  0.309746504    
 J, XGRID,YGRID,RGRID           15  0.163027599      -5.61646069E-04  0.309718430    
 J, XGRID,YGRID,RGRID           16  0.163304493      -4.36201633E-04  0.309694439    
 J, XGRID,YGRID,RGRID           17  0.163540319      -3.29359522E-04  0.309673935    
 J, XGRID,YGRID,RGRID           18  0.163741156      -2.38361201E-04  0.309656441    
 J, XGRID,YGRID,RGRID           19  0.163912222      -1.60857162E-04  0.309641540    
 J, XGRID,YGRID,RGRID           20  0.164057910      -9.48463130E-05  0.309628814    
 J, XGRID,YGRID,RGRID           21  0.164182007      -3.86243082E-05  0.309617996    
 J, XGRID,YGRID,RGRID           22  0.164306238       6.01367559E-04  0.309609860    
 J, XGRID,YGRID,RGRID           23  0.164436132       8.68134783E-04  0.309601516    
 J, XGRID,YGRID,RGRID           24  0.164572209       1.14885974E-03  0.309592813    
 J, XGRID,YGRID,RGRID           25  0.164715007       1.44341891E-03  0.309583843    
 J, XGRID,YGRID,RGRID           26  0.164865077       1.75288925E-03  0.309574574    
 J, XGRID,YGRID,RGRID           27  0.165022850       2.07834668E-03  0.309564918    
 J, XGRID,YGRID,RGRID           28  0.165188938       2.42126407E-03  0.309554994    
 J, XGRID,YGRID,RGRID           29  0.165363774       2.69768713E-03  0.309544593    
 J, XGRID,YGRID,RGRID           30  0.165548012       2.91242963E-03  0.309533954    
 J, XGRID,YGRID,RGRID           31  0.165742069       3.14123137E-03  0.309522837    
 J, XGRID,YGRID,RGRID           32  0.165946469       3.38225043E-03  0.309511364    
 J, XGRID,YGRID,RGRID           33  0.166161776       3.63646541E-03  0.309499592    
 J, XGRID,YGRID,RGRID           34  0.166388556       3.86410579E-03  0.309487462    
 J, XGRID,YGRID,RGRID           35  0.166627243       4.06720815E-03  0.309475034    
 J, XGRID,YGRID,RGRID           36  0.166878253       4.28239675E-03  0.309462190    
 J, XGRID,YGRID,RGRID           37  0.167141736       4.50829044E-03  0.309449166    
 J, XGRID,YGRID,RGRID           38  0.167418152       4.71425196E-03  0.309435815    
 J, XGRID,YGRID,RGRID           39  0.167708397       4.90468694E-03  0.309422344    
 J, XGRID,YGRID,RGRID           40  0.168013096       5.10575296E-03  0.309408665    
 J, XGRID,YGRID,RGRID           41  0.168333113       5.30835986E-03  0.309394747    
 J, XGRID,YGRID,RGRID           42  0.168669343       5.49140759E-03  0.309380740    
 J, XGRID,YGRID,RGRID           43  0.169022724       5.67221781E-03  0.309366643    
 J, XGRID,YGRID,RGRID           44  0.169393778       5.83514199E-03  0.309352487    
 J, XGRID,YGRID,RGRID           45  0.169783846       5.99485356E-03  0.309338361    
 J, XGRID,YGRID,RGRID           46  0.170194313       6.15284685E-03  0.309324265    
 J, XGRID,YGRID,RGRID           47  0.170626685       6.28712820E-03  0.309310198    
 J, XGRID,YGRID,RGRID           48  0.171082735       6.41263835E-03  0.309296399    
 J, XGRID,YGRID,RGRID           49  0.171564251       6.52440870E-03  0.309282839    
 J, XGRID,YGRID,RGRID           50  0.172077119       6.62073167E-03  0.309269488    
 J, XGRID,YGRID,RGRID           51  0.172628686       6.69438345E-03  0.309256494    
 J, XGRID,YGRID,RGRID           52  0.173219651       6.74325926E-03  0.309243917    
 J, XGRID,YGRID,RGRID           53  0.173849523       6.76282030E-03  0.309232146    
 J, XGRID,YGRID,RGRID           54  0.174516767       6.74633496E-03  0.309221327    
 J, XGRID,YGRID,RGRID           55  0.175218880       6.68805651E-03  0.309211850    
 J, XGRID,YGRID,RGRID           56  0.175952196       6.58280263E-03  0.309203863    
 J, XGRID,YGRID,RGRID           57  0.176704839       6.42718701E-03  0.309197694    
 J, XGRID,YGRID,RGRID           58  0.177464768       6.21850649E-03  0.309193343    
 J, XGRID,YGRID,RGRID           59  0.178227931       5.96203934E-03  0.309190959    
 J, XGRID,YGRID,RGRID           60  0.178990945       5.65369194E-03  0.309190303    
 J, XGRID,YGRID,RGRID           61  0.179751188       5.29836211E-03  0.309191287    
 J, XGRID,YGRID,RGRID           62  0.180506885       4.89694113E-03  0.309193939    
 J, XGRID,YGRID,RGRID           63  0.181256965       4.45175404E-03  0.309197962    
 J, XGRID,YGRID,RGRID           64  0.182006538       3.95689532E-03  0.309203476    
 J, XGRID,YGRID,RGRID           65  0.182758898       3.41017637E-03  0.309210271    
 J, XGRID,YGRID,RGRID           66  0.183513492       2.80967122E-03  0.309218347    
 J, XGRID,YGRID,RGRID           67  0.184269279       2.15725601E-03  0.309227526    
 J, XGRID,YGRID,RGRID           68  0.185024887       1.45589525E-03  0.309237748    
 J, XGRID,YGRID,RGRID           69  0.185778677       7.04091333E-04  0.309249014    
 J, XGRID,YGRID,RGRID           70  0.186528355      -9.58390956E-05  0.309261024    
 J, XGRID,YGRID,RGRID           71  0.187267348      -9.36584489E-04  0.309273601    
 J, XGRID,YGRID,RGRID           72  0.187991485      -1.80971785E-03  0.309286624    
 J, XGRID,YGRID,RGRID           73  0.188698739      -2.70778569E-03  0.309299946    
 J, XGRID,YGRID,RGRID           74  0.189387530      -3.62722925E-03  0.309313267    
 J, XGRID,YGRID,RGRID           75  0.190056697      -4.56288876E-03  0.309326649    
 J, XGRID,YGRID,RGRID           76  0.190705329      -5.50875999E-03  0.309339911    
 J, XGRID,YGRID,RGRID           77  0.191332966      -6.45969249E-03  0.309352994    
 J, XGRID,YGRID,RGRID           78  0.191941962      -7.41273770E-03  0.309365779    
 J, XGRID,YGRID,RGRID           79  0.192532897      -8.36828351E-03  0.309378296    
 J, XGRID,YGRID,RGRID           80  0.193105727      -9.32529662E-03  0.309390515    
 J, XGRID,YGRID,RGRID           81  0.193660498      -1.02775358E-02  0.309402406    
 J, XGRID,YGRID,RGRID           82  0.194197193      -1.12189064E-02  0.309413821    
 J, XGRID,YGRID,RGRID           83  0.194715828      -1.21471249E-02  0.309424877    
 J, XGRID,YGRID,RGRID           84  0.195216343      -1.30615197E-02  0.309435427    
 J, XGRID,YGRID,RGRID           85  0.195698842      -1.39597310E-02  0.309445560    
 J, XGRID,YGRID,RGRID           86  0.196163222      -1.48364184E-02  0.309455186    
 J, XGRID,YGRID,RGRID           87  0.196609527      -1.56871751E-02  0.309464306    
 J, XGRID,YGRID,RGRID           88  0.197037756      -1.65156163E-02  0.309472948    
 J, XGRID,YGRID,RGRID           89  0.197447926      -1.73165780E-02  0.309481144    
 J, XGRID,YGRID,RGRID           90  0.197839975      -1.80894993E-02  0.309488744    
 J, XGRID,YGRID,RGRID           91  0.198213980      -1.90756563E-02  0.309495956    
 J, XGRID,YGRID,RGRID           92  0.198587671      -1.95588842E-02  0.309496969    
 J, XGRID,YGRID,RGRID           93  0.198997185      -2.00881585E-02  0.309498101    
 J, XGRID,YGRID,RGRID           94  0.199445963      -2.06681602E-02  0.309499413    
 J, XGRID,YGRID,RGRID           95  0.199937716      -2.13037562E-02  0.309500843    
 J, XGRID,YGRID,RGRID           96  0.200476646      -2.20002700E-02  0.309502482    
 J, XGRID,YGRID,RGRID           97  0.201067179      -2.27635428E-02  0.309504330    
 J, XGRID,YGRID,RGRID           98  0.201714352      -2.35999748E-02  0.309506416    
 J, XGRID,YGRID,RGRID           99  0.202423498      -2.45165750E-02  0.309508771    
 J, XGRID,YGRID,RGRID          100  0.203200668      -2.55210288E-02  0.309511483    
 J, XGRID,YGRID,RGRID          101  0.204052299      -2.66217533E-02  0.309514523    
 J, XGRID,YGRID,RGRID          102  0.204985589      -2.78279800E-02  0.309517980    
 J, XGRID,YGRID,RGRID          103  0.206008315      -2.91498192E-02  0.309521884    
 J, XGRID,YGRID,RGRID          104  0.207129046      -3.05983536E-02  0.309526265    
 J, XGRID,YGRID,RGRID          105  0.208357230      -3.21857221E-02  0.309531242    
 J, XGRID,YGRID,RGRID          106  0.209703103      -3.39252390E-02  0.309536844    
 J, XGRID,YGRID,RGRID          107  0.211177975      -3.58314775E-02  0.309543014    
 J, XGRID,YGRID,RGRID          108  0.212794244      -3.79204266E-02  0.309549987    
 J, XGRID,YGRID,RGRID          109  0.214565352      -4.02095914E-02  0.309557557    
 J, XGRID,YGRID,RGRID          110  0.216506273      -4.27181683E-02  0.309565842    
 J, XGRID,YGRID,RGRID          111  0.218633205      -4.54671830E-02  0.309574813    

  THE BLADE CENTROID ON THE X-Y SURFACE IS AT X, Y=    0.18081  -0.00246


  THE J VALUE OF THE CENTROID IS J =           63

  THE CENTROID ON THE STREAM SURFACE IS AT  0.180809826       0.00000000    
  THE HUB SECTION CENTROID IS AT  0.180809826       0.00000000    

  AXIAL & RADIAL COORDINATES ON THE SS AFTER STACKING 
  J  , XGRID,RGRID            1  0.147218913      0.310899734    
  J  , XGRID,RGRID            2  0.149834111      0.310650319    
  J  , XGRID,RGRID            3  0.152067214      0.310495615    
  J  , XGRID,RGRID            4  0.153971583      0.310386568    
  J  , XGRID,RGRID            5  0.155593187      0.310288042    
  J  , XGRID,RGRID            6  0.156973988      0.310198903    
  J  , XGRID,RGRID            7  0.158149675      0.310118407    
  J  , XGRID,RGRID            8  0.159150511      0.310042530    
  J  , XGRID,RGRID            9  0.160002634      0.309973925    
  J  , XGRID,RGRID           10  0.160728291      0.309914082    
  J  , XGRID,RGRID           11  0.161346272      0.309862316    
  J  , XGRID,RGRID           12  0.161872551      0.309817702    
  J  , XGRID,RGRID           13  0.162320778      0.309779376    
  J  , XGRID,RGRID           14  0.162702501      0.309746504    
  J  , XGRID,RGRID           15  0.163027599      0.309718430    
  J  , XGRID,RGRID           16  0.163304493      0.309694439    
  J  , XGRID,RGRID           17  0.163540319      0.309673935    
  J  , XGRID,RGRID           18  0.163741156      0.309656441    
  J  , XGRID,RGRID           19  0.163912222      0.309641540    
  J  , XGRID,RGRID           20  0.164057910      0.309628814    
  J  , XGRID,RGRID           21  0.164182007      0.309617996    
  J  , XGRID,RGRID           22  0.164306238      0.309609860    
  J  , XGRID,RGRID           23  0.164436132      0.309601516    
  J  , XGRID,RGRID           24  0.164572209      0.309592813    
  J  , XGRID,RGRID           25  0.164715007      0.309583843    
  J  , XGRID,RGRID           26  0.164865077      0.309574574    
  J  , XGRID,RGRID           27  0.165022850      0.309564918    
  J  , XGRID,RGRID           28  0.165188938      0.309554994    
  J  , XGRID,RGRID           29  0.165363774      0.309544593    
  J  , XGRID,RGRID           30  0.165548012      0.309533954    
  J  , XGRID,RGRID           31  0.165742069      0.309522837    
  J  , XGRID,RGRID           32  0.165946469      0.309511364    
  J  , XGRID,RGRID           33  0.166161776      0.309499592    
  J  , XGRID,RGRID           34  0.166388556      0.309487462    
  J  , XGRID,RGRID           35  0.166627243      0.309475034    
  J  , XGRID,RGRID           36  0.166878253      0.309462190    
  J  , XGRID,RGRID           37  0.167141736      0.309449166    
  J  , XGRID,RGRID           38  0.167418152      0.309435815    
  J  , XGRID,RGRID           39  0.167708397      0.309422344    
  J  , XGRID,RGRID           40  0.168013096      0.309408665    
  J  , XGRID,RGRID           41  0.168333113      0.309394747    
  J  , XGRID,RGRID           42  0.168669343      0.309380740    
  J  , XGRID,RGRID           43  0.169022724      0.309366643    
  J  , XGRID,RGRID           44  0.169393778      0.309352487    
  J  , XGRID,RGRID           45  0.169783846      0.309338361    
  J  , XGRID,RGRID           46  0.170194313      0.309324265    
  J  , XGRID,RGRID           47  0.170626685      0.309310198    
  J  , XGRID,RGRID           48  0.171082735      0.309296399    
  J  , XGRID,RGRID           49  0.171564251      0.309282839    
  J  , XGRID,RGRID           50  0.172077119      0.309269488    
  J  , XGRID,RGRID           51  0.172628686      0.309256494    
  J  , XGRID,RGRID           52  0.173219651      0.309243917    
  J  , XGRID,RGRID           53  0.173849523      0.309232146    
  J  , XGRID,RGRID           54  0.174516767      0.309221327    
  J  , XGRID,RGRID           55  0.175218880      0.309211850    
  J  , XGRID,RGRID           56  0.175952196      0.309203863    
  J  , XGRID,RGRID           57  0.176704839      0.309197694    
  J  , XGRID,RGRID           58  0.177464768      0.309193343    
  J  , XGRID,RGRID           59  0.178227931      0.309190959    
  J  , XGRID,RGRID           60  0.178990945      0.309190303    
  J  , XGRID,RGRID           61  0.179751188      0.309191287    
  J  , XGRID,RGRID           62  0.180506885      0.309193939    
  J  , XGRID,RGRID           63  0.181256965      0.309197962    
  J  , XGRID,RGRID           64  0.182006538      0.309203476    
  J  , XGRID,RGRID           65  0.182758898      0.309210271    
  J  , XGRID,RGRID           66  0.183513492      0.309218347    
  J  , XGRID,RGRID           67  0.184269279      0.309227526    
  J  , XGRID,RGRID           68  0.185024887      0.309237748    
  J  , XGRID,RGRID           69  0.185778677      0.309249014    
  J  , XGRID,RGRID           70  0.186528355      0.309261024    
  J  , XGRID,RGRID           71  0.187267348      0.309273601    
  J  , XGRID,RGRID           72  0.187991485      0.309286624    
  J  , XGRID,RGRID           73  0.188698739      0.309299946    
  J  , XGRID,RGRID           74  0.189387530      0.309313267    
  J  , XGRID,RGRID           75  0.190056697      0.309326649    
  J  , XGRID,RGRID           76  0.190705329      0.309339911    
  J  , XGRID,RGRID           77  0.191332966      0.309352994    
  J  , XGRID,RGRID           78  0.191941962      0.309365779    
  J  , XGRID,RGRID           79  0.192532897      0.309378296    
  J  , XGRID,RGRID           80  0.193105727      0.309390515    
  J  , XGRID,RGRID           81  0.193660498      0.309402406    
  J  , XGRID,RGRID           82  0.194197193      0.309413821    
  J  , XGRID,RGRID           83  0.194715828      0.309424877    
  J  , XGRID,RGRID           84  0.195216343      0.309435427    
  J  , XGRID,RGRID           85  0.195698842      0.309445560    
  J  , XGRID,RGRID           86  0.196163222      0.309455186    
  J  , XGRID,RGRID           87  0.196609527      0.309464306    
  J  , XGRID,RGRID           88  0.197037756      0.309472948    
  J  , XGRID,RGRID           89  0.197447926      0.309481144    
  J  , XGRID,RGRID           90  0.197839975      0.309488744    
  J  , XGRID,RGRID           91  0.198213980      0.309495956    
  J  , XGRID,RGRID           92  0.198587671      0.309496969    
  J  , XGRID,RGRID           93  0.198997185      0.309498101    
  J  , XGRID,RGRID           94  0.199445963      0.309499413    
  J  , XGRID,RGRID           95  0.199937716      0.309500843    
  J  , XGRID,RGRID           96  0.200476646      0.309502482    
  J  , XGRID,RGRID           97  0.201067179      0.309504330    
  J  , XGRID,RGRID           98  0.201714352      0.309506416    
  J  , XGRID,RGRID           99  0.202423498      0.309508771    
  J  , XGRID,RGRID          100  0.203200668      0.309511483    
  J  , XGRID,RGRID          101  0.204052299      0.309514523    
  J  , XGRID,RGRID          102  0.204985589      0.309517980    
  J  , XGRID,RGRID          103  0.206008315      0.309521884    
  J  , XGRID,RGRID          104  0.207129046      0.309526265    
  J  , XGRID,RGRID          105  0.208357230      0.309531242    
  J  , XGRID,RGRID          106  0.209703103      0.309536844    
  J  , XGRID,RGRID          107  0.211177975      0.309543014    
  J  , XGRID,RGRID          108  0.212794244      0.309549987    
  J  , XGRID,RGRID          109  0.214565352      0.309557557    
  J  , XGRID,RGRID          110  0.216506273      0.309565842    
  J  , XGRID,RGRID          111  0.218633205      0.309574813    
  REARRANGED AND SCALED INPUT BLADE SECTION 
  N     XSURF       YSURF 
    1       0.00260  -0.01336
    2       0.00146  -0.00990
    3       0.00069  -0.00652
    4       0.00015  -0.00322
    5       0.00000   0.00000
    6       0.00016   0.00297
    7       0.00050   0.00424
    8       0.00094   0.00879
    9       0.00159   0.01165
   10       0.00244   0.01445
   11       0.00348   0.01721
   12       0.00470   0.01992
   13       0.00602   0.02262
   14       0.00742   0.02529
   15       0.00897   0.02792
   16       0.01065   0.03053
   17       0.01242   0.03311
   18       0.01431   0.03567
   19       0.04080   0.06122
   20       0.06730   0.07801
   21       0.09378   0.09074
   22       0.12027   0.10003
   23       0.13980   0.10517
   24       0.15933   0.10889
   25       0.17886   0.11126
   26       0.19839   0.11247
   27       0.21792   0.11250
   28       0.23745   0.11145
   29       0.25698   0.10931
   30       0.27650   0.10608
   31       0.29603   0.10194
   32       0.31556   0.09673
   33       0.33509   0.09049
   34       0.35462   0.08323
   35       0.37415   0.07493
   36       0.39368   0.06561
   37       0.41321   0.05523
   38       0.43274   0.04379
   39       0.45226   0.03129
   40       0.47179   0.01772
   41       0.49132   0.00307
   42       0.51085  -0.01267
   43       0.53038  -0.02953
   44       0.54991  -0.04750
   45       0.56944  -0.06663
   46       0.58897  -0.08694
   47       0.60849  -0.10844
   48       0.62802  -0.13115
   49       0.64755  -0.15509
   50       0.66708  -0.18026
   51       0.68661  -0.20666
   52       0.70614  -0.23428
   53       0.72567  -0.26311
   54       0.74520  -0.29313
   55       0.76472  -0.32430
   56       0.78425  -0.35662
   57       0.80378  -0.38997
   58       0.82331  -0.42437
   59       0.84284  -0.45961
   60       0.86237  -0.49572
   61       0.88190  -0.53246
   62       0.90143  -0.56984
   63       0.92095  -0.60767
   64       0.94048  -0.64586
   65       0.96001  -0.68432
   66       0.96636  -0.69684
   67       0.97270  -0.70938
   68       0.97905  -0.72194
   69       0.98539  -0.73449
   70       0.99174  -0.74704
   71       0.99809  -0.75961
   72       0.99903  -0.76184
   73       0.99967  -0.76417
   74       1.00000  -0.76656
   75       1.00000  -0.76898
   76       0.99968  -0.77138
   77       0.99905  -0.77371
   78       0.99812  -0.77594
   79       0.99689  -0.77803
   80       0.99540  -0.77993
   81       0.99367  -0.78162
   82       0.99174  -0.78307
   83       0.98962  -0.78425
   84       0.98737  -0.78513
   85       0.98503  -0.78571
   86       0.98262  -0.78597
   87       0.98020  -0.78591
   88       0.97782  -0.78553
   89       0.97550  -0.78484
   90       0.97330  -0.78385
   91       0.97124  -0.78257
   92       0.96938  -0.78103
   93       0.96773  -0.77926
   94       0.96645  -0.77770
   95       0.96516  -0.77614
   96       0.96387  -0.77458
   97       0.96259  -0.77303
   98       0.96130  -0.77147
   99       0.96001  -0.76992
  100       0.94048  -0.74685
  101       0.92095  -0.72368
  102       0.90143  -0.70116
  103       0.88190  -0.67904
  104       0.86237  -0.65728
  105       0.84284  -0.63595
  106       0.82331  -0.61494
  107       0.80378  -0.59423
  108       0.78425  -0.57383
  109       0.76472  -0.55380
  110       0.74520  -0.53404
  111       0.72567  -0.51454
  112       0.70614  -0.49530
  113       0.68777  -0.47632
  114       0.66708  -0.45760
  115       0.64755  -0.43915
  116       0.62802  -0.42096
  117       0.60849  -0.40298
  118       0.58897  -0.38530
  119       0.56944  -0.36791
  120       0.54991  -0.35085
  121       0.53038  -0.33407
  122       0.51085  -0.31769
  123       0.49132  -0.30170
  124       0.47179  -0.28606
  125       0.45226  -0.27084
  126       0.43274  -0.25604
  127       0.41321  -0.24166
  128       0.39368  -0.22772
  129       0.37415  -0.21419
  130       0.35462  -0.20105
  131       0.33509  -0.18833
  132       0.31556  -0.17601
  133       0.29603  -0.16407
  134       0.27650  -0.15249
  135       0.25698  -0.14129
  136       0.23745  -0.13046
  137       0.21792  -0.11999
  138       0.19839  -0.10990
  139       0.17886  -0.10019
  140       0.15933  -0.09088
  141       0.13980  -0.08195
  142       0.12027  -0.07340
  143       0.09593  -0.06325
  144       0.07159  -0.05359
  145       0.04725  -0.04403
  146       0.02291  -0.03308
  147       0.02136  -0.03228
  148       0.01985  -0.03145
  149       0.01838  -0.03057
  150       0.01694  -0.02967
  151       0.01552  -0.02874
  152       0.01415  -0.02776
  153       0.01283  -0.02673
  154       0.01157  -0.02564
  155       0.01034  -0.02452
  156       0.00914  -0.02336
  157       0.00801  -0.02214
  158       0.00694  -0.02084
  159       0.00594  -0.01948
  160       0.00501  -0.01806
  161       0.00414  -0.01656
  162       0.00334  -0.01500
  COORDINATES GOING ROUND THE BLADE AFTER ANY ROTATION
     N        XSURF        YSURF 
         1     0.00260    -0.01336
         2     0.00146    -0.00990
         3     0.00069    -0.00652
         4     0.00015    -0.00322
         5     0.00000     0.00000
         6     0.00016     0.00297
         7     0.00050     0.00424
         8     0.00094     0.00879
         9     0.00159     0.01165
        10     0.00244     0.01445
        11     0.00348     0.01721
        12     0.00470     0.01992
        13     0.00602     0.02262
        14     0.00742     0.02529
        15     0.00897     0.02792
        16     0.01065     0.03053
        17     0.01242     0.03311
        18     0.01431     0.03567
        19     0.04080     0.06122
        20     0.06730     0.07801
        21     0.09378     0.09074
        22     0.12027     0.10003
        23     0.13980     0.10517
        24     0.15933     0.10889
        25     0.17886     0.11126
        26     0.19839     0.11247
        27     0.21792     0.11250
        28     0.23745     0.11145
        29     0.25698     0.10931
        30     0.27650     0.10608
        31     0.29603     0.10194
        32     0.31556     0.09673
        33     0.33509     0.09049
        34     0.35462     0.08323
        35     0.37415     0.07493
        36     0.39368     0.06561
        37     0.41321     0.05523
        38     0.43274     0.04379
        39     0.45226     0.03129
        40     0.47179     0.01772
        41     0.49132     0.00307
        42     0.51085    -0.01267
        43     0.53038    -0.02953
        44     0.54991    -0.04750
        45     0.56944    -0.06663
        46     0.58897    -0.08694
        47     0.60849    -0.10844
        48     0.62802    -0.13115
        49     0.64755    -0.15509
        50     0.66708    -0.18026
        51     0.68661    -0.20666
        52     0.70614    -0.23428
        53     0.72567    -0.26311
        54     0.74520    -0.29313
        55     0.76472    -0.32430
        56     0.78425    -0.35662
        57     0.80378    -0.38997
        58     0.82331    -0.42437
        59     0.84284    -0.45961
        60     0.86237    -0.49572
        61     0.88190    -0.53246
        62     0.90143    -0.56984
        63     0.92095    -0.60767
        64     0.94048    -0.64586
        65     0.96001    -0.68432
        66     0.96636    -0.69684
        67     0.97270    -0.70938
        68     0.97905    -0.72194
        69     0.98539    -0.73449
        70     0.99174    -0.74704
        71     0.99809    -0.75961
        72     0.99903    -0.76184
        73     0.99967    -0.76417
        74     1.00000    -0.76656
        75     1.00000    -0.76898
        76     0.99968    -0.77138
        77     0.99905    -0.77371
        78     0.99812    -0.77594
        79     0.99689    -0.77803
        80     0.99540    -0.77993
        81     0.99367    -0.78162
        82     0.99174    -0.78307
        83     0.98962    -0.78425
        84     0.98737    -0.78513
        85     0.98503    -0.78571
        86     0.98262    -0.78597
        87     0.98020    -0.78591
        88     0.97782    -0.78553
        89     0.97550    -0.78484
        90     0.97330    -0.78385
        91     0.97124    -0.78257
        92     0.96938    -0.78103
        93     0.96773    -0.77926
        94     0.96645    -0.77770
        95     0.96516    -0.77614
        96     0.96387    -0.77458
        97     0.96259    -0.77303
        98     0.96130    -0.77147
        99     0.96001    -0.76992
       100     0.94048    -0.74685
       101     0.92095    -0.72368
       102     0.90143    -0.70116
       103     0.88190    -0.67904
       104     0.86237    -0.65728
       105     0.84284    -0.63595
       106     0.82331    -0.61494
       107     0.80378    -0.59423
       108     0.78425    -0.57383
       109     0.76472    -0.55380
       110     0.74520    -0.53404
       111     0.72567    -0.51454
       112     0.70614    -0.49530
       113     0.68777    -0.47632
       114     0.66708    -0.45760
       115     0.64755    -0.43915
       116     0.62802    -0.42096
       117     0.60849    -0.40298
       118     0.58897    -0.38530
       119     0.56944    -0.36791
       120     0.54991    -0.35085
       121     0.53038    -0.33407
       122     0.51085    -0.31769
       123     0.49132    -0.30170
       124     0.47179    -0.28606
       125     0.45226    -0.27084
       126     0.43274    -0.25604
       127     0.41321    -0.24166
       128     0.39368    -0.22772
       129     0.37415    -0.21419
       130     0.35462    -0.20105
       131     0.33509    -0.18833
       132     0.31556    -0.17601
       133     0.29603    -0.16407
       134     0.27650    -0.15249
       135     0.25698    -0.14129
       136     0.23745    -0.13046
       137     0.21792    -0.11999
       138     0.19839    -0.10990
       139     0.17886    -0.10019
       140     0.15933    -0.09088
       141     0.13980    -0.08195
       142     0.12027    -0.07340
       143     0.09593    -0.06325
       144     0.07159    -0.05359
       145     0.04725    -0.04403
       146     0.02291    -0.03308
       147     0.02136    -0.03228
       148     0.01985    -0.03145
       149     0.01838    -0.03057
       150     0.01694    -0.02967
       151     0.01552    -0.02874
       152     0.01415    -0.02776
       153     0.01283    -0.02673
       154     0.01157    -0.02564
       155     0.01034    -0.02452
       156     0.00914    -0.02336
       157     0.00801    -0.02214
       158     0.00694    -0.02084
       159     0.00594    -0.01948
       160     0.00501    -0.01806
       161     0.00414    -0.01656
       162     0.00334    -0.01500
  LEADING EDGE POINT =            5  TE POINT =          75

  NO OF SUCT S POINTS          71  NO PRESS S POINTS          93
  XMIN,XMAX, XCHORD     0.00000000       1.00000000       1.00000000    

   SUCTION SURFACE POINTS FROM LE TO TE.
         1     0.00000     0.00000
         2     0.00016     0.00297
         3     0.00050     0.00424
         4     0.00094     0.00879
         5     0.00159     0.01165
         6     0.00244     0.01445
         7     0.00348     0.01721
         8     0.00470     0.01992
         9     0.00602     0.02262
        10     0.00742     0.02529
        11     0.00897     0.02792
        12     0.01065     0.03053
        13     0.01242     0.03311
        14     0.01431     0.03567
        15     0.04080     0.06122
        16     0.06730     0.07801
        17     0.09378     0.09074
        18     0.12027     0.10003
        19     0.13980     0.10517
        20     0.15933     0.10889
        21     0.17886     0.11126
        22     0.19839     0.11247
        23     0.21792     0.11250
        24     0.23745     0.11145
        25     0.25698     0.10931
        26     0.27650     0.10608
        27     0.29603     0.10194
        28     0.31556     0.09673
        29     0.33509     0.09049
        30     0.35462     0.08323
        31     0.37415     0.07493
        32     0.39368     0.06561
        33     0.41321     0.05523
        34     0.43274     0.04379
        35     0.45226     0.03129
        36     0.47179     0.01772
        37     0.49132     0.00307
        38     0.51085    -0.01267
        39     0.53038    -0.02953
        40     0.54991    -0.04750
        41     0.56944    -0.06663
        42     0.58897    -0.08694
        43     0.60849    -0.10844
        44     0.62802    -0.13115
        45     0.64755    -0.15509
        46     0.66708    -0.18026
        47     0.68661    -0.20666
        48     0.70614    -0.23428
        49     0.72567    -0.26311
        50     0.74520    -0.29313
        51     0.76472    -0.32430
        52     0.78425    -0.35662
        53     0.80378    -0.38997
        54     0.82331    -0.42437
        55     0.84284    -0.45961
        56     0.86237    -0.49572
        57     0.88190    -0.53246
        58     0.90143    -0.56984
        59     0.92095    -0.60767
        60     0.94048    -0.64586
        61     0.96001    -0.68432
        62     0.96636    -0.69684
        63     0.97270    -0.70938
        64     0.97905    -0.72194
        65     0.98539    -0.73449
        66     0.99174    -0.74704
        67     0.99809    -0.75961
        68     0.99903    -0.76184
        69     0.99967    -0.76417
        70     1.00000    -0.76656
        71     1.00000    -0.76898

   PRESSURE SURFACE POINTS FROM LE TO TE.
         1     0.00000     0.00000
         2     0.00015    -0.00322
         3     0.00069    -0.00652
         4     0.00146    -0.00990
         5     0.00260    -0.01336
         6     0.00334    -0.01500
         7     0.00414    -0.01656
         8     0.00501    -0.01806
         9     0.00594    -0.01948
        10     0.00694    -0.02084
        11     0.00801    -0.02214
        12     0.00914    -0.02336
        13     0.01034    -0.02452
        14     0.01157    -0.02564
        15     0.01283    -0.02673
        16     0.01415    -0.02776
        17     0.01552    -0.02874
        18     0.01694    -0.02967
        19     0.01838    -0.03057
        20     0.01985    -0.03145
        21     0.02136    -0.03228
        22     0.02291    -0.03308
        23     0.04725    -0.04403
        24     0.07159    -0.05359
        25     0.09593    -0.06325
        26     0.12027    -0.07340
        27     0.13980    -0.08195
        28     0.15933    -0.09088
        29     0.17886    -0.10019
        30     0.19839    -0.10990
        31     0.21792    -0.11999
        32     0.23745    -0.13046
        33     0.25698    -0.14129
        34     0.27650    -0.15249
        35     0.29603    -0.16407
        36     0.31556    -0.17601
        37     0.33509    -0.18833
        38     0.35462    -0.20105
        39     0.37415    -0.21419
        40     0.39368    -0.22772
        41     0.41321    -0.24166
        42     0.43274    -0.25604
        43     0.45226    -0.27084
        44     0.47179    -0.28606
        45     0.49132    -0.30170
        46     0.51085    -0.31769
        47     0.53038    -0.33407
        48     0.54991    -0.35085
        49     0.56944    -0.36791
        50     0.58897    -0.38530
        51     0.60849    -0.40298
        52     0.62802    -0.42096
        53     0.64755    -0.43915
        54     0.66708    -0.45760
        55     0.68777    -0.47632
        56     0.70614    -0.49530
        57     0.72567    -0.51454
        58     0.74520    -0.53404
        59     0.76472    -0.55380
        60     0.78425    -0.57383
        61     0.80378    -0.59423
        62     0.82331    -0.61494
        63     0.84284    -0.63595
        64     0.86237    -0.65728
        65     0.88190    -0.67904
        66     0.90143    -0.70116
        67     0.92095    -0.72368
        68     0.94048    -0.74685
        69     0.96001    -0.76992
        70     0.96130    -0.77147
        71     0.96259    -0.77303
        72     0.96387    -0.77458
        73     0.96516    -0.77614
        74     0.96645    -0.77770
        75     0.96773    -0.77926
        76     0.96938    -0.78103
        77     0.97124    -0.78257
        78     0.97330    -0.78385
        79     0.97550    -0.78484
        80     0.97782    -0.78553
        81     0.98020    -0.78591
        82     0.98262    -0.78597
        83     0.98503    -0.78571
        84     0.98737    -0.78513
        85     0.98962    -0.78425
        86     0.99174    -0.78307
        87     0.99367    -0.78162
        88     0.99540    -0.77993
        89     0.99689    -0.77803
        90     0.99812    -0.77594
        91     0.99905    -0.77371
        92     0.99968    -0.77138
        93     1.00000    -0.76898
  POINTS ON THE BLADE TO BE USED FOR PLOTTING 
  AND FINAL INTERPOLATION 
  N           X          YUP        YLOW        THICK 
    1      0.0000      0.0000     -0.0000      0.0000
    2      0.0001      0.0012     -0.0013      0.0025
    3      0.0002      0.0033     -0.0038      0.0071
    4      0.0006      0.0049     -0.0057      0.0106
    5      0.0010      0.0090     -0.0079      0.0169
    6      0.0016      0.0115     -0.0102      0.0217
    7      0.0022      0.0138     -0.0123      0.0261
    8      0.0030      0.0161     -0.0144      0.0304
    9      0.0040      0.0183     -0.0163      0.0346
   10      0.0050      0.0206     -0.0181      0.0387
   11      0.0062      0.0230     -0.0199      0.0429
   12      0.0075      0.0255     -0.0215      0.0470
   13      0.0089      0.0279     -0.0231      0.0510
   14      0.0105      0.0303     -0.0247      0.0549
   15      0.0122      0.0327     -0.0262      0.0589
   16      0.0140      0.0352     -0.0276      0.0628
   17      0.0159      0.0372     -0.0290      0.0661
   18      0.0179      0.0391     -0.0303      0.0694
   19      0.0201      0.0412     -0.0316      0.0728
   20      0.0223      0.0434     -0.0328      0.0762
   21      0.0247      0.0457     -0.0339      0.0796
   22      0.0272      0.0481     -0.0350      0.0831
   23      0.0299      0.0507     -0.0362      0.0869
   24      0.0326      0.0533     -0.0374      0.0908
   25      0.0355      0.0561     -0.0387      0.0948
   26      0.0384      0.0589     -0.0401      0.0990
   27      0.0415      0.0617     -0.0415      0.1031
   28      0.0447      0.0637     -0.0429      0.1066
   29      0.0481      0.0658     -0.0443      0.1102
   30      0.0515      0.0680     -0.0457      0.1137
   31      0.0550      0.0702     -0.0471      0.1173
   32      0.0587      0.0726     -0.0485      0.1211
   33      0.0625      0.0749     -0.0500      0.1249
   34      0.0663      0.0774     -0.0515      0.1289
   35      0.0703      0.0795     -0.0531      0.1326
   36      0.0744      0.0814     -0.0547      0.1361
   37      0.0786      0.0834     -0.0564      0.1398
   38      0.0829      0.0855     -0.0581      0.1436
   39      0.0873      0.0876     -0.0598      0.1475
   40      0.0918      0.0898     -0.0616      0.1514
   41      0.0964      0.0917     -0.0635      0.1551
   42      0.1011      0.0933     -0.0654      0.1587
   43      0.1059      0.0950     -0.0674      0.1624
   44      0.1108      0.0967     -0.0695      0.1662
   45      0.1159      0.0985     -0.0716      0.1700
   46      0.1210      0.1002     -0.0737      0.1739
   47      0.1261      0.1016     -0.0760      0.1775
   48      0.1314      0.1030     -0.0783      0.1813
   49      0.1368      0.1044     -0.0806      0.1850
   50      0.1423      0.1056     -0.0831      0.1887
   51      0.1478      0.1067     -0.0856      0.1923
   52      0.1535      0.1078     -0.0882      0.1960
   53      0.1592      0.1089     -0.0908      0.1997
   54      0.1650      0.1096     -0.0936      0.2032
   55      0.1709      0.1103     -0.0964      0.2067
   56      0.1769      0.1110     -0.0993      0.2103
   57      0.1830      0.1115     -0.1022      0.2138
   58      0.1891      0.1119     -0.1053      0.2172
   59      0.1954      0.1123     -0.1084      0.2207
   60      0.2017      0.1125     -0.1116      0.2241
   61      0.2080      0.1125     -0.1149      0.2274
   62      0.2145      0.1125     -0.1182      0.2307
   63      0.2210      0.1123     -0.1216      0.2340
   64      0.2276      0.1120     -0.1252      0.2371
   65      0.2342      0.1116     -0.1287      0.2404
   66      0.2409      0.1111     -0.1324      0.2435
   67      0.2477      0.1103     -0.1362      0.2465
   68      0.2546      0.1096     -0.1400      0.2495
   69      0.2615      0.1086     -0.1439      0.2524
   70      0.2684      0.1074     -0.1479      0.2553
   71      0.2755      0.1063     -0.1519      0.2581
   72      0.2826      0.1048     -0.1561      0.2609
   73      0.2897      0.1033     -0.1603      0.2636
   74      0.2969      0.1017     -0.1646      0.2663
   75      0.3041      0.0998     -0.1690      0.2688
   76      0.3114      0.0978     -0.1735      0.2713
   77      0.3187      0.0957     -0.1780      0.2737
   78      0.3261      0.0934     -0.1827      0.2760
   79      0.3335      0.0910     -0.1873      0.2783
   80      0.3410      0.0883     -0.1922      0.2805
   81      0.3485      0.0855     -0.1971      0.2826
   82      0.3560      0.0826     -0.2020      0.2846
   83      0.3636      0.0794     -0.2071      0.2865
   84      0.3712      0.0762     -0.2122      0.2884
   85      0.3789      0.0727     -0.2175      0.2901
   86      0.3865      0.0690     -0.2228      0.2918
   87      0.3942      0.0653     -0.2281      0.2934
   88      0.4020      0.0612     -0.2336      0.2948
   89      0.4097      0.0571     -0.2392      0.2963
   90      0.4175      0.0527     -0.2448      0.2975
   91      0.4253      0.0481     -0.2506      0.2987
   92      0.4331      0.0436     -0.2563      0.2999
   93      0.4409      0.0385     -0.2623      0.3008
   94      0.4488      0.0335     -0.2682      0.3017
   95      0.4566      0.0283     -0.2743      0.3025
   96      0.4645      0.0228     -0.2804      0.3032
   97      0.4724      0.0173     -0.2865      0.3038
   98      0.4803      0.0114     -0.2929      0.3042
   99      0.4882      0.0054     -0.2992      0.3046
  100      0.4961     -0.0007     -0.3056      0.3048
  101      0.5039     -0.0071     -0.3120      0.3049
  102      0.5118     -0.0135     -0.3185      0.3050
  103      0.5197     -0.0203     -0.3251      0.3048
  104      0.5276     -0.0271     -0.3318      0.3046
  105      0.5355     -0.0342     -0.3385      0.3042
  106      0.5434     -0.0415     -0.3452      0.3037
  107      0.5512     -0.0488     -0.3520      0.3032
  108      0.5591     -0.0565     -0.3588      0.3024
  109      0.5669     -0.0641     -0.3657      0.3015
  110      0.5747     -0.0721     -0.3726      0.3005
  111      0.5825     -0.0802     -0.3795      0.2993
  112      0.5903     -0.0884     -0.3865      0.2981
  113      0.5980     -0.0969     -0.3935      0.2966
  114      0.6058     -0.1054     -0.4005      0.2951
  115      0.6135     -0.1142     -0.4076      0.2933
  116      0.6211     -0.1231     -0.4146      0.2915
  117      0.6288     -0.1321     -0.4217      0.2896
  118      0.6364     -0.1414     -0.4288      0.2873
  119      0.6440     -0.1507     -0.4358      0.2851
  120      0.6515     -0.1602     -0.4429      0.2827
  121      0.6590     -0.1699     -0.4500      0.2801
  122      0.6665     -0.1795     -0.4570      0.2776
  123      0.6739     -0.1895     -0.4638      0.2743
  124      0.6813     -0.1994     -0.4704      0.2710
  125      0.6886     -0.2095     -0.4772      0.2677
  126      0.6959     -0.2198     -0.4847      0.2649
  127      0.7031     -0.2300     -0.4922      0.2622
  128      0.7103     -0.2404     -0.4994      0.2590
  129      0.7174     -0.2510     -0.5064      0.2555
  130      0.7245     -0.2614     -0.5134      0.2520
  131      0.7316     -0.2722     -0.5204      0.2483
  132      0.7385     -0.2829     -0.5274      0.2445
  133      0.7454     -0.2935     -0.5343      0.2408
  134      0.7523     -0.3044     -0.5412      0.2368
  135      0.7591     -0.3153     -0.5481      0.2328
  136      0.7658     -0.3260     -0.5549      0.2288
  137      0.7724     -0.3371     -0.5617      0.2247
  138      0.7790     -0.3479     -0.5685      0.2205
  139      0.7855     -0.3588     -0.5752      0.2164
  140      0.7920     -0.3698     -0.5819      0.2121
  141      0.7983     -0.3807     -0.5885      0.2079
  142      0.8046     -0.3915     -0.5951      0.2036
  143      0.8109     -0.4024     -0.6017      0.1993
  144      0.8170     -0.4133     -0.6083      0.1950
  145      0.8231     -0.4239     -0.6147      0.1907
  146      0.8291     -0.4347     -0.6211      0.1864
  147      0.8350     -0.4454     -0.6275      0.1821
  148      0.8408     -0.4559     -0.6337      0.1778
  149      0.8465     -0.4664     -0.6400      0.1736
  150      0.8522     -0.4768     -0.6461      0.1693
  151      0.8577     -0.4871     -0.6522      0.1651
  152      0.8632     -0.4973     -0.6582      0.1609
  153      0.8686     -0.5074     -0.6642      0.1568
  154      0.8739     -0.5173     -0.6701      0.1528
  155      0.8790     -0.5271     -0.6759      0.1488
  156      0.8841     -0.5368     -0.6816      0.1448
  157      0.8892     -0.5463     -0.6873      0.1409
  158      0.8941     -0.5557     -0.6928      0.1371
  159      0.8989     -0.5649     -0.6983      0.1333
  160      0.9036     -0.5740     -0.7036      0.1296
  161      0.9082     -0.5829     -0.7090      0.1260
  162      0.9127     -0.5917     -0.7142      0.1225
  163      0.9171     -0.6002     -0.7192      0.1190
  164      0.9214     -0.6085     -0.7242      0.1157
  165      0.9256     -0.6167     -0.7292      0.1124
  166      0.9297     -0.6247     -0.7340      0.1093
  167      0.9337     -0.6325     -0.7388      0.1062
  168      0.9375     -0.6401     -0.7434      0.1033
  169      0.9413     -0.6475     -0.7478      0.1003
  170      0.9450     -0.6547     -0.7521      0.0975
  171      0.9485     -0.6617     -0.7563      0.0947
  172      0.9519     -0.6684     -0.7604      0.0920
  173      0.9553     -0.6750     -0.7643      0.0893
  174      0.9585     -0.6813     -0.7681      0.0868
  175      0.9616     -0.6874     -0.7718      0.0844
  176      0.9645     -0.6933     -0.7754      0.0821
  177      0.9674     -0.6989     -0.7789      0.0800
  178      0.9701     -0.7043     -0.7817      0.0773
  179      0.9728     -0.7095     -0.7835      0.0740
  180      0.9753     -0.7145     -0.7847      0.0703
  181      0.9777     -0.7192     -0.7855      0.0663
  182      0.9799     -0.7237     -0.7859      0.0622
  183      0.9821     -0.7280     -0.7860      0.0580
  184      0.9841     -0.7320     -0.7858      0.0538
  185      0.9860     -0.7358     -0.7855      0.0497
  186      0.9878     -0.7393     -0.7849      0.0456
  187      0.9895     -0.7426     -0.7843      0.0417
  188      0.9911     -0.7457     -0.7834      0.0378
  189      0.9925     -0.7485     -0.7825      0.0340
  190      0.9938     -0.7511     -0.7815      0.0304
  191      0.9950     -0.7534     -0.7804      0.0269
  192      0.9960     -0.7555     -0.7791      0.0236
  193      0.9970     -0.7574     -0.7779      0.0206
  194      0.9978     -0.7590     -0.7766      0.0176
  195      0.9984     -0.7605     -0.7752      0.0147
  196      0.9990     -0.7618     -0.7738      0.0121
  197      0.9994     -0.7633     -0.7723      0.0090
  198      0.9998     -0.7648     -0.7709      0.0061
  199      0.9999     -0.7661     -0.7695      0.0033
  200      1.0000     -0.7690     -0.7690      0.0000
 GRID EXPANSION RATIO UP=    1.17411 DOWN =    1.10938
  AXIAL,TANGENTIAL AND RADIAL COORDINATES ON THE STREAM
  SURFACE BEFORE TRANSFORMING TO R-THETA COORDINATES 
 J, XGRID,YGRID,RGRID            1  0.149933234      -3.63677833E-03  0.345983714    
 J, XGRID,YGRID,RGRID            2  0.152347997      -3.07483831E-03  0.345869094    
 J, XGRID,YGRID,RGRID            3  0.154403001      -2.59622931E-03  0.345718980    
 J, XGRID,YGRID,RGRID            4  0.156153113      -2.18859408E-03  0.345583767    
 J, XGRID,YGRID,RGRID            5  0.157643855      -1.84140762E-03  0.345469117    
 J, XGRID,YGRID,RGRID            6  0.158913597      -1.54570583E-03  0.345372409    
 J, XGRID,YGRID,RGRID            7  0.159995183      -1.29385421E-03  0.345291495    
 J, XGRID,YGRID,RGRID            8  0.160916433      -1.07935001E-03  0.345223576    
 J, XGRID,YGRID,RGRID            9  0.161701113      -8.96655023E-04  0.345166594    
 J, XGRID,YGRID,RGRID           10  0.162369490      -7.41052092E-04  0.345118761    
 J, XGRID,YGRID,RGRID           11  0.162938744      -6.08523784E-04  0.345078647    
 J, XGRID,YGRID,RGRID           12  0.163423643      -4.95648361E-04  0.345044822    
 J, XGRID,YGRID,RGRID           13  0.163836628      -3.99511337E-04  0.345016420    
 J, XGRID,YGRID,RGRID           14  0.164188370      -3.17630620E-04  0.344992429    
 J, XGRID,YGRID,RGRID           15  0.164488003      -2.47892138E-04  0.344972253    
 J, XGRID,YGRID,RGRID           16  0.164743185      -1.88495265E-04  0.344955206    
 J, XGRID,YGRID,RGRID           17  0.164960548      -1.37906449E-04  0.344940782    
 J, XGRID,YGRID,RGRID           18  0.165145665      -9.48195302E-05  0.344928533    
 J, XGRID,YGRID,RGRID           19  0.165303335      -5.81220302E-05  0.344918191    
 J, XGRID,YGRID,RGRID           20  0.165437639      -2.68664626E-05  0.344909459    
 J, XGRID,YGRID,RGRID           21  0.165552005      -2.45830364E-07  0.344902009    
 J, XGRID,YGRID,RGRID           22  0.165666401       5.50539989E-04  0.344896257    
 J, XGRID,YGRID,RGRID           23  0.165786073       7.95466301E-04  0.344890386    
 J, XGRID,YGRID,RGRID           24  0.165911406       9.95236333E-04  0.344884336    
 J, XGRID,YGRID,RGRID           25  0.166042954       1.15937111E-03  0.344878048    
 J, XGRID,YGRID,RGRID           26  0.166181132       1.29284337E-03  0.344871521    
 J, XGRID,YGRID,RGRID           27  0.166326463       1.43325317E-03  0.344864815    
 J, XGRID,YGRID,RGRID           28  0.166479379       1.58102484E-03  0.344857782    
 J, XGRID,YGRID,RGRID           29  0.166640475       1.73662289E-03  0.344850659    
 J, XGRID,YGRID,RGRID           30  0.166810095       1.89805415E-03  0.344843179    
 J, XGRID,YGRID,RGRID           31  0.166988835       2.01974530E-03  0.344835579    
 J, XGRID,YGRID,RGRID           32  0.167177081       2.13923561E-03  0.344827682    
 J, XGRID,YGRID,RGRID           33  0.167375430       2.26508942E-03  0.344819695    
 J, XGRID,YGRID,RGRID           34  0.167584181       2.39846297E-03  0.344811320    
 J, XGRID,YGRID,RGRID           35  0.167804003       2.51473999E-03  0.344802856    
 J, XGRID,YGRID,RGRID           36  0.168035164       2.62563350E-03  0.344794214    
 J, XGRID,YGRID,RGRID           37  0.168277755       2.74233427E-03  0.344785422    
 J, XGRID,YGRID,RGRID           38  0.168532372       2.85752025E-03  0.344776571    
 J, XGRID,YGRID,RGRID           39  0.168799579       2.95249932E-03  0.344767630    
 J, XGRID,YGRID,RGRID           40  0.169080138       3.05116363E-03  0.344758570    
 J, XGRID,YGRID,RGRID           41  0.169374809       3.14985379E-03  0.344749480    
 J, XGRID,YGRID,RGRID           42  0.169684425       3.23074940E-03  0.344740421    
 J, XGRID,YGRID,RGRID           43  0.170009747       3.31014721E-03  0.344731420    
 J, XGRID,YGRID,RGRID           44  0.170351371       3.37521895E-03  0.344722390    
 J, XGRID,YGRID,RGRID           45  0.170710534       3.43161682E-03  0.344713628    
 J, XGRID,YGRID,RGRID           46  0.171088412       3.47741088E-03  0.344704956    
 J, XGRID,YGRID,RGRID           47  0.171486497       3.50572867E-03  0.344696552    
 J, XGRID,YGRID,RGRID           48  0.171906307       3.52299609E-03  0.344688475    
 J, XGRID,YGRID,RGRID           49  0.172349557       3.52171063E-03  0.344680697    
 J, XGRID,YGRID,RGRID           50  0.172821671       3.49933375E-03  0.344673395    
 J, XGRID,YGRID,RGRID           51  0.173329413       3.45240347E-03  0.344666541    
 J, XGRID,YGRID,RGRID           52  0.173873365       3.37707624E-03  0.344660312    
 J, XGRID,YGRID,RGRID           53  0.174453139       3.26938485E-03  0.344655037    
 J, XGRID,YGRID,RGRID           54  0.175067291       3.12507874E-03  0.344650716    
 J, XGRID,YGRID,RGRID           55  0.175713465       2.93749617E-03  0.344647646    
 J, XGRID,YGRID,RGRID           56  0.176388398       2.70349951E-03  0.344646215    
 J, XGRID,YGRID,RGRID           57  0.177081019       2.42331112E-03  0.344646066    
 J, XGRID,YGRID,RGRID           58  0.177780390       2.09854171E-03  0.344647616    
 J, XGRID,YGRID,RGRID           59  0.178482652       1.72747183E-03  0.344650596    
 J, XGRID,YGRID,RGRID           60  0.179184794       1.31477788E-03  0.344655126    
 J, XGRID,YGRID,RGRID           61  0.179884359       8.56865663E-04  0.344660908    
 J, XGRID,YGRID,RGRID           62  0.180579722       3.59039841E-04  0.344667912    
 J, XGRID,YGRID,RGRID           63  0.181269929      -1.77385722E-04  0.344676048    
 J, XGRID,YGRID,RGRID           64  0.181959540      -7.56663736E-04  0.344685256    
 J, XGRID,YGRID,RGRID           65  0.182651818      -1.38324837E-03  0.344695628    
 J, XGRID,YGRID,RGRID           66  0.183346093      -2.05753651E-03  0.344706923    
 J, XGRID,YGRID,RGRID           67  0.184041515      -2.78001162E-03  0.344719172    
 J, XGRID,YGRID,RGRID           68  0.184736729      -3.55375884E-03  0.344732225    
 J, XGRID,YGRID,RGRID           69  0.185430154      -4.37292410E-03  0.344745994    
 J, XGRID,YGRID,RGRID           70  0.186119899      -5.23673836E-03  0.344760388    
 J, XGRID,YGRID,RGRID           71  0.186799794      -6.13533612E-03  0.344775200    
 J, XGRID,YGRID,RGRID           72  0.187465996      -7.06115924E-03  0.344790161    
 J, XGRID,YGRID,RGRID           73  0.188116655      -8.00882932E-03  0.344805181    
 J, XGRID,YGRID,RGRID           74  0.188750386      -8.97284597E-03  0.344820261    
 J, XGRID,YGRID,RGRID           75  0.189365983      -9.94745176E-03  0.344835073    
 J, XGRID,YGRID,RGRID           76  0.189962730      -1.09265447E-02  0.344849676    
 J, XGRID,YGRID,RGRID           77  0.190540165      -1.19043803E-02  0.344864011    
 J, XGRID,YGRID,RGRID           78  0.191100433      -1.28808543E-02  0.344877958    
 J, XGRID,YGRID,RGRID           79  0.191644102      -1.38511416E-02  0.344891608    
 J, XGRID,YGRID,RGRID           80  0.192171156      -1.48114348E-02  0.344904870    
 J, XGRID,YGRID,RGRID           81  0.192681521      -1.57583673E-02  0.344917625    
 J, XGRID,YGRID,RGRID           82  0.193175286      -1.66879706E-02  0.344930023    
 J, XGRID,YGRID,RGRID           83  0.193652436      -1.75996609E-02  0.344941944    
 J, XGRID,YGRID,RGRID           84  0.194112957      -1.84881650E-02  0.344953299    
 J, XGRID,YGRID,RGRID           85  0.194556847      -1.93504225E-02  0.344964206    
 J, XGRID,YGRID,RGRID           86  0.194984108      -2.01856140E-02  0.344974637    
 J, XGRID,YGRID,RGRID           87  0.195394740      -2.09933743E-02  0.344984531    
 J, XGRID,YGRID,RGRID           88  0.195788771      -2.17694603E-02  0.344993949    
 J, XGRID,YGRID,RGRID           89  0.196166128      -2.25149728E-02  0.345002770    
 J, XGRID,YGRID,RGRID           90  0.196526870      -2.32282262E-02  0.345011145    
 J, XGRID,YGRID,RGRID           91  0.196870968      -2.40835752E-02  0.345018953    
 J, XGRID,YGRID,RGRID           92  0.197214887      -2.45607179E-02  0.345020294    
 J, XGRID,YGRID,RGRID           93  0.197596431      -2.50898451E-02  0.345021755    
 J, XGRID,YGRID,RGRID           94  0.198019639      -2.56768484E-02  0.345023274    
 J, XGRID,YGRID,RGRID           95  0.198489204      -2.63280626E-02  0.345025033    
 J, XGRID,YGRID,RGRID           96  0.199010089      -2.70505063E-02  0.345026940    
 J, XGRID,YGRID,RGRID           97  0.199587956      -2.78519727E-02  0.345029026    
 J, XGRID,YGRID,RGRID           98  0.200229079      -2.87411064E-02  0.345031440    
 J, XGRID,YGRID,RGRID           99  0.200940281      -2.97274943E-02  0.345034063    
 J, XGRID,YGRID,RGRID          100  0.201729283      -3.08217779E-02  0.345036954    
 J, XGRID,YGRID,RGRID          101  0.202604592      -3.20357531E-02  0.345040202    
 J, XGRID,YGRID,RGRID          102  0.203575641      -3.33825201E-02  0.345043808    
 J, XGRID,YGRID,RGRID          103  0.204652935      -3.48765962E-02  0.345047802    
 J, XGRID,YGRID,RGRID          104  0.205848008      -3.65341008E-02  0.345052183    
 J, XGRID,YGRID,RGRID          105  0.207173824      -3.83729041E-02  0.345057070    
 J, XGRID,YGRID,RGRID          106  0.208644688      -4.04128395E-02  0.345062554    
 J, XGRID,YGRID,RGRID          107  0.210276425      -4.26759087E-02  0.345068574    
 J, XGRID,YGRID,RGRID          108  0.212086663      -4.51865233E-02  0.345075339    
 J, XGRID,YGRID,RGRID          109  0.214094892      -4.79717478E-02  0.345082819    
 J, XGRID,YGRID,RGRID          110  0.216322750      -5.10616302E-02  0.345091075    
 J, XGRID,YGRID,RGRID          111  0.218794346      -5.44894934E-02  0.345100284    

  THE BLADE CENTROID ON THE X-Y SURFACE IS AT X, Y=    0.18095  -0.00642


  THE J VALUE OF THE CENTROID IS J =           63

  THE CENTROID ON THE STREAM SURFACE IS AT  0.180946112       0.00000000    
  THE HUB SECTION CENTROID IS AT  0.180809826       0.00000000    

  AXIAL & RADIAL COORDINATES ON THE SS AFTER STACKING 
  J  , XGRID,RGRID            1  0.149796948      0.345983714    
  J  , XGRID,RGRID            2  0.152211711      0.345869094    
  J  , XGRID,RGRID            3  0.154266715      0.345718980    
  J  , XGRID,RGRID            4  0.156016827      0.345583767    
  J  , XGRID,RGRID            5  0.157507569      0.345469117    
  J  , XGRID,RGRID            6  0.158777311      0.345372409    
  J  , XGRID,RGRID            7  0.159858897      0.345291495    
  J  , XGRID,RGRID            8  0.160780147      0.345223576    
  J  , XGRID,RGRID            9  0.161564827      0.345166594    
  J  , XGRID,RGRID           10  0.162233204      0.345118761    
  J  , XGRID,RGRID           11  0.162802458      0.345078647    
  J  , XGRID,RGRID           12  0.163287356      0.345044822    
  J  , XGRID,RGRID           13  0.163700342      0.345016420    
  J  , XGRID,RGRID           14  0.164052084      0.344992429    
  J  , XGRID,RGRID           15  0.164351717      0.344972253    
  J  , XGRID,RGRID           16  0.164606899      0.344955206    
  J  , XGRID,RGRID           17  0.164824262      0.344940782    
  J  , XGRID,RGRID           18  0.165009379      0.344928533    
  J  , XGRID,RGRID           19  0.165167049      0.344918191    
  J  , XGRID,RGRID           20  0.165301353      0.344909459    
  J  , XGRID,RGRID           21  0.165415719      0.344902009    
  J  , XGRID,RGRID           22  0.165530115      0.344896257    
  J  , XGRID,RGRID           23  0.165649787      0.344890386    
  J  , XGRID,RGRID           24  0.165775120      0.344884336    
  J  , XGRID,RGRID           25  0.165906668      0.344878048    
  J  , XGRID,RGRID           26  0.166044846      0.344871521    
  J  , XGRID,RGRID           27  0.166190177      0.344864815    
  J  , XGRID,RGRID           28  0.166343093      0.344857782    
  J  , XGRID,RGRID           29  0.166504189      0.344850659    
  J  , XGRID,RGRID           30  0.166673809      0.344843179    
  J  , XGRID,RGRID           31  0.166852549      0.344835579    
  J  , XGRID,RGRID           32  0.167040795      0.344827682    
  J  , XGRID,RGRID           33  0.167239144      0.344819695    
  J  , XGRID,RGRID           34  0.167447895      0.344811320    
  J  , XGRID,RGRID           35  0.167667717      0.344802856    
  J  , XGRID,RGRID           36  0.167898878      0.344794214    
  J  , XGRID,RGRID           37  0.168141469      0.344785422    
  J  , XGRID,RGRID           38  0.168396086      0.344776571    
  J  , XGRID,RGRID           39  0.168663293      0.344767630    
  J  , XGRID,RGRID           40  0.168943852      0.344758570    
  J  , XGRID,RGRID           41  0.169238523      0.344749480    
  J  , XGRID,RGRID           42  0.169548139      0.344740421    
  J  , XGRID,RGRID           43  0.169873461      0.344731420    
  J  , XGRID,RGRID           44  0.170215085      0.344722390    
  J  , XGRID,RGRID           45  0.170574248      0.344713628    
  J  , XGRID,RGRID           46  0.170952126      0.344704956    
  J  , XGRID,RGRID           47  0.171350211      0.344696552    
  J  , XGRID,RGRID           48  0.171770021      0.344688475    
  J  , XGRID,RGRID           49  0.172213271      0.344680697    
  J  , XGRID,RGRID           50  0.172685385      0.344673395    
  J  , XGRID,RGRID           51  0.173193127      0.344666541    
  J  , XGRID,RGRID           52  0.173737079      0.344660312    
  J  , XGRID,RGRID           53  0.174316853      0.344655037    
  J  , XGRID,RGRID           54  0.174931005      0.344650716    
  J  , XGRID,RGRID           55  0.175577179      0.344647646    
  J  , XGRID,RGRID           56  0.176252112      0.344646215    
  J  , XGRID,RGRID           57  0.176944733      0.344646066    
  J  , XGRID,RGRID           58  0.177644104      0.344647616    
  J  , XGRID,RGRID           59  0.178346366      0.344650596    
  J  , XGRID,RGRID           60  0.179048508      0.344655126    
  J  , XGRID,RGRID           61  0.179748073      0.344660908    
  J  , XGRID,RGRID           62  0.180443436      0.344667912    
  J  , XGRID,RGRID           63  0.181133643      0.344676048    
  J  , XGRID,RGRID           64  0.181823254      0.344685256    
  J  , XGRID,RGRID           65  0.182515532      0.344695628    
  J  , XGRID,RGRID           66  0.183209807      0.344706923    
  J  , XGRID,RGRID           67  0.183905229      0.344719172    
  J  , XGRID,RGRID           68  0.184600443      0.344732225    
  J  , XGRID,RGRID           69  0.185293868      0.344745994    
  J  , XGRID,RGRID           70  0.185983613      0.344760388    
  J  , XGRID,RGRID           71  0.186663508      0.344775200    
  J  , XGRID,RGRID           72  0.187329710      0.344790161    
  J  , XGRID,RGRID           73  0.187980369      0.344805181    
  J  , XGRID,RGRID           74  0.188614100      0.344820261    
  J  , XGRID,RGRID           75  0.189229697      0.344835073    
  J  , XGRID,RGRID           76  0.189826444      0.344849676    
  J  , XGRID,RGRID           77  0.190403879      0.344864011    
  J  , XGRID,RGRID           78  0.190964147      0.344877958    
  J  , XGRID,RGRID           79  0.191507816      0.344891608    
  J  , XGRID,RGRID           80  0.192034870      0.344904870    
  J  , XGRID,RGRID           81  0.192545235      0.344917625    
  J  , XGRID,RGRID           82  0.193039000      0.344930023    
  J  , XGRID,RGRID           83  0.193516150      0.344941944    
  J  , XGRID,RGRID           84  0.193976671      0.344953299    
  J  , XGRID,RGRID           85  0.194420561      0.344964206    
  J  , XGRID,RGRID           86  0.194847822      0.344974637    
  J  , XGRID,RGRID           87  0.195258453      0.344984531    
  J  , XGRID,RGRID           88  0.195652485      0.344993949    
  J  , XGRID,RGRID           89  0.196029842      0.345002770    
  J  , XGRID,RGRID           90  0.196390584      0.345011145    
  J  , XGRID,RGRID           91  0.196734682      0.345018953    
  J  , XGRID,RGRID           92  0.197078601      0.345020294    
  J  , XGRID,RGRID           93  0.197460145      0.345021755    
  J  , XGRID,RGRID           94  0.197883353      0.345023274    
  J  , XGRID,RGRID           95  0.198352918      0.345025033    
  J  , XGRID,RGRID           96  0.198873803      0.345026940    
  J  , XGRID,RGRID           97  0.199451670      0.345029026    
  J  , XGRID,RGRID           98  0.200092793      0.345031440    
  J  , XGRID,RGRID           99  0.200803995      0.345034063    
  J  , XGRID,RGRID          100  0.201592997      0.345036954    
  J  , XGRID,RGRID          101  0.202468306      0.345040202    
  J  , XGRID,RGRID          102  0.203439355      0.345043808    
  J  , XGRID,RGRID          103  0.204516649      0.345047802    
  J  , XGRID,RGRID          104  0.205711722      0.345052183    
  J  , XGRID,RGRID          105  0.207037538      0.345057070    
  J  , XGRID,RGRID          106  0.208508402      0.345062554    
  J  , XGRID,RGRID          107  0.210140139      0.345068574    
  J  , XGRID,RGRID          108  0.211950377      0.345075339    
  J  , XGRID,RGRID          109  0.213958606      0.345082819    
  J  , XGRID,RGRID          110  0.216186464      0.345091075    
  J  , XGRID,RGRID          111  0.218658060      0.345100284    
  REARRANGED AND SCALED INPUT BLADE SECTION 
  N     XSURF       YSURF 
    1       0.00098   0.00782
    2       0.00140   0.00943
    3       0.00188   0.01100
    4       0.00242   0.01253
    5       0.00301   0.01402
    6       0.00366   0.01548
    7       0.00437   0.01690
    8       0.00513   0.01829
    9       0.00595   0.01964
   10       0.00683   0.02095
   11       0.00776   0.02222
   12       0.00872   0.02348
   13       0.00973   0.02470
   14       0.01079   0.02590
   15       0.01190   0.02706
   16       0.01306   0.02819
   17       0.01427   0.02929
   18       0.01553   0.03036
   19       0.04167   0.04535
   20       0.06781   0.05182
   21       0.09395   0.05327
   22       0.12009   0.05104
   23       0.13939   0.04779
   24       0.15870   0.04280
   25       0.18528   0.03666
   26       0.19730   0.02917
   27       0.21660   0.02053
   28       0.23590   0.01092
   29       0.25520   0.00023
   30       0.27450  -0.01134
   31       0.29380  -0.02389
   32       0.31310  -0.03742
   33       0.33240  -0.05192
   34       0.35170  -0.06746
   35       0.37100  -0.08404
   36       0.39030  -0.10168
   37       0.40960  -0.12039
   38       0.42890  -0.14013
   39       0.44820  -0.16088
   40       0.46750  -0.18260
   41       0.48680  -0.20527
   42       0.50610  -0.22882
   43       0.52540  -0.25327
   44       0.54470  -0.27855
   45       0.56400  -0.30470
   46       0.58330  -0.33163
   47       0.60260  -0.35936
   48       0.62190  -0.38782
   49       0.64120  -0.41702
   50       0.66050  -0.44685
   51       0.67980  -0.47731
   52       0.69910  -0.50832
   53       0.71840  -0.53986
   54       0.73770  -0.57187
   55       0.75700  -0.60433
   56       0.77630  -0.63725
   57       0.79560  -0.67059
   58       0.81490  -0.70437
   59       0.83420  -0.73858
   60       0.85350  -0.77318
   61       0.87280  -0.80817
   62       0.89210  -0.84346
   63       0.91140  -0.87903
   64       0.93071  -0.91480
   65       0.95001  -0.95069
   66       0.95789  -0.96539
   67       0.96578  -0.98011
   68       0.97367  -0.99476
   69       0.98156  -1.00956
   70       0.98945  -1.02429
   71       0.99734  -1.03904
   72       0.99860  -1.04185
   73       0.99948  -1.04481
   74       0.99995  -1.04786
   75       1.00000  -1.05094
   76       0.99963  -1.05400
   77       0.99886  -1.05699
   78       0.99769  -1.05984
   79       0.99614  -1.06251
   80       0.99425  -1.06494
   81       0.99204  -1.06710
   82       0.98957  -1.06894
   83       0.98687  -1.07042
   84       0.98399  -1.07153
   85       0.98099  -1.07224
   86       0.97792  -1.07254
   87       0.97484  -1.07242
   88       0.97180  -1.07188
   89       0.96886  -1.07094
   90       0.96608  -1.06962
   91       0.96350  -1.06792
   92       0.96118  -1.06590
   93       0.95915  -1.06358
   94       0.95762  -1.06157
   95       0.95610  -1.05957
   96       0.95458  -1.05757
   97       0.95305  -1.05557
   98       0.95244  -1.05357
   99       0.95001  -1.05158
  100       0.93071  -1.02648
  101       0.91140  -1.00171
  102       0.89210  -0.97725
  103       0.87280  -0.95309
  104       0.85350  -0.92921
  105       0.83420  -0.90560
  106       0.81490  -0.88227
  107       0.79560  -0.85919
  108       0.77630  -0.83634
  109       0.75700  -0.81374
  110       0.73770  -0.79134
  111       0.71840  -0.76918
  112       0.69910  -0.74723
  113       0.67980  -0.72545
  114       0.66050  -0.70391
  115       0.64120  -0.68254
  116       0.62190  -0.66130
  117       0.59532  -0.64020
  118       0.58330  -0.61929
  119       0.56400  -0.59853
  120       0.54470  -0.57787
  121       0.52540  -0.55730
  122       0.50610  -0.53683
  123       0.48680  -0.51649
  124       0.46750  -0.49620
  125       0.44820  -0.47598
  126       0.42890  -0.45581
  127       0.40960  -0.43570
  128       0.39030  -0.41563
  129       0.37100  -0.39562
  130       0.35170  -0.37568
  131       0.33240  -0.35581
  132       0.31310  -0.33601
  133       0.29380  -0.31629
  134       0.27450  -0.29667
  135       0.25520  -0.27710
  136       0.23590  -0.25759
  137       0.21660  -0.23814
  138       0.19730  -0.21871
  139       0.17800  -0.19931
  140       0.15870  -0.17990
  141       0.13939  -0.16057
  142       0.12009  -0.14131
  143       0.09179  -0.11324
  144       0.06348  -0.08557
  145       0.03517  -0.05778
  146       0.00686  -0.02351
  147       0.00585  -0.02179
  148       0.00491  -0.02006
  149       0.00406  -0.01831
  150       0.00328  -0.01655
  151       0.00258  -0.01477
  152       0.00196  -0.01298
  153       0.00142  -0.01118
  154       0.00098  -0.00935
  155       0.00061  -0.00752
  156       0.00031  -0.00566
  157       0.00011  -0.00379
  158       0.00000  -0.00191
  159       0.00000   0.00000
  160       0.00010   0.00193
  161       0.00029   0.00387
  162       0.00059   0.00577
  COORDINATES GOING ROUND THE BLADE AFTER ANY ROTATION
     N        XSURF        YSURF 
         1     0.00098     0.00782
         2     0.00140     0.00943
         3     0.00188     0.01100
         4     0.00242     0.01253
         5     0.00301     0.01402
         6     0.00366     0.01548
         7     0.00437     0.01690
         8     0.00513     0.01829
         9     0.00595     0.01964
        10     0.00683     0.02095
        11     0.00776     0.02222
        12     0.00872     0.02348
        13     0.00973     0.02470
        14     0.01079     0.02590
        15     0.01190     0.02706
        16     0.01306     0.02819
        17     0.01427     0.02929
        18     0.01553     0.03036
        19     0.04167     0.04535
        20     0.06781     0.05182
        21     0.09395     0.05327
        22     0.12009     0.05104
        23     0.13939     0.04779
        24     0.15870     0.04280
        25     0.18528     0.03666
        26     0.19730     0.02917
        27     0.21660     0.02053
        28     0.23590     0.01092
        29     0.25520     0.00023
        30     0.27450    -0.01134
        31     0.29380    -0.02389
        32     0.31310    -0.03742
        33     0.33240    -0.05192
        34     0.35170    -0.06746
        35     0.37100    -0.08404
        36     0.39030    -0.10168
        37     0.40960    -0.12039
        38     0.42890    -0.14013
        39     0.44820    -0.16088
        40     0.46750    -0.18260
        41     0.48680    -0.20527
        42     0.50610    -0.22882
        43     0.52540    -0.25327
        44     0.54470    -0.27855
        45     0.56400    -0.30470
        46     0.58330    -0.33163
        47     0.60260    -0.35936
        48     0.62190    -0.38782
        49     0.64120    -0.41702
        50     0.66050    -0.44685
        51     0.67980    -0.47731
        52     0.69910    -0.50832
        53     0.71840    -0.53986
        54     0.73770    -0.57187
        55     0.75700    -0.60433
        56     0.77630    -0.63725
        57     0.79560    -0.67059
        58     0.81490    -0.70437
        59     0.83420    -0.73858
        60     0.85350    -0.77318
        61     0.87280    -0.80817
        62     0.89210    -0.84346
        63     0.91140    -0.87903
        64     0.93071    -0.91480
        65     0.95001    -0.95069
        66     0.95789    -0.96539
        67     0.96578    -0.98011
        68     0.97367    -0.99476
        69     0.98156    -1.00956
        70     0.98945    -1.02429
        71     0.99734    -1.03904
        72     0.99860    -1.04185
        73     0.99948    -1.04481
        74     0.99995    -1.04786
        75     1.00000    -1.05094
        76     0.99963    -1.05400
        77     0.99886    -1.05699
        78     0.99769    -1.05984
        79     0.99614    -1.06251
        80     0.99425    -1.06494
        81     0.99204    -1.06710
        82     0.98957    -1.06894
        83     0.98687    -1.07042
        84     0.98399    -1.07153
        85     0.98099    -1.07224
        86     0.97792    -1.07254
        87     0.97484    -1.07242
        88     0.97180    -1.07188
        89     0.96886    -1.07094
        90     0.96608    -1.06962
        91     0.96350    -1.06792
        92     0.96118    -1.06590
        93     0.95915    -1.06358
        94     0.95762    -1.06157
        95     0.95610    -1.05957
        96     0.95458    -1.05757
        97     0.95305    -1.05557
        98     0.95244    -1.05357
        99     0.95001    -1.05158
       100     0.93071    -1.02648
       101     0.91140    -1.00171
       102     0.89210    -0.97725
       103     0.87280    -0.95309
       104     0.85350    -0.92921
       105     0.83420    -0.90560
       106     0.81490    -0.88227
       107     0.79560    -0.85919
       108     0.77630    -0.83634
       109     0.75700    -0.81374
       110     0.73770    -0.79134
       111     0.71840    -0.76918
       112     0.69910    -0.74723
       113     0.67980    -0.72545
       114     0.66050    -0.70391
       115     0.64120    -0.68254
       116     0.62190    -0.66130
       117     0.59532    -0.64020
       118     0.58330    -0.61929
       119     0.56400    -0.59853
       120     0.54470    -0.57787
       121     0.52540    -0.55730
       122     0.50610    -0.53683
       123     0.48680    -0.51649
       124     0.46750    -0.49620
       125     0.44820    -0.47598
       126     0.42890    -0.45581
       127     0.40960    -0.43570
       128     0.39030    -0.41563
       129     0.37100    -0.39562
       130     0.35170    -0.37568
       131     0.33240    -0.35581
       132     0.31310    -0.33601
       133     0.29380    -0.31629
       134     0.27450    -0.29667
       135     0.25520    -0.27710
       136     0.23590    -0.25759
       137     0.21660    -0.23814
       138     0.19730    -0.21871
       139     0.17800    -0.19931
       140     0.15870    -0.17990
       141     0.13939    -0.16057
       142     0.12009    -0.14131
       143     0.09179    -0.11324
       144     0.06348    -0.08557
       145     0.03517    -0.05778
       146     0.00686    -0.02351
       147     0.00585    -0.02179
       148     0.00491    -0.02006
       149     0.00406    -0.01831
       150     0.00328    -0.01655
       151     0.00258    -0.01477
       152     0.00196    -0.01298
       153     0.00142    -0.01118
       154     0.00098    -0.00935
       155     0.00061    -0.00752
       156     0.00031    -0.00566
       157     0.00011    -0.00379
       158     0.00000    -0.00191
       159     0.00000     0.00000
       160     0.00010     0.00193
       161     0.00029     0.00387
       162     0.00059     0.00577
  LEADING EDGE POINT =          159  TE POINT =          75

  NO OF SUCT S POINTS          79  NO PRESS S POINTS          85
  XMIN,XMAX, XCHORD     0.00000000       1.00000000       1.00000000    

   SUCTION SURFACE POINTS FROM LE TO TE.
         1     0.00000     0.00000
         2     0.00010     0.00193
         3     0.00029     0.00387
         4     0.00059     0.00577
         5     0.00098     0.00782
         6     0.00140     0.00943
         7     0.00188     0.01100
         8     0.00242     0.01253
         9     0.00301     0.01402
        10     0.00366     0.01548
        11     0.00437     0.01690
        12     0.00513     0.01829
        13     0.00595     0.01964
        14     0.00683     0.02095
        15     0.00776     0.02222
        16     0.00872     0.02348
        17     0.00973     0.02470
        18     0.01079     0.02590
        19     0.01190     0.02706
        20     0.01306     0.02819
        21     0.01427     0.02929
        22     0.01553     0.03036
        23     0.04167     0.04535
        24     0.06781     0.05182
        25     0.09395     0.05327
        26     0.12009     0.05104
        27     0.13939     0.04779
        28     0.15870     0.04280
        29     0.18528     0.03666
        30     0.19730     0.02917
        31     0.21660     0.02053
        32     0.23590     0.01092
        33     0.25520     0.00023
        34     0.27450    -0.01134
        35     0.29380    -0.02389
        36     0.31310    -0.03742
        37     0.33240    -0.05192
        38     0.35170    -0.06746
        39     0.37100    -0.08404
        40     0.39030    -0.10168
        41     0.40960    -0.12039
        42     0.42890    -0.14013
        43     0.44820    -0.16088
        44     0.46750    -0.18260
        45     0.48680    -0.20527
        46     0.50610    -0.22882
        47     0.52540    -0.25327
        48     0.54470    -0.27855
        49     0.56400    -0.30470
        50     0.58330    -0.33163
        51     0.60260    -0.35936
        52     0.62190    -0.38782
        53     0.64120    -0.41702
        54     0.66050    -0.44685
        55     0.67980    -0.47731
        56     0.69910    -0.50832
        57     0.71840    -0.53986
        58     0.73770    -0.57187
        59     0.75700    -0.60433
        60     0.77630    -0.63725
        61     0.79560    -0.67059
        62     0.81490    -0.70437
        63     0.83420    -0.73858
        64     0.85350    -0.77318
        65     0.87280    -0.80817
        66     0.89210    -0.84346
        67     0.91140    -0.87903
        68     0.93071    -0.91480
        69     0.95001    -0.95069
        70     0.95789    -0.96539
        71     0.96578    -0.98011
        72     0.97367    -0.99476
        73     0.98156    -1.00956
        74     0.98945    -1.02429
        75     0.99734    -1.03904
        76     0.99860    -1.04185
        77     0.99948    -1.04481
        78     0.99995    -1.04786
        79     1.00000    -1.05094

   PRESSURE SURFACE POINTS FROM LE TO TE.
         1     0.00000     0.00000
         2     0.00000    -0.00191
         3     0.00011    -0.00379
         4     0.00031    -0.00566
         5     0.00061    -0.00752
         6     0.00098    -0.00935
         7     0.00142    -0.01118
         8     0.00196    -0.01298
         9     0.00258    -0.01477
        10     0.00328    -0.01655
        11     0.00406    -0.01831
        12     0.00491    -0.02006
        13     0.00585    -0.02179
        14     0.00686    -0.02351
        15     0.03517    -0.05778
        16     0.06348    -0.08557
        17     0.09179    -0.11324
        18     0.12009    -0.14131
        19     0.13939    -0.16057
        20     0.15870    -0.17990
        21     0.17800    -0.19931
        22     0.19730    -0.21871
        23     0.21660    -0.23814
        24     0.23590    -0.25759
        25     0.25520    -0.27710
        26     0.27450    -0.29667
        27     0.29380    -0.31629
        28     0.31310    -0.33601
        29     0.33240    -0.35581
        30     0.35170    -0.37568
        31     0.37100    -0.39562
        32     0.39030    -0.41563
        33     0.40960    -0.43570
        34     0.42890    -0.45581
        35     0.44820    -0.47598
        36     0.46750    -0.49620
        37     0.48680    -0.51649
        38     0.50610    -0.53683
        39     0.52540    -0.55730
        40     0.54470    -0.57787
        41     0.56400    -0.59853
        42     0.58330    -0.61929
        43     0.59532    -0.64020
        44     0.62190    -0.66130
        45     0.64120    -0.68254
        46     0.66050    -0.70391
        47     0.67980    -0.72545
        48     0.69910    -0.74723
        49     0.71840    -0.76918
        50     0.73770    -0.79134
        51     0.75700    -0.81374
        52     0.77630    -0.83634
        53     0.79560    -0.85919
        54     0.81490    -0.88227
        55     0.83420    -0.90560
        56     0.85350    -0.92921
        57     0.87280    -0.95309
        58     0.89210    -0.97725
        59     0.91140    -1.00171
        60     0.93071    -1.02648
        61     0.95001    -1.05158
        62     0.95244    -1.05357
        63     0.95305    -1.05557
        64     0.95458    -1.05757
        65     0.95610    -1.05957
        66     0.95762    -1.06157
        67     0.95915    -1.06358
        68     0.96118    -1.06590
        69     0.96350    -1.06792
        70     0.96608    -1.06962
        71     0.96886    -1.07094
        72     0.97180    -1.07188
        73     0.97484    -1.07242
        74     0.97792    -1.07254
        75     0.98099    -1.07224
        76     0.98399    -1.07153
        77     0.98687    -1.07042
        78     0.98957    -1.06894
        79     0.99204    -1.06710
        80     0.99425    -1.06494
        81     0.99614    -1.06251
        82     0.99769    -1.05984
        83     0.99886    -1.05699
        84     0.99963    -1.05400
        85     1.00000    -1.05094
  POINTS ON THE BLADE TO BE USED FOR PLOTTING 
  AND FINAL INTERPOLATION 
  N           X          YUP        YLOW        THICK 
    1      0.0000      0.0000     -0.0000      0.0000
    2      0.0001      0.0013     -0.0029      0.0042
    3      0.0002      0.0035     -0.0051      0.0085
    4      0.0006      0.0056     -0.0072      0.0128
    5      0.0010      0.0079     -0.0094      0.0173
    6      0.0016      0.0099     -0.0116      0.0216
    7      0.0022      0.0120     -0.0138      0.0258
    8      0.0030      0.0141     -0.0160      0.0301
    9      0.0040      0.0161     -0.0181      0.0343
   10      0.0050      0.0181     -0.0203      0.0384
   11      0.0062      0.0200     -0.0224      0.0425
   12      0.0075      0.0219     -0.0243      0.0462
   13      0.0089      0.0237     -0.0260      0.0498
   14      0.0105      0.0256     -0.0279      0.0535
   15      0.0122      0.0273     -0.0299      0.0572
   16      0.0140      0.0290     -0.0321      0.0611
   17      0.0159      0.0305     -0.0344      0.0649
   18      0.0179      0.0317     -0.0369      0.0686
   19      0.0201      0.0329     -0.0395      0.0724
   20      0.0223      0.0343     -0.0422      0.0765
   21      0.0247      0.0356     -0.0451      0.0807
   22      0.0272      0.0371     -0.0482      0.0852
   23      0.0299      0.0386     -0.0513      0.0899
   24      0.0326      0.0401     -0.0547      0.0948
   25      0.0355      0.0418     -0.0581      0.0998
   26      0.0384      0.0435     -0.0610      0.1045
   27      0.0415      0.0453     -0.0640      0.1093
   28      0.0447      0.0461     -0.0672      0.1133
   29      0.0481      0.0469     -0.0704      0.1174
   30      0.0515      0.0478     -0.0738      0.1216
   31      0.0550      0.0487     -0.0773      0.1259
   32      0.0587      0.0496     -0.0809      0.1304
   33      0.0625      0.0505     -0.0846      0.1351
   34      0.0663      0.0515     -0.0884      0.1398
   35      0.0703      0.0520     -0.0923      0.1442
   36      0.0744      0.0522     -0.0963      0.1484
   37      0.0786      0.0524     -0.1004      0.1528
   38      0.0829      0.0527     -0.1046      0.1572
   39      0.0873      0.0529     -0.1089      0.1618
   40      0.0918      0.0532     -0.1133      0.1664
   41      0.0964      0.0531     -0.1178      0.1709
   42      0.1011      0.0527     -0.1225      0.1752
   43      0.1059      0.0522     -0.1273      0.1795
   44      0.1108      0.0518     -0.1321      0.1840
   45      0.1159      0.0514     -0.1371      0.1885
   46      0.1210      0.0509     -0.1422      0.1931
   47      0.1261      0.0500     -0.1473      0.1974
   48      0.1314      0.0491     -0.1526      0.2018
   49      0.1368      0.0482     -0.1580      0.2062
   50      0.1423      0.0470     -0.1635      0.2105
   51      0.1478      0.0456     -0.1690      0.2146
   52      0.1535      0.0441     -0.1747      0.2188
   53      0.1592      0.0427     -0.1804      0.2231
   54      0.1650      0.0413     -0.1863      0.2276
   55      0.1709      0.0400     -0.1922      0.2322
   56      0.1769      0.0386     -0.1982      0.2368
   57      0.1830      0.0372     -0.2043      0.2415
   58      0.1891      0.0343     -0.2105      0.2448
   59      0.1954      0.0304     -0.2168      0.2471
   60      0.2017      0.0272     -0.2231      0.2503
   61      0.2080      0.0244     -0.2295      0.2539
   62      0.2145      0.0215     -0.2360      0.2575
   63      0.2210      0.0183     -0.2426      0.2609
   64      0.2276      0.0151     -0.2492      0.2643
   65      0.2342      0.0118     -0.2559      0.2677
   66      0.2409      0.0081     -0.2627      0.2708
   67      0.2477      0.0044     -0.2695      0.2739
   68      0.2546      0.0006     -0.2765      0.2770
   69      0.2615     -0.0035     -0.2835      0.2799
   70      0.2684     -0.0077     -0.2905      0.2828
   71      0.2755     -0.0120     -0.2977      0.2857
   72      0.2826     -0.0166     -0.3049      0.2883
   73      0.2897     -0.0212     -0.3121      0.2909
   74      0.2969     -0.0260     -0.3194      0.2934
   75      0.3041     -0.0311     -0.3268      0.2957
   76      0.3114     -0.0362     -0.3343      0.2980
   77      0.3187     -0.0417     -0.3418      0.3001
   78      0.3261     -0.0472     -0.3494      0.3022
   79      0.3335     -0.0528     -0.3570      0.3041
   80      0.3410     -0.0588     -0.3647      0.3058
   81      0.3485     -0.0649     -0.3724      0.3075
   82      0.3560     -0.0712     -0.3802      0.3090
   83      0.3636     -0.0777     -0.3880      0.3103
   84      0.3712     -0.0842     -0.3959      0.3116
   85      0.3789     -0.0912     -0.4038      0.3125
   86      0.3865     -0.0982     -0.4117      0.3135
   87      0.3942     -0.1055     -0.4197      0.3142
   88      0.4020     -0.1130     -0.4278      0.3148
   89      0.4097     -0.1205     -0.4358      0.3153
   90      0.4175     -0.1285     -0.4439      0.3155
   91      0.4253     -0.1364     -0.4521      0.3156
   92      0.4331     -0.1447     -0.4602      0.3156
   93      0.4409     -0.1531     -0.4684      0.3153
   94      0.4488     -0.1615     -0.4766      0.3150
   95      0.4566     -0.1704     -0.4848      0.3144
   96      0.4645     -0.1792     -0.4931      0.3138
   97      0.4724     -0.1883     -0.5013      0.3130
   98      0.4803     -0.1976     -0.5096      0.3120
   99      0.4882     -0.2069     -0.5179      0.3110
  100      0.4961     -0.2166     -0.5262      0.3097
  101      0.5039     -0.2262     -0.5346      0.3084
  102      0.5118     -0.2361     -0.5429      0.3068
  103      0.5197     -0.2461     -0.5513      0.3052
  104      0.5276     -0.2562     -0.5597      0.3035
  105      0.5355     -0.2665     -0.5681      0.3016
  106      0.5434     -0.2768     -0.5764      0.2996
  107      0.5512     -0.2874     -0.5848      0.2975
  108      0.5591     -0.2980     -0.5932      0.2952
  109      0.5669     -0.3087     -0.6016      0.2929
  110      0.5747     -0.3196     -0.6100      0.2904
  111      0.5825     -0.3305     -0.6184      0.2879
  112      0.5903     -0.3417     -0.6314      0.2898
  113      0.5980     -0.3528     -0.6424      0.2896
  114      0.6058     -0.3640     -0.6485      0.2845
  115      0.6135     -0.3754     -0.6546      0.2792
  116      0.6211     -0.3867     -0.6607      0.2740
  117      0.6288     -0.3982     -0.6689      0.2706
  118      0.6364     -0.4097     -0.6772      0.2675
  119      0.6440     -0.4213     -0.6856      0.2643
  120      0.6515     -0.4329     -0.6939      0.2610
  121      0.6590     -0.4445     -0.7023      0.2577
  122      0.6665     -0.4563     -0.7106      0.2543
  123      0.6739     -0.4680     -0.7189      0.2509
  124      0.6813     -0.4797     -0.7271      0.2474
  125      0.6886     -0.4915     -0.7354      0.2439
  126      0.6959     -0.5032     -0.7436      0.2404
  127      0.7031     -0.5149     -0.7518      0.2369
  128      0.7103     -0.5266     -0.7600      0.2333
  129      0.7174     -0.5383     -0.7681      0.2298
  130      0.7245     -0.5500     -0.7762      0.2262
  131      0.7316     -0.5617     -0.7843      0.2226
  132      0.7385     -0.5732     -0.7923      0.2190
  133      0.7454     -0.5849     -0.8003      0.2154
  134      0.7523     -0.5964     -0.8083      0.2119
  135      0.7591     -0.6078     -0.8161      0.2083
  136      0.7658     -0.6193     -0.8240      0.2047
  137      0.7724     -0.6307     -0.8318      0.2012
  138      0.7790     -0.6419     -0.8396      0.1976
  139      0.7855     -0.6532     -0.8473      0.1941
  140      0.7920     -0.6643     -0.8549      0.1906
  141      0.7983     -0.6754     -0.8625      0.1871
  142      0.8046     -0.6864     -0.8700      0.1836
  143      0.8109     -0.6973     -0.8774      0.1801
  144      0.8170     -0.7081     -0.8848      0.1767
  145      0.8231     -0.7188     -0.8921      0.1733
  146      0.8291     -0.7295     -0.8994      0.1699
  147      0.8350     -0.7399     -0.9065      0.1666
  148      0.8408     -0.7504     -0.9136      0.1633
  149      0.8465     -0.7606     -0.9207      0.1600
  150      0.8522     -0.7708     -0.9276      0.1568
  151      0.8577     -0.7808     -0.9344      0.1536
  152      0.8632     -0.7907     -0.9412      0.1505
  153      0.8686     -0.8005     -0.9478      0.1474
  154      0.8739     -0.8101     -0.9544      0.1443
  155      0.8790     -0.8196     -0.9609      0.1413
  156      0.8841     -0.8289     -0.9673      0.1384
  157      0.8892     -0.8381     -0.9736      0.1355
  158      0.8941     -0.8471     -0.9797      0.1327
  159      0.8989     -0.8559     -0.9858      0.1299
  160      0.9036     -0.8646     -0.9918      0.1272
  161      0.9082     -0.8731     -0.9976      0.1245
  162      0.9127     -0.8814     -1.0034      0.1219
  163      0.9171     -0.8896     -1.0090      0.1194
  164      0.9214     -0.8976     -1.0145      0.1170
  165      0.9256     -0.9053     -1.0199      0.1146
  166      0.9297     -0.9129     -1.0252      0.1123
  167      0.9337     -0.9203     -1.0303      0.1100
  168      0.9375     -0.9275     -1.0354      0.1079
  169      0.9413     -0.9345     -1.0403      0.1058
  170      0.9450     -0.9413     -1.0450      0.1037
  171      0.9485     -0.9479     -1.0496      0.1017
  172      0.9519     -0.9543     -1.0532      0.0989
  173      0.9553     -0.9605     -1.0585      0.0980
  174      0.9585     -0.9665     -1.0627      0.0962
  175      0.9616     -0.9722     -1.0662      0.0940
  176      0.9645     -0.9778     -1.0686      0.0908
  177      0.9674     -0.9831     -1.0702      0.0871
  178      0.9701     -0.9882     -1.0714      0.0831
  179      0.9728     -0.9931     -1.0721      0.0790
  180      0.9753     -0.9978     -1.0724      0.0747
  181      0.9777     -1.0023     -1.0725      0.0703
  182      0.9799     -1.0065     -1.0723      0.0658
  183      0.9821     -1.0106     -1.0720      0.0614
  184      0.9841     -1.0144     -1.0715      0.0571
  185      0.9860     -1.0179     -1.0707      0.0528
  186      0.9878     -1.0213     -1.0699      0.0486
  187      0.9895     -1.0244     -1.0690      0.0446
  188      0.9911     -1.0273     -1.0678      0.0405
  189      0.9925     -1.0300     -1.0667      0.0367
  190      0.9938     -1.0324     -1.0654      0.0330
  191      0.9950     -1.0346     -1.0640      0.0294
  192      0.9960     -1.0366     -1.0627      0.0261
  193      0.9970     -1.0383     -1.0611      0.0228
  194      0.9978     -1.0400     -1.0597      0.0197
  195      0.9984     -1.0415     -1.0580      0.0165
  196      0.9990     -1.0432     -1.0564      0.0132
  197      0.9994     -1.0447     -1.0548      0.0101
  198      0.9998     -1.0466     -1.0530      0.0065
  199      0.9999     -1.0478     -1.0515      0.0037
  200      1.0000     -1.0509     -1.0509      0.0000
 GRID EXPANSION RATIO UP=    1.17411 DOWN =    1.12096
  AXIAL,TANGENTIAL AND RADIAL COORDINATES ON THE STREAM
  SURFACE BEFORE TRANSFORMING TO R-THETA COORDINATES 
 J, XGRID,YGRID,RGRID            1  0.153242335       2.94365524E-03  0.380823731    
 J, XGRID,YGRID,RGRID            2  0.155428454       2.48550344E-03  0.380954236    
 J, XGRID,YGRID,RGRID            3  0.157293007       2.09529186E-03  0.381037474    
 J, XGRID,YGRID,RGRID            4  0.158881560       1.76294544E-03  0.381094277    
 J, XGRID,YGRID,RGRID            5  0.160234913       1.47988298E-03  0.381132632    
 J, XGRID,YGRID,RGRID            6  0.161387742       1.23879639E-03  0.381157994    
 J, XGRID,YGRID,RGRID            7  0.162369579       1.03346084E-03  0.381172359    
 J, XGRID,YGRID,RGRID            8  0.163205892       8.58574815E-04  0.381180882    
 J, XGRID,YGRID,RGRID            9  0.163918257       7.09622982E-04  0.381185830    
 J, XGRID,YGRID,RGRID           10  0.164525017       5.82759385E-04  0.381188363    
 J, XGRID,YGRID,RGRID           11  0.165041775       4.74708591E-04  0.381189346    
 J, XGRID,YGRID,RGRID           12  0.165481970       3.82680824E-04  0.381189436    
 J, XGRID,YGRID,RGRID           13  0.165856853       3.04299989E-04  0.381188929    
 J, XGRID,YGRID,RGRID           14  0.166176185       2.37542350E-04  0.381188154    
 J, XGRID,YGRID,RGRID           15  0.166448146       1.80684336E-04  0.381187230    
 J, XGRID,YGRID,RGRID           16  0.166679800       1.32257861E-04  0.381186247    
 J, XGRID,YGRID,RGRID           17  0.166877136       9.10126182E-05  0.381185293    
 J, XGRID,YGRID,RGRID           18  0.167045161       5.58836982E-05  0.381184340    
 J, XGRID,YGRID,RGRID           19  0.167188257       2.59641038E-05  0.381183445    
 J, XGRID,YGRID,RGRID           20  0.167310178       4.81329266E-07  0.381182700    
 J, XGRID,YGRID,RGRID           21  0.167413995      -2.12225641E-05  0.381181985    
 J, XGRID,YGRID,RGRID           22  0.167517811       4.38691583E-04  0.381182075    
 J, XGRID,YGRID,RGRID           23  0.167626336       6.19776780E-04  0.381182164    
 J, XGRID,YGRID,RGRID           24  0.167739987       7.55370304E-04  0.381182134    
 J, XGRID,YGRID,RGRID           25  0.167859331       8.62971880E-04  0.381182224    
 J, XGRID,YGRID,RGRID           26  0.167984679       9.35564050E-04  0.381182283    
 J, XGRID,YGRID,RGRID           27  0.168116510       1.01120060E-03  0.381182313    
 J, XGRID,YGRID,RGRID           28  0.168255225       1.09080237E-03  0.381182313    
 J, XGRID,YGRID,RGRID           29  0.168401316       1.17462047E-03  0.381182343    
 J, XGRID,YGRID,RGRID           30  0.168555170       1.26458949E-03  0.381182253    
 J, XGRID,YGRID,RGRID           31  0.168717265       1.31633668E-03  0.381182283    
 J, XGRID,YGRID,RGRID           32  0.168887973       1.35852199E-03  0.381182164    
 J, XGRID,YGRID,RGRID           33  0.169067800       1.40304409E-03  0.381182104    
 J, XGRID,YGRID,RGRID           34  0.169257179       1.45072734E-03  0.381181955    
 J, XGRID,YGRID,RGRID           35  0.169456482       1.47687353E-03  0.381181777    
 J, XGRID,YGRID,RGRID           36  0.169666126       1.48794241E-03  0.381181598    
 J, XGRID,YGRID,RGRID           37  0.169886082       1.50013133E-03  0.381181359    
 J, XGRID,YGRID,RGRID           38  0.170116916       1.50628109E-03  0.381180942    
 J, XGRID,YGRID,RGRID           39  0.170359194       1.48683833E-03  0.381180614    
 J, XGRID,YGRID,RGRID           40  0.170613572       1.46524038E-03  0.381180197    
 J, XGRID,YGRID,RGRID           41  0.170880675       1.43786089E-03  0.381179661    
 J, XGRID,YGRID,RGRID           42  0.171161383       1.39023154E-03  0.381179124    
 J, XGRID,YGRID,RGRID           43  0.171456277       1.33251073E-03  0.381178439    
 J, XGRID,YGRID,RGRID           44  0.171765953       1.25230220E-03  0.381177604    
 J, XGRID,YGRID,RGRID           45  0.172091454       1.17296888E-03  0.381176770    
 J, XGRID,YGRID,RGRID           46  0.172433957       1.09393254E-03  0.381175727    
 J, XGRID,YGRID,RGRID           47  0.172794685       9.61355283E-04  0.381174594    
 J, XGRID,YGRID,RGRID           48  0.173175141       7.52399967E-04  0.381173253    
 J, XGRID,YGRID,RGRID           49  0.173576817       5.71003649E-04  0.381171763    
 J, XGRID,YGRID,RGRID           50  0.174004585       3.59599188E-04  0.381170213    
 J, XGRID,YGRID,RGRID           51  0.174464673       1.10144414E-04  0.381168336    
 J, XGRID,YGRID,RGRID           52  0.174957469      -1.76880218E-04  0.381166160    
 J, XGRID,YGRID,RGRID           53  0.175482661      -5.06152574E-04  0.381163716    
 J, XGRID,YGRID,RGRID           54  0.176038980      -8.82899214E-04  0.381160945    
 J, XGRID,YGRID,RGRID           55  0.176624343      -1.30973198E-03  0.381158054    
 J, XGRID,YGRID,RGRID           56  0.177235529      -1.78991666E-03  0.381154656    
 J, XGRID,YGRID,RGRID           57  0.177862853      -2.32050987E-03  0.381151170    
 J, XGRID,YGRID,RGRID           58  0.178496167      -2.89849867E-03  0.381147444    
 J, XGRID,YGRID,RGRID           59  0.179132044      -3.51764681E-03  0.381143600    
 J, XGRID,YGRID,RGRID           60  0.179767817      -4.17824509E-03  0.381139666    
 J, XGRID,YGRID,RGRID           61  0.180401206      -4.87338938E-03  0.381135643    
 J, XGRID,YGRID,RGRID           62  0.181030735      -5.59958117E-03  0.381131470    
 J, XGRID,YGRID,RGRID           63  0.181655541      -6.35296432E-03  0.381127268    
 J, XGRID,YGRID,RGRID           64  0.182279840      -7.13999756E-03  0.381123096    
 J, XGRID,YGRID,RGRID           65  0.182906449      -7.96096493E-03  0.381118745    
 J, XGRID,YGRID,RGRID           66  0.183534831      -8.81658029E-03  0.381114393    
 J, XGRID,YGRID,RGRID           67  0.184164256      -9.70369112E-03  0.381109983    
 J, XGRID,YGRID,RGRID           68  0.184793487      -1.06187733E-02  0.381105632    
 J, XGRID,YGRID,RGRID           69  0.185421109      -1.15582468E-02  0.381101251    
 J, XGRID,YGRID,RGRID           70  0.186045304      -1.25170136E-02  0.381096870    
 J, XGRID,YGRID,RGRID           71  0.186660588      -1.34856766E-02  0.381092668    
 J, XGRID,YGRID,RGRID           72  0.187263459      -1.44543359E-02  0.381088495    
 J, XGRID,YGRID,RGRID           73  0.187852278      -1.54173737E-02  0.381084502    
 J, XGRID,YGRID,RGRID           74  0.188425735      -1.63703412E-02  0.381080627    
 J, XGRID,YGRID,RGRID           75  0.188982785      -1.73099134E-02  0.381076902    
 J, XGRID,YGRID,RGRID           76  0.189522773      -1.82331689E-02  0.381073445    
 J, XGRID,YGRID,RGRID           77  0.190045327      -1.91373322E-02  0.381070167    
 J, XGRID,YGRID,RGRID           78  0.190552279      -2.00255346E-02  0.381066978    
 J, XGRID,YGRID,RGRID           79  0.191044226      -2.08971761E-02  0.381063998    
 J, XGRID,YGRID,RGRID           80  0.191521093      -2.17514206E-02  0.381061167    
 J, XGRID,YGRID,RGRID           81  0.191982985      -2.25869045E-02  0.381058514    
 J, XGRID,YGRID,RGRID           82  0.192429736      -2.34010369E-02  0.381055951    
 J, XGRID,YGRID,RGRID           83  0.192861483      -2.41925810E-02  0.381053567    
 J, XGRID,YGRID,RGRID           84  0.193278223      -2.49609333E-02  0.381051481    
 J, XGRID,YGRID,RGRID           85  0.193679899      -2.57051010E-02  0.381049395    
 J, XGRID,YGRID,RGRID           86  0.194066495      -2.64232792E-02  0.381047487    
 J, XGRID,YGRID,RGRID           87  0.194438100      -2.71146335E-02  0.381045759    
 J, XGRID,YGRID,RGRID           88  0.194794655      -2.77794991E-02  0.381044149    
 J, XGRID,YGRID,RGRID           89  0.195136145      -2.84157991E-02  0.381042600    
 J, XGRID,YGRID,RGRID           90  0.195462584      -2.90265903E-02  0.381041259    
 J, XGRID,YGRID,RGRID           91  0.195774004      -2.98047103E-02  0.381040007    
 J, XGRID,YGRID,RGRID           92  0.196085408      -3.02582532E-02  0.381041616    
 J, XGRID,YGRID,RGRID           93  0.196434498      -3.07664443E-02  0.381043434    
 J, XGRID,YGRID,RGRID           94  0.196825787      -3.13361064E-02  0.381045580    
 J, XGRID,YGRID,RGRID           95  0.197264418      -3.19746733E-02  0.381047904    
 J, XGRID,YGRID,RGRID           96  0.197756112      -3.26904766E-02  0.381050587    
 J, XGRID,YGRID,RGRID           97  0.198307276      -3.34928632E-02  0.381053597    
 J, XGRID,YGRID,RGRID           98  0.198925108      -3.43923010E-02  0.381056994    
 J, XGRID,YGRID,RGRID           99  0.199617669      -3.54005359E-02  0.381060749    
 J, XGRID,YGRID,RGRID          100  0.200394019      -3.65307257E-02  0.381064981    
 J, XGRID,YGRID,RGRID          101  0.201264247      -3.77976187E-02  0.381069630    
 J, XGRID,YGRID,RGRID          102  0.202239752      -3.92177515E-02  0.381074756    
 J, XGRID,YGRID,RGRID          103  0.203333214      -4.08096611E-02  0.381080210    
 J, XGRID,YGRID,RGRID          104  0.204558969      -4.25941236E-02  0.381085962    
 J, XGRID,YGRID,RGRID          105  0.205932975      -4.45944257E-02  0.381091803    
 J, XGRID,YGRID,RGRID          106  0.207473159      -4.68366779E-02  0.381097406    
 J, XGRID,YGRID,RGRID          107  0.209199667      -4.93501499E-02  0.381102324    
 J, XGRID,YGRID,RGRID          108  0.211134985      -5.21676429E-02  0.381105632    
 J, XGRID,YGRID,RGRID          109  0.213304386      -5.53259328E-02  0.381106168    
 J, XGRID,YGRID,RGRID          110  0.215736166      -5.88662438E-02  0.381102055    
 J, XGRID,YGRID,RGRID          111  0.218462035      -6.28347769E-02  0.381090373    

  THE BLADE CENTROID ON THE X-Y SURFACE IS AT X, Y=    0.18093  -0.01098


  THE J VALUE OF THE CENTROID IS J =           62

  THE CENTROID ON THE STREAM SURFACE IS AT  0.180927172       0.00000000    
  THE HUB SECTION CENTROID IS AT  0.180809826       0.00000000    

  AXIAL & RADIAL COORDINATES ON THE SS AFTER STACKING 
  J  , XGRID,RGRID            1  0.153124988      0.380823731    
  J  , XGRID,RGRID            2  0.155311108      0.380954236    
  J  , XGRID,RGRID            3  0.157175660      0.381037474    
  J  , XGRID,RGRID            4  0.158764213      0.381094277    
  J  , XGRID,RGRID            5  0.160117567      0.381132632    
  J  , XGRID,RGRID            6  0.161270395      0.381157994    
  J  , XGRID,RGRID            7  0.162252232      0.381172359    
  J  , XGRID,RGRID            8  0.163088545      0.381180882    
  J  , XGRID,RGRID            9  0.163800910      0.381185830    
  J  , XGRID,RGRID           10  0.164407670      0.381188363    
  J  , XGRID,RGRID           11  0.164924428      0.381189346    
  J  , XGRID,RGRID           12  0.165364623      0.381189436    
  J  , XGRID,RGRID           13  0.165739506      0.381188929    
  J  , XGRID,RGRID           14  0.166058838      0.381188154    
  J  , XGRID,RGRID           15  0.166330799      0.381187230    
  J  , XGRID,RGRID           16  0.166562453      0.381186247    
  J  , XGRID,RGRID           17  0.166759789      0.381185293    
  J  , XGRID,RGRID           18  0.166927814      0.381184340    
  J  , XGRID,RGRID           19  0.167070910      0.381183445    
  J  , XGRID,RGRID           20  0.167192832      0.381182700    
  J  , XGRID,RGRID           21  0.167296648      0.381181985    
  J  , XGRID,RGRID           22  0.167400464      0.381182075    
  J  , XGRID,RGRID           23  0.167508990      0.381182164    
  J  , XGRID,RGRID           24  0.167622641      0.381182134    
  J  , XGRID,RGRID           25  0.167741984      0.381182224    
  J  , XGRID,RGRID           26  0.167867333      0.381182283    
  J  , XGRID,RGRID           27  0.167999163      0.381182313    
  J  , XGRID,RGRID           28  0.168137878      0.381182313    
  J  , XGRID,RGRID           29  0.168283969      0.381182343    
  J  , XGRID,RGRID           30  0.168437824      0.381182253    
  J  , XGRID,RGRID           31  0.168599918      0.381182283    
  J  , XGRID,RGRID           32  0.168770626      0.381182164    
  J  , XGRID,RGRID           33  0.168950453      0.381182104    
  J  , XGRID,RGRID           34  0.169139832      0.381181955    
  J  , XGRID,RGRID           35  0.169339135      0.381181777    
  J  , XGRID,RGRID           36  0.169548780      0.381181598    
  J  , XGRID,RGRID           37  0.169768736      0.381181359    
  J  , XGRID,RGRID           38  0.169999570      0.381180942    
  J  , XGRID,RGRID           39  0.170241848      0.381180614    
  J  , XGRID,RGRID           40  0.170496225      0.381180197    
  J  , XGRID,RGRID           41  0.170763329      0.381179661    
  J  , XGRID,RGRID           42  0.171044037      0.381179124    
  J  , XGRID,RGRID           43  0.171338931      0.381178439    
  J  , XGRID,RGRID           44  0.171648607      0.381177604    
  J  , XGRID,RGRID           45  0.171974108      0.381176770    
  J  , XGRID,RGRID           46  0.172316611      0.381175727    
  J  , XGRID,RGRID           47  0.172677338      0.381174594    
  J  , XGRID,RGRID           48  0.173057795      0.381173253    
  J  , XGRID,RGRID           49  0.173459470      0.381171763    
  J  , XGRID,RGRID           50  0.173887238      0.381170213    
  J  , XGRID,RGRID           51  0.174347326      0.381168336    
  J  , XGRID,RGRID           52  0.174840122      0.381166160    
  J  , XGRID,RGRID           53  0.175365314      0.381163716    
  J  , XGRID,RGRID           54  0.175921634      0.381160945    
  J  , XGRID,RGRID           55  0.176506996      0.381158054    
  J  , XGRID,RGRID           56  0.177118182      0.381154656    
  J  , XGRID,RGRID           57  0.177745506      0.381151170    
  J  , XGRID,RGRID           58  0.178378820      0.381147444    
  J  , XGRID,RGRID           59  0.179014698      0.381143600    
  J  , XGRID,RGRID           60  0.179650471      0.381139666    
  J  , XGRID,RGRID           61  0.180283859      0.381135643    
  J  , XGRID,RGRID           62  0.180913389      0.381131470    
  J  , XGRID,RGRID           63  0.181538194      0.381127268    
  J  , XGRID,RGRID           64  0.182162493      0.381123096    
  J  , XGRID,RGRID           65  0.182789102      0.381118745    
  J  , XGRID,RGRID           66  0.183417484      0.381114393    
  J  , XGRID,RGRID           67  0.184046909      0.381109983    
  J  , XGRID,RGRID           68  0.184676141      0.381105632    
  J  , XGRID,RGRID           69  0.185303763      0.381101251    
  J  , XGRID,RGRID           70  0.185927957      0.381096870    
  J  , XGRID,RGRID           71  0.186543241      0.381092668    
  J  , XGRID,RGRID           72  0.187146112      0.381088495    
  J  , XGRID,RGRID           73  0.187734932      0.381084502    
  J  , XGRID,RGRID           74  0.188308388      0.381080627    
  J  , XGRID,RGRID           75  0.188865438      0.381076902    
  J  , XGRID,RGRID           76  0.189405426      0.381073445    
  J  , XGRID,RGRID           77  0.189927980      0.381070167    
  J  , XGRID,RGRID           78  0.190434933      0.381066978    
  J  , XGRID,RGRID           79  0.190926880      0.381063998    
  J  , XGRID,RGRID           80  0.191403747      0.381061167    
  J  , XGRID,RGRID           81  0.191865638      0.381058514    
  J  , XGRID,RGRID           82  0.192312390      0.381055951    
  J  , XGRID,RGRID           83  0.192744136      0.381053567    
  J  , XGRID,RGRID           84  0.193160877      0.381051481    
  J  , XGRID,RGRID           85  0.193562552      0.381049395    
  J  , XGRID,RGRID           86  0.193949148      0.381047487    
  J  , XGRID,RGRID           87  0.194320753      0.381045759    
  J  , XGRID,RGRID           88  0.194677308      0.381044149    
  J  , XGRID,RGRID           89  0.195018798      0.381042600    
  J  , XGRID,RGRID           90  0.195345238      0.381041259    
  J  , XGRID,RGRID           91  0.195656657      0.381040007    
  J  , XGRID,RGRID           92  0.195968062      0.381041616    
  J  , XGRID,RGRID           93  0.196317151      0.381043434    
  J  , XGRID,RGRID           94  0.196708441      0.381045580    
  J  , XGRID,RGRID           95  0.197147071      0.381047904    
  J  , XGRID,RGRID           96  0.197638765      0.381050587    
  J  , XGRID,RGRID           97  0.198189929      0.381053597    
  J  , XGRID,RGRID           98  0.198807761      0.381056994    
  J  , XGRID,RGRID           99  0.199500322      0.381060749    
  J  , XGRID,RGRID          100  0.200276673      0.381064981    
  J  , XGRID,RGRID          101  0.201146901      0.381069630    
  J  , XGRID,RGRID          102  0.202122405      0.381074756    
  J  , XGRID,RGRID          103  0.203215867      0.381080210    
  J  , XGRID,RGRID          104  0.204441622      0.381085962    
  J  , XGRID,RGRID          105  0.205815628      0.381091803    
  J  , XGRID,RGRID          106  0.207355812      0.381097406    
  J  , XGRID,RGRID          107  0.209082320      0.381102324    
  J  , XGRID,RGRID          108  0.211017638      0.381105632    
  J  , XGRID,RGRID          109  0.213187039      0.381106168    
  J  , XGRID,RGRID          110  0.215618819      0.381102055    
  J  , XGRID,RGRID          111  0.218344688      0.381090373    
