 0.36312E+01 0.24027E+00 0.36037E+00 0.21950E+02         5   10  241   22
-0.61698E+01 0.27740E+00 0.46745E+00 0.20810E+02        10    3  237   23
 0.76118E+01 0.36007E+00 0.75645E+00 0.18396E+02        15   10  241   21
 0.90614E+01 0.39028E+00 0.75449E+00 0.18258E+02        20    8  241   19
 0.55569E+01 0.38668E+00 0.12780E+01 0.14383E+02        25    7  241   16
 0.65277E+01 0.38366E+00 0.99450E+00 0.16425E+02        30   17  241   37
-0.99172E+01 0.39117E+00 0.14148E+01 0.13129E+02        35    9  241   13
 0.81260E+01 0.39705E+00 0.88962E+00 0.16308E+02        40    3  238   18
-0.84968E+01 0.40153E+00 0.11659E+01 0.14138E+02        45    9  242   34
-0.10599E+02 0.39878E+00 0.60060E+00 0.18769E+02        50    9  242   32
-0.13657E+02 0.40018E+00 0.55872E+00 0.18168E+02        55   11  243   18
-0.11520E+02 0.40545E+00 0.62067E+00 0.22867E+02        60   10  243   17
-0.13367E+02 0.41329E+00 0.65280E+00 0.24715E+02        65    8  243   27
-0.97737E+01 0.41790E+00 0.68688E+00 0.27073E+02        70    9  244   17
-0.87100E+01 0.41688E+00 0.68819E+00 0.28355E+02        75    9  244   18
 0.63641E+01 0.41083E+00 0.67302E+00 0.28927E+02        80    2  249   11
 0.13095E+02 0.40452E+00 0.65389E+00 0.28845E+02        85    6  234   27
 0.92142E+01 0.39820E+00 0.66600E+00 0.28072E+02        90    3  234   27
 0.19000E+02 0.39032E+00 0.65611E+00 0.26574E+02        95    3  234   22
 0.13408E+02 0.38325E+00 0.64736E+00 0.24397E+02       100    2  233   22
-0.14052E+02 0.38310E+00 0.63217E+00 0.21675E+02       105    9  240   23
-0.16345E+02 0.38875E+00 0.61148E+00 0.18505E+02       110    6  346   17
-0.18484E+02 0.39881E+00 0.59504E+00 0.16871E+02       115    8  346   17
-0.19693E+02 0.40776E+00 0.98058E+00 0.12164E+02       120    3  245   30
-0.19986E+02 0.41062E+00 0.96057E+00 0.11531E+02       125    8  346   11
-0.20724E+02 0.40402E+00 0.21728E+01 0.65717E+01       130    6  244   29
 0.19614E+02 0.39129E+00 0.27006E+01 0.56292E+01       135    7  346   17
 0.18078E+02 0.37918E+00 0.37698E+01 0.44028E+01       140    6  346   16
 0.16768E+02 0.36308E+00 0.34856E+01 0.46558E+01       145    1  238    6
 0.17496E+02 0.34642E+00 0.41543E+01 0.39843E+01       150    1  238    7
 0.12518E+02 0.33151E+00 0.35941E+01 0.43412E+01       155    1  238    8
 0.11635E+02 0.32190E+00 0.41666E+01 0.37609E+01       160    5  346   13
 0.10435E+02 0.31932E+00 0.37739E+01 0.40834E+01       165    5  346   12
-0.95106E+01 0.32098E+00 0.45354E+01 0.35096E+01       170   34  239    9
-0.98480E+01 0.32462E+00 0.40645E+01 0.37944E+01       175   35  241    3
-0.95421E+01 0.32359E+00 0.45791E+01 0.33867E+01       180   35  240    1
 0.70399E+01 0.31804E+00 0.39127E+01 0.37919E+01       185   33  231   20
 0.69424E+01 0.31135E+00 0.42724E+01 0.35899E+01       190   32  231   21
-0.76066E+01 0.30494E+00 0.32706E+01 0.44822E+01       195   36  239   24
-0.72024E+01 0.30132E+00 0.33878E+01 0.43926E+01       200   37  239   23
-0.60718E+01 0.29750E+00 0.22195E+01 0.59961E+01       205   36  238   23
-0.61981E+01 0.29363E+00 0.24715E+01 0.55478E+01       210   36  239    9
-0.65855E+01 0.28846E+00 0.15699E+01 0.74525E+01       215    3   29    1
-0.57289E+01 0.28538E+00 0.20272E+01 0.62601E+01       220    4  340    9
 0.69539E+01 0.28167E+00 0.12490E+01 0.82997E+01       225    2  237   26
 0.67789E+01 0.27996E+00 0.15713E+01 0.71387E+01       230   34  238    2
 0.73087E+01 0.27589E+00 0.79926E+00 0.10006E+02       235   36  239    9
-0.70875E+01 0.27385E+00 0.10429E+01 0.86356E+01       240    4  341    8
 0.70818E+01 0.27191E+00 0.43048E+00 0.12108E+02       245    3   28    1
 0.68407E+01 0.27270E+00 0.70763E+00 0.10181E+02       250    3   28    1
-0.71914E+01 0.27064E+00 0.46563E+00 0.14089E+02       255   36  239    6
 0.78291E+01 0.26820E+00 0.57686E+00 0.11978E+02       260    1  238    4
 0.82045E+01 0.26293E+00 0.47455E+00 0.16053E+02       265    1  238    4
 0.66105E+01 0.25644E+00 0.45370E+00 0.14370E+02       270    1  238    4
 0.58754E+01 0.24941E+00 0.59865E+00 0.18044E+02       275    3   29   37
 0.54893E+01 0.24357E+00 0.60627E+00 0.17336E+02       280    2   29    8
 0.54439E+01 0.24027E+00 0.67862E+00 0.19893E+02       285    3   26   25
 0.88000E+01 0.23838E+00 0.69057E+00 0.19845E+02       290    2   26   25
 0.77012E+01 0.23761E+00 0.70699E+00 0.21070E+02       295    1   26   34
 0.67206E+01 0.23792E+00 0.68814E+00 0.21011E+02       300    2   29   14
 0.63504E+01 0.23678E+00 0.66373E+00 0.21557E+02       305    2   29   17
 0.70963E+01 0.23521E+00 0.61204E+00 0.21122E+02       310    3   28   24
 0.68105E+01 0.23595E+00 0.59384E+00 0.21402E+02       315    4   28   32
 0.63599E+01 0.23731E+00 0.56729E+00 0.20435E+02       320    4   28   32
 0.51838E+01 0.23772E+00 0.56859E+00 0.20602E+02       325    4   29   20
 0.49543E+01 0.23432E+00 0.52651E+00 0.18924E+02       330    4   29   23
-0.42646E+01 0.22942E+00 0.52622E+00 0.19188E+02       335   32  349   12
-0.39684E+01 0.22033E+00 0.44406E+00 0.16526E+02       340   31  349   11
-0.40222E+01 0.21082E+00 0.47121E+00 0.17330E+02       345   31  349   10
-0.36087E+01 0.19853E+00 0.32500E+00 0.13626E+02       350   31  349   11
 0.29421E+01 0.19198E+00 0.40218E+00 0.15178E+02       355   34  348   12
 0.36102E+01 0.18786E+00 0.51073E+00 0.11010E+02       360   33  349    8
 0.50144E+01 0.18918E+00 0.35601E+00 0.12290E+02       365   34  349   11
 0.54450E+01 0.18938E+00 0.96081E+00 0.79733E+01       370   33  349   11
 0.48521E+01 0.19039E+00 0.88895E+00 0.78924E+01       375   34  349   11
 0.38172E+01 0.19004E+00 0.19118E+01 0.48276E+01       380   34  349   12
 0.28077E+01 0.18875E+00 0.19192E+01 0.45135E+01       385   34  349   12
 0.21366E+01 0.18657E+00 0.24817E+01 0.37726E+01       390   37  346   15
 0.24947E+01 0.18379E+00 0.21578E+01 0.41459E+01       395   37  346    8
 0.18901E+01 0.18116E+00 0.23597E+01 0.38822E+01       400   37  346    9
 0.15312E+01 0.17783E+00 0.17338E+01 0.47505E+01       405   34  347   12
-0.16260E+01 0.17469E+00 0.17306E+01 0.47321E+01       410    2   97   37
 0.19399E+01 0.16979E+00 0.77567E+00 0.73291E+01       415   37  344    5
 0.19167E+01 0.16576E+00 0.90274E+00 0.69684E+01       420   37  344    5
 0.19379E+01 0.16126E+00 0.36170E+00 0.10577E+02       425   36  344    9
 0.16647E+01 0.16054E+00 0.54728E+00 0.88177E+01       430   36  344    9
 0.15403E+01 0.15830E+00 0.45955E+00 0.12539E+02       435   34  350   12
 0.15143E+01 0.15824E+00 0.53264E+00 0.10145E+02       440    2  340    9
 0.15172E+01 0.15678E+00 0.48896E+00 0.14026E+02       445    5   30   17
 0.16537E+01 0.15673E+00 0.49664E+00 0.11436E+02       450    6   29   17
 0.17569E+01 0.15525E+00 0.48174E+00 0.15356E+02       455    6   29   17
 0.16267E+01 0.15389E+00 0.37233E+00 0.13361E+02       460    6   29   17
 0.16854E+01 0.15101E+00 0.50430E+00 0.16849E+02       465    6   28   24
 0.15635E+01 0.14810E+00 0.47530E+00 0.15797E+02       470   32   26   11
 0.19315E+01 0.14448E+00 0.54844E+00 0.18350E+02       475    6   28   18
-0.17194E+01 0.13968E+00 0.53099E+00 0.17789E+02       480    5   30   17
-0.17818E+01 0.13455E+00 0.55757E+00 0.19108E+02       485    5   30   17
-0.16387E+01 0.12979E+00 0.52816E+00 0.18269E+02       490    4   30   18
-0.16939E+01 0.12767E+00 0.52807E+00 0.18772E+02       495    4   30   17
-0.16058E+01 0.12704E+00 0.46914E+00 0.17273E+02       500    4   30   17
 0.15146E+01 0.12882E+00 0.45691E+00 0.17579E+02       505    1   29   11
 0.14310E+01 0.12966E+00 0.35349E+00 0.15354E+02       510    4   28   12
-0.12649E+01 0.13112E+00 0.36599E+00 0.15824E+02       515   35  350   12
-0.12292E+01 0.13011E+00 0.21928E+00 0.12741E+02       520   35  351   11
-0.11620E+01 0.12962E+00 0.28486E+00 0.13905E+02       525   35  351   11
 0.10768E+01 0.12635E+00 0.31719E+00 0.10183E+02       530   36  203   29
 0.10452E+01 0.12392E+00 0.27470E+00 0.12128E+02       535   36  203   29
-0.10564E+01 0.11929E+00 0.64056E+00 0.83869E+01       540   35  416    1
-0.10708E+01 0.11589E+00 0.42912E+00 0.96948E+01       545   35  416    1
-0.10583E+01 0.11143E+00 0.12168E+01 0.62590E+01       550   35  416    1
-0.10551E+01 0.10798E+00 0.10224E+01 0.68366E+01       555   34  416    1
-0.10658E+01 0.10499E+00 0.18226E+01 0.48763E+01       560   34  416    1
 0.10492E+01 0.10319E+00 0.14963E+01 0.54732E+01       565   26  273   29
-0.10678E+01 0.10342E+00 0.20790E+01 0.43979E+01       570   20  209   29
-0.11271E+01 0.10429E+00 0.14850E+01 0.53840E+01       575   20  209   29
-0.11503E+01 0.10649E+00 0.16277E+01 0.50136E+01       580   20  209   29
-0.11125E+01 0.10816E+00 0.64455E+00 0.78604E+01       585   20  209   29
 0.10950E+01 0.11129E+00 0.75347E+00 0.72136E+01       590   35   32    8
 0.12118E+01 0.11195E+00 0.34197E+00 0.10684E+02       595   35   32    8
-0.11711E+01 0.11397E+00 0.40102E+00 0.86754E+01       600   36  415   32
-0.12948E+01 0.11214E+00 0.24712E+00 0.12122E+02       605   36  415   32
-0.13566E+01 0.11105E+00 0.24903E+00 0.96781E+01       610   36  415   32
-0.13749E+01 0.10621E+00 0.24486E+00 0.13199E+02       615   36  415   32
-0.13350E+01 0.10272E+00 0.26250E+00 0.10832E+02       620   36  415   32
 0.12933E+01 0.97682E-01 0.29928E+00 0.14239E+02       625   37   33   12
 0.11961E+01 0.94212E-01 0.19914E+00 0.12440E+02       630   37   33   12
-0.10635E+01 0.91422E-01 0.34119E+00 0.15123E+02       635   35  415   32
-0.95348E+00 0.88848E-01 0.27028E+00 0.13574E+02       640    9  188   37
 0.97059E+00 0.87659E-01 0.35901E+00 0.15367E+02       645   36  203   20
 0.97725E+00 0.86274E-01 0.27714E+00 0.13597E+02       650   36  203   19
 0.97349E+00 0.86137E-01 0.33949E+00 0.14895E+02       655   36  203   19
 0.95467E+00 0.85384E-01 0.22008E+00 0.12620E+02       660   36  203   18
 0.92351E+00 0.85618E-01 0.29525E+00 0.14012E+02       665   36  203   18
-0.10014E+01 0.84662E-01 0.11266E+00 0.11188E+02       670   36  415   13
-0.11012E+01 0.84155E-01 0.23315E+00 0.13034E+02       675   36  415   13
-0.11872E+01 0.82508E-01 0.20327E+00 0.99001E+01       680   36  415   12
-0.12147E+01 0.81350E-01 0.20990E+00 0.12203E+02       685   36  415   12
-0.12012E+01 0.79462E-01 0.31455E+00 0.90668E+01       690   36  415   12
-0.11237E+01 0.78116E-01 0.27366E+00 0.11589E+02       695   36  415   12
-0.10606E+01 0.76419E-01 0.39422E+00 0.85830E+01       700   35  415   12
-0.10215E+01 0.75132E-01 0.32327E+00 0.11161E+02       705   36  203   29
-0.10582E+01 0.74291E-01 0.44989E+00 0.83344E+01       710   36  203   29
-0.10547E+01 0.73709E-01 0.34342E+00 0.10999E+02       715   36  203   29
-0.10289E+01 0.73655E-01 0.46460E+00 0.83424E+01       720   36  203   29
-0.96530E+00 0.73151E-01 0.32968E+00 0.11138E+02       725   36  203   29
-0.90052E+00 0.72828E-01 0.44503E+00 0.85638E+01       730   36  203   14
-0.91982E+00 0.71789E-01 0.29078E+00 0.11481E+02       735   36  203   14
-0.93437E+00 0.70680E-01 0.41121E+00 0.88717E+01       740   36  203   11
-0.93905E+00 0.69143E-01 0.23880E+00 0.11862E+02       745   36  203   11
-0.96444E+00 0.67483E-01 0.38151E+00 0.91608E+01       750   36  204   12
-0.99122E+00 0.65785E-01 0.18446E+00 0.12172E+02       755   36  204   12
-0.99556E+00 0.64435E-01 0.35908E+00 0.93779E+01       760   36  204   11
-0.98536E+00 0.63160E-01 0.16829E+00 0.12340E+02       765   36  204   11
-0.96068E+00 0.62567E-01 0.33311E+00 0.95327E+01       770   36  204   11
-0.91971E+00 0.61844E-01 0.17872E+00 0.12392E+02       775   36  204   11
-0.88722E+00 0.62086E-01 0.28285E+00 0.97800E+01       780   15  210   29
-0.88706E+00 0.61411E-01 0.18727E+00 0.12414E+02       785   15  210   29
-0.90023E+00 0.61825E-01 0.23281E+00 0.99684E+01       790   15  211   29
-0.90472E+00 0.60553E-01 0.18869E+00 0.12405E+02       795   15  211   29
-0.90701E+00 0.60618E-01 0.20667E+00 0.99997E+01       800   15  211   29
-0.87711E+00 0.58798E-01 0.18342E+00 0.12372E+02       805   15  211   29
 0.87256E+00 0.58542E-01 0.19270E+00 0.99477E+01       810   36  203   27
 0.90961E+00 0.57052E-01 0.17542E+00 0.12367E+02       815   36  203   27
 0.94769E+00 0.56695E-01 0.20370E+00 0.99278E+01       820   36  203   27
 0.97078E+00 0.55640E-01 0.17091E+00 0.12445E+02       825   36  203   27
-0.98845E+00 0.54836E-01 0.19878E+00 0.10013E+02       830   36  415   32
-0.99801E+00 0.54165E-01 0.17755E+00 0.12589E+02       835   36  415   32
-0.97083E+00 0.53149E-01 0.17339E+00 0.10208E+02       840   36  415   32
-0.95362E+00 0.52976E-01 0.19594E+00 0.12744E+02       845   36  416   32
-0.92777E+00 0.51994E-01 0.14237E+00 0.10492E+02       850   36  416   32
-0.89350E+00 0.52064E-01 0.20678E+00 0.12883E+02       855   36  416   32
-0.85734E+00 0.51061E-01 0.13409E+00 0.10825E+02       860   35  416   32
-0.85754E+00 0.51171E-01 0.21059E+00 0.12986E+02       865   36  415   17
-0.84877E+00 0.50337E-01 0.13023E+00 0.11088E+02       870   36  415   17
-0.83091E+00 0.50316E-01 0.20443E+00 0.13008E+02       875   36  416   17
-0.86413E+00 0.49652E-01 0.12954E+00 0.11127E+02       880    9  397   37
-0.92233E+00 0.49416E-01 0.19053E+00 0.12903E+02       885    9  397   37
-0.10011E+01 0.48699E-01 0.12574E+00 0.10888E+02       890    9  394   37
-0.96885E+00 0.48298E-01 0.17398E+00 0.12678E+02       895    9  391   37
-0.95973E+00 0.47466E-01 0.12483E+00 0.10457E+02       900    9  397   37
-0.98070E+00 0.46979E-01 0.15595E+00 0.12404E+02       905    9  396   37
-0.10187E+01 0.46028E-01 0.18339E+00 0.99883E+01       910    9  396   37
-0.10226E+01 0.45491E-01 0.13846E+00 0.12158E+02       915    9  396   37
-0.99229E+00 0.44742E-01 0.23403E+00 0.96105E+01       920    9  396   37
-0.87322E+00 0.44347E-01 0.14733E+00 0.11967E+02       925    9  396   37
-0.80285E+00 0.44097E-01 0.26748E+00 0.93757E+01       930    9  396   36
-0.73920E+00 0.44013E-01 0.16027E+00 0.11849E+02       935    9  396   36
-0.71496E+00 0.44249E-01 0.28336E+00 0.92665E+01       940   36  203   27
-0.74146E+00 0.44327E-01 0.16378E+00 0.11814E+02       945   36  203   27
-0.76051E+00 0.44577E-01 0.28172E+00 0.92737E+01       950   36  203   27
-0.76742E+00 0.44477E-01 0.15528E+00 0.11862E+02       955   36  203   27
-0.78486E+00 0.44347E-01 0.26451E+00 0.93828E+01       960   36  203   29
-0.80051E+00 0.43926E-01 0.13804E+00 0.11985E+02       965   36  203   29
 0.83369E+00 0.43426E-01 0.23836E+00 0.95621E+01       970    1  193   34
 0.89623E+00 0.42746E-01 0.14194E+00 0.12157E+02       975    1  193   34
 0.97397E+00 0.41958E-01 0.21114E+00 0.97790E+01       980    1  193   34
 0.10626E+01 0.41154E-01 0.15267E+00 0.12339E+02       985    1  193   34
 0.11372E+01 0.40287E-01 0.18425E+00 0.99974E+01       990    1  193   34
 0.11380E+01 0.39603E-01 0.16017E+00 0.12485E+02       995    1  194   34
 0.11844E+01 0.39005E-01 0.15824E+00 0.10191E+02      1000    1  194   34
-0.10085E+01 0.38723E-01 0.16395E+00 0.12557E+02      1005   36  415   29
 0.12187E+01 0.38470E-01 0.14940E+00 0.10354E+02      1010    1  194   34
-0.91198E+00 0.38438E-01 0.16189E+00 0.12550E+02      1015   36  415   29
-0.87265E+00 0.38383E-01 0.13853E+00 0.10441E+02      1020   35  415   29
-0.83035E+00 0.38237E-01 0.15743E+00 0.12486E+02      1025    7  401   37
-0.78405E+00 0.38194E-01 0.13004E+00 0.10433E+02      1030   35  416   29
-0.76684E+00 0.37769E-01 0.15322E+00 0.12400E+02      1035   35  416   29
-0.75622E+00 0.37648E-01 0.13799E+00 0.10351E+02      1040   36  204   12
-0.75148E+00 0.36963E-01 0.14998E+00 0.12322E+02      1045   36  204   12
-0.74374E+00 0.36707E-01 0.14862E+00 0.10238E+02      1050   36  204   12
-0.71640E+00 0.35873E-01 0.14687E+00 0.12258E+02      1055   36  204   12
-0.69046E+00 0.35606E-01 0.15592E+00 0.10146E+02      1060    7  399   36
-0.68610E+00 0.34901E-01 0.14576E+00 0.12211E+02      1065    7  399   36
-0.65312E+00 0.34738E-01 0.15748E+00 0.10110E+02      1070    7  399   36
-0.60507E+00 0.34400E-01 0.14624E+00 0.12182E+02      1075    1  206   27
-0.60400E+00 0.34304E-01 0.15109E+00 0.10140E+02      1080    1  206   27
 0.61527E+00 0.34213E-01 0.14818E+00 0.12181E+02      1085   36  415   29
 0.65165E+00 0.34143E-01 0.13810E+00 0.10223E+02      1090   36  415   29
 0.68335E+00 0.34150E-01 0.15213E+00 0.12211E+02      1095   36  415   29
 0.69960E+00 0.33949E-01 0.12243E+00 0.10334E+02      1100   36  415   29
-0.86392E+00 0.33800E-01 0.15686E+00 0.12260E+02      1105    6  389   37
-0.84369E+00 0.33401E-01 0.10863E+00 0.10448E+02      1110    1  195   34
-0.92764E+00 0.32994E-01 0.16178E+00 0.12318E+02      1115    1  195   34
-0.10199E+01 0.32431E-01 0.10876E+00 0.10539E+02      1120    1  195   34
-0.10845E+01 0.31870E-01 0.16582E+00 0.12369E+02      1125    1  195   34
-0.11436E+01 0.31244E-01 0.11222E+00 0.10584E+02      1130    1  195   34
-0.11790E+01 0.30731E-01 0.16772E+00 0.12394E+02      1135    1  195   34
-0.11885E+01 0.30226E-01 0.11242E+00 0.10574E+02      1140    1  195   34
-0.11870E+01 0.29893E-01 0.16616E+00 0.12374E+02      1145    1  195   34
-0.11467E+01 0.29468E-01 0.10887E+00 0.10518E+02      1150    1  195   34
-0.11094E+01 0.29212E-01 0.16080E+00 0.12304E+02      1155    1  195   34
-0.10357E+01 0.28865E-01 0.11763E+00 0.10429E+02      1160    1  195   34
-0.10067E+01 0.28665E-01 0.15253E+00 0.12202E+02      1165    1  194   34
-0.94911E+00 0.28412E-01 0.12827E+00 0.10327E+02      1170    1  194   34
-0.92571E+00 0.28227E-01 0.14308E+00 0.12094E+02      1175    1  193   34
-0.88375E+00 0.28032E-01 0.13972E+00 0.10226E+02      1180    1  193   34
-0.84540E+00 0.27760E-01 0.13356E+00 0.12001E+02      1185    1  193   34
-0.84892E+00 0.27564E-01 0.14956E+00 0.10143E+02      1190    8  393   36
-0.84292E+00 0.27187E-01 0.12517E+00 0.11935E+02      1195    8  393   36
-0.84401E+00 0.26937E-01 0.15447E+00 0.10093E+02      1200    8  393   36
-0.81375E+00 0.26573E-01 0.11832E+00 0.11901E+02      1205    8  393   36
-0.79574E+00 0.26379E-01 0.15397E+00 0.10089E+02      1210    8  393   36
-0.75924E+00 0.26123E-01 0.11323E+00 0.11902E+02      1215   36  415   27
-0.73084E+00 0.26003E-01 0.14514E+00 0.10142E+02      1220    8  392   36
-0.70006E+00 0.25783E-01 0.10997E+00 0.11933E+02      1225   36  416   27
-0.78514E+00 0.25675E-01 0.12876E+00 0.10249E+02      1230    6  389   37
-0.69159E+00 0.25460E-01 0.10866E+00 0.11989E+02      1235   36  416   26
-0.74233E+00 0.25339E-01 0.10773E+00 0.10396E+02      1240    7  395   36
-0.81633E+00 0.25146E-01 0.10823E+00 0.12061E+02      1245    7  395   36
-0.81795E+00 0.24988E-01 0.91066E-01 0.10557E+02      1250    7  395   36
-0.80932E+00 0.24798E-01 0.11068E+00 0.12137E+02      1255    7  396   36
-0.76649E+00 0.24585E-01 0.90697E-01 0.10703E+02      1260    7  396   36
-0.77204E+00 0.24450E-01 0.11282E+00 0.12199E+02      1265   36  203   26
-0.78335E+00 0.24278E-01 0.89500E-01 0.10807E+02      1270   36  203   26
-0.79286E+00 0.24203E-01 0.11279E+00 0.12226E+02      1275   36  203   26
-0.79015E+00 0.24098E-01 0.85927E-01 0.10849E+02      1280   36  203   27
-0.78474E+00 0.24075E-01 0.10859E+00 0.12207E+02      1285   36  203   27
-0.77291E+00 0.23935E-01 0.80288E-01 0.10823E+02      1290   36  203   27
-0.74653E+00 0.23882E-01 0.10053E+00 0.12148E+02      1295   36  203   27
-0.75863E+00 0.23622E-01 0.73164E-01 0.10744E+02      1300   36  204   27
-0.75305E+00 0.23442E-01 0.90622E-01 0.12063E+02      1305   36  204   27
-0.75729E+00 0.23072E-01 0.76844E-01 0.10641E+02      1310   36  204   27
 0.91030E+00 0.22783E-01 0.83217E-01 0.11971E+02      1315    7  393   37
 0.11208E+01 0.22354E-01 0.86010E-01 0.10544E+02      1320    7  393   37
 0.13275E+01 0.22066E-01 0.76850E-01 0.11891E+02      1325    7  393   37
 0.10512E+01 0.21634E-01 0.92681E-01 0.10470E+02      1330    8  391   36
 0.11451E+01 0.21421E-01 0.77047E-01 0.11834E+02      1335    7  394   36
 0.13352E+01 0.21097E-01 0.98179E-01 0.10433E+02      1340    7  394   36
 0.13250E+01 0.20970E-01 0.76682E-01 0.11808E+02      1345    7  394   37
 0.14499E+01 0.20766E-01 0.99162E-01 0.10438E+02      1350    7  394   37
 0.11409E+01 0.20681E-01 0.72735E-01 0.11810E+02      1355    8  392   36
 0.12450E+01 0.20516E-01 0.97261E-01 0.10481E+02      1360    8  392   36
 0.12643E+01 0.20416E-01 0.70303E-01 0.11836E+02      1365    8  392   36
 0.13400E+01 0.20200E-01 0.90908E-01 0.10546E+02      1370    8  392   36
 0.13604E+01 0.20054E-01 0.73385E-01 0.11877E+02      1375    8  392   36
 0.13746E+01 0.19796E-01 0.81922E-01 0.10617E+02      1380    7  395   36
 0.15144E+01 0.19628E-01 0.76606E-01 0.11921E+02      1385    7  395   36
 0.12418E+01 0.19369E-01 0.73355E-01 0.10682E+02      1390    7  395   37
 0.12642E+01 0.19173E-01 0.79021E-01 0.11955E+02      1395    7  396   36
 0.13868E+01 0.18977E-01 0.71595E-01 0.10731E+02      1400    7  396   36
 0.15433E+01 0.18778E-01 0.80135E-01 0.11972E+02      1405    7  396   36
 0.15540E+01 0.18659E-01 0.70866E-01 0.10759E+02      1410    7  396   37
 0.14318E+01 0.18503E-01 0.79173E-01 0.11966E+02      1415    7  396   36
 0.11967E+01 0.18448E-01 0.67727E-01 0.10763E+02      1420    7  397   37
 0.11283E+01 0.18330E-01 0.76364E-01 0.11940E+02      1425    8  397   37
 0.10913E+01 0.18301E-01 0.63439E-01 0.10750E+02      1430    8  397   37
 0.11175E+01 0.18162E-01 0.73013E-01 0.11901E+02      1435    4  384   37
 0.12440E+01 0.18077E-01 0.64272E-01 0.10728E+02      1440    4  385   37
 0.14291E+01 0.17882E-01 0.69539E-01 0.11862E+02      1445    4  385   37
 0.15427E+01 0.17766E-01 0.66048E-01 0.10709E+02      1450    4  385   37
 0.14023E+01 0.17560E-01 0.67013E-01 0.11837E+02      1455    4  386   37
 0.13453E+01 0.17406E-01 0.66143E-01 0.10701E+02      1460    4  386   37
-0.12053E+01 0.17231E-01 0.65706E-01 0.11829E+02      1465    7  386   37
-0.10868E+01 0.17031E-01 0.64182E-01 0.10710E+02      1470    7  387   37
 0.93208E+00 0.16919E-01 0.65555E-01 0.11837E+02      1475   10  392   37
 0.94138E+00 0.16664E-01 0.60434E-01 0.10734E+02      1480   10  392   37
 0.95687E+00 0.16646E-01 0.66442E-01 0.11855E+02      1485   10  392   37
 0.96028E+00 0.16391E-01 0.55512E-01 0.10769E+02      1490   10  392   37
 0.98013E+00 0.16460E-01 0.67455E-01 0.11876E+02      1495   10  392   37
 0.98488E+00 0.16237E-01 0.50504E-01 0.10809E+02      1500   10  392   37
 0.10128E+01 0.16351E-01 0.68161E-01 0.11891E+02      1505   10  392   37
 0.10260E+01 0.16145E-01 0.52457E-01 0.10843E+02      1510   10  392   37
 0.10546E+01 0.16242E-01 0.69053E-01 0.11895E+02      1515   10  393   37
 0.10895E+01 0.16069E-01 0.53771E-01 0.10862E+02      1520   10  393   37
 0.11285E+01 0.16134E-01 0.69522E-01 0.11886E+02      1525   10  393   37
 0.11486E+01 0.15988E-01 0.54128E-01 0.10860E+02      1530    7  387   37
 0.12409E+01 0.16017E-01 0.69376E-01 0.11864E+02      1535    8  394   37
 0.11480E+01 0.15867E-01 0.53428E-01 0.10839E+02      1540   10  393   37
 0.11264E+01 0.15839E-01 0.68204E-01 0.11833E+02      1545   10  393   37
 0.11038E+01 0.15694E-01 0.51821E-01 0.10805E+02      1550   10  393   37
-0.11278E+01 0.15602E-01 0.66361E-01 0.11798E+02      1555    8  393   37
 0.10350E+01 0.15470E-01 0.56174E-01 0.10769E+02      1560   10  393   37
 0.96208E+00 0.15346E-01 0.64616E-01 0.11766E+02      1565   10  393   37
 0.10236E+01 0.15235E-01 0.59753E-01 0.10744E+02      1570    8  396   37
 0.96841E+00 0.15136E-01 0.63033E-01 0.11742E+02      1575   10  394   37
 0.10676E+01 0.15029E-01 0.61064E-01 0.10734E+02      1580    4  383   37
 0.11762E+01 0.14967E-01 0.62741E-01 0.11730E+02      1585    4  383   37
 0.12497E+01 0.14844E-01 0.60053E-01 0.10743E+02      1590    4  387   37
 0.13637E+01 0.14795E-01 0.63037E-01 0.11733E+02      1595    4  388   37
 0.11952E+01 0.14643E-01 0.57054E-01 0.10767E+02      1600    4  384   37
 0.14003E+01 0.14569E-01 0.63855E-01 0.11748E+02      1605    4  386   37
 0.16455E+01 0.14409E-01 0.52671E-01 0.10803E+02      1610    4  385   37
-0.93125E+00 0.14323E-01 0.64927E-01 0.11772E+02      1615    6  386   37
-0.10681E+01 0.14153E-01 0.48681E-01 0.10844E+02      1620    7  385   37
-0.13291E+01 0.14069E-01 0.65913E-01 0.11797E+02      1625    6  387   37
-0.11751E+01 0.13897E-01 0.47031E-01 0.10881E+02      1630    6  388   37
-0.11511E+01 0.13836E-01 0.66254E-01 0.11816E+02      1635    7  387   37
-0.11172E+01 0.13688E-01 0.47699E-01 0.10910E+02      1640    7  388   37
 0.10620E+01 0.13648E-01 0.65656E-01 0.11824E+02      1645    6  385   37
 0.11582E+01 0.13569E-01 0.47526E-01 0.10925E+02      1650    6  385   37
 0.11743E+01 0.13526E-01 0.64100E-01 0.11820E+02      1655    6  386   37
 0.10812E+01 0.13477E-01 0.46483E-01 0.10925E+02      1660    6  386   37
 0.92162E+00 0.13418E-01 0.61760E-01 0.11804E+02      1665    6  387   37
-0.85017E+00 0.13365E-01 0.45740E-01 0.10913E+02      1670   10  393   37
-0.83912E+00 0.13303E-01 0.58965E-01 0.11781E+02      1675    4  385   37
 0.90880E+00 0.13218E-01 0.47979E-01 0.10893E+02      1680    9  388   36
 0.97220E+00 0.13150E-01 0.56093E-01 0.11756E+02      1685    9  388   36
 0.98962E+00 0.13047E-01 0.50247E-01 0.10872E+02      1690    9  388   36
-0.99845E+00 0.12994E-01 0.53506E-01 0.11732E+02      1695    8  395   37
-0.10381E+01 0.12911E-01 0.52418E-01 0.10855E+02      1700    8  395   37
-0.10501E+01 0.12864E-01 0.51503E-01 0.11715E+02      1705    8  395   37
-0.10158E+01 0.12798E-01 0.53443E-01 0.10848E+02      1710    8  395   37
-0.91985E+00 0.12759E-01 0.50256E-01 0.11707E+02      1715    8  395   37
 0.87757E+00 0.12694E-01 0.53075E-01 0.10851E+02      1720    3  382   36
 0.93655E+00 0.12682E-01 0.49772E-01 0.11708E+02      1725    3  382   36
 0.90711E+00 0.12622E-01 0.51411E-01 0.10865E+02      1730    3  383   36
 0.10040E+01 0.12622E-01 0.49928E-01 0.11717E+02      1735    3  383   36
 0.11181E+01 0.12562E-01 0.48804E-01 0.10884E+02      1740    3  383   36
 0.99770E+00 0.12543E-01 0.50467E-01 0.11731E+02      1745    3  384   36
-0.99518E+00 0.12485E-01 0.45757E-01 0.10907E+02      1750    5  388   37
-0.11046E+01 0.12444E-01 0.51079E-01 0.11746E+02      1755    5  388   37
 0.10204E+01 0.12404E-01 0.42836E-01 0.10929E+02      1760    4  382   37
 0.12383E+01 0.12363E-01 0.51414E-01 0.11759E+02      1765    4  382   37
 0.99047E+00 0.12317E-01 0.42244E-01 0.10946E+02      1770    4  383   37
 0.13560E+01 0.12290E-01 0.51210E-01 0.11765E+02      1775    4  383   37
-0.11695E+01 0.12238E-01 0.41784E-01 0.10957E+02      1780    6  388   37
 0.13236E+01 0.12230E-01 0.50342E-01 0.11764E+02      1785    4  384   37
 0.96255E+00 0.12176E-01 0.40900E-01 0.10959E+02      1790    4  385   37
 0.13518E+01 0.12184E-01 0.48870E-01 0.11756E+02      1795    4  385   37
 0.12288E+01 0.12135E-01 0.39734E-01 0.10954E+02      1800    4  386   37
 0.14592E+01 0.12147E-01 0.46936E-01 0.11742E+02      1805    4  386   37
 0.14013E+01 0.12092E-01 0.41201E-01 0.10943E+02      1810    4  386   37
 0.13974E+01 0.12099E-01 0.44779E-01 0.11725E+02      1815    4  386   37
 0.13197E+01 0.12049E-01 0.42905E-01 0.10930E+02      1820    6  382   37
 0.13119E+01 0.12052E-01 0.42641E-01 0.11709E+02      1825    6  382   37
 0.12759E+01 0.11988E-01 0.44314E-01 0.10918E+02      1830    6  383   37
 0.12426E+01 0.11967E-01 0.40763E-01 0.11695E+02      1835    6  383   37
 0.11045E+01 0.11883E-01 0.45104E-01 0.10909E+02      1840    6  383   37
-0.96841E+00 0.11855E-01 0.39314E-01 0.11686E+02      1845    3  383   37
-0.88013E+00 0.11781E-01 0.45121E-01 0.10905E+02      1850    3  383   37
 0.88287E+00 0.11749E-01 0.39089E-01 0.11682E+02      1855    9  386   36
 0.10604E+01 0.11689E-01 0.44346E-01 0.10907E+02      1860    9  386   36
 0.11892E+01 0.11658E-01 0.39445E-01 0.11683E+02      1865    9  386   36
 0.11418E+01 0.11609E-01 0.43133E-01 0.10915E+02      1870    9  387   36
 0.13591E+01 0.11577E-01 0.39810E-01 0.11688E+02      1875    9  388   36
 0.15961E+01 0.11519E-01 0.41451E-01 0.10928E+02      1880    9  388   36
 0.11164E+01 0.11465E-01 0.40079E-01 0.11695E+02      1885    9  390   36
 0.12832E+01 0.11394E-01 0.39639E-01 0.10943E+02      1890    9  390   36
 0.14130E+01 0.11335E-01 0.40156E-01 0.11702E+02      1895    9  390   36
 0.15307E+01 0.11251E-01 0.38078E-01 0.10957E+02      1900    9  390   36
 0.16374E+01 0.11195E-01 0.40513E-01 0.11707E+02      1905    9  390   36
 0.14115E+01 0.11111E-01 0.37179E-01 0.10966E+02      1910    9  389   37
 0.12787E+01 0.11068E-01 0.40797E-01 0.11709E+02      1915    9  389   37
 0.12095E+01 0.11009E-01 0.37082E-01 0.10970E+02      1920    9  390   37
 0.11807E+01 0.10973E-01 0.40666E-01 0.11708E+02      1925    9  391   36
 0.11905E+01 0.10935E-01 0.36859E-01 0.10968E+02      1930    9  391   36
 0.11706E+01 0.10913E-01 0.40178E-01 0.11702E+02      1935    9  391   36
 0.11563E+01 0.10886E-01 0.37671E-01 0.10963E+02      1940    9  391   36
 0.12004E+01 0.10870E-01 0.39431E-01 0.11693E+02      1945   10  391   37
 0.12862E+01 0.10848E-01 0.38622E-01 0.10956E+02      1950   10  391   37
 0.13540E+01 0.10826E-01 0.38591E-01 0.11681E+02      1955   10  391   37
 0.14120E+01 0.10812E-01 0.39435E-01 0.10949E+02      1960   10  391   37
 0.14411E+01 0.10773E-01 0.37880E-01 0.11671E+02      1965   10  391   37
 0.14613E+01 0.10760E-01 0.39957E-01 0.10943E+02      1970   10  391   37
 0.14365E+01 0.10719E-01 0.37798E-01 0.11662E+02      1975   10  391   37
 0.13537E+01 0.10704E-01 0.40050E-01 0.10941E+02      1980   10  391   37
 0.13151E+01 0.10661E-01 0.37959E-01 0.11658E+02      1985   11  391   37
 0.13632E+01 0.10633E-01 0.39691E-01 0.10942E+02      1990   11  391   37
 0.13932E+01 0.10589E-01 0.38363E-01 0.11658E+02      1995   11  391   37
 0.14113E+01 0.10548E-01 0.38941E-01 0.10946E+02      2000   11  391   37
 0.14069E+01 0.10501E-01 0.38934E-01 0.11661E+02      2005   11  391   37
 0.13833E+01 0.10455E-01 0.37929E-01 0.10952E+02      2010   11  391   37
 0.13240E+01 0.10422E-01 0.39495E-01 0.11666E+02      2015   11  391   37
 0.12458E+01 0.10374E-01 0.36826E-01 0.10959E+02      2020   11  391   37
 0.11794E+01 0.10356E-01 0.39878E-01 0.11671E+02      2025   11  391   37
 0.11200E+01 0.10328E-01 0.35801E-01 0.10966E+02      2030   11  392   37
 0.12222E+01 0.10331E-01 0.40048E-01 0.11675E+02      2035    4  383   37
 0.15212E+01 0.10310E-01 0.34991E-01 0.10971E+02      2040    4  383   37
 0.12145E+01 0.10306E-01 0.39891E-01 0.11676E+02      2045    5  180   36
 0.14092E+01 0.10283E-01 0.34900E-01 0.10975E+02      2050    5  180   35
-0.11834E+01 0.10283E-01 0.39380E-01 0.11675E+02      2055   10  390   37
 0.12422E+01 0.10254E-01 0.35019E-01 0.10976E+02      2060    5  181   35
 0.12750E+01 0.10238E-01 0.38550E-01 0.11671E+02      2065    5  182   35
 0.11710E+01 0.10206E-01 0.35236E-01 0.10974E+02      2070    5  181   36
 0.11505E+01 0.10186E-01 0.37612E-01 0.11667E+02      2075    6  387   37
 0.12406E+01 0.10162E-01 0.35442E-01 0.10972E+02      2080    6  179   36
 0.14857E+01 0.10147E-01 0.36359E-01 0.11662E+02      2085    6  179   37
-0.12789E+01 0.10136E-01 0.35564E-01 0.10970E+02      2090    6  385   37
-0.12412E+01 0.10132E-01 0.34944E-01 0.11656E+02      2095    6  385   37
 0.13679E+01 0.10127E-01 0.35654E-01 0.10969E+02      2100    6  183   37
-0.13653E+01 0.10112E-01 0.34285E-01 0.11652E+02      2105    7  385   37
-0.13520E+01 0.10107E-01 0.35459E-01 0.10970E+02      2110    7  385   37
-0.12539E+01 0.10089E-01 0.33833E-01 0.11649E+02      2115    7  385   37
-0.10574E+01 0.10079E-01 0.35037E-01 0.10972E+02      2120   11  391   37
 0.10611E+01 0.10066E-01 0.33468E-01 0.11648E+02      2125    4  380   36
 0.11244E+01 0.10036E-01 0.35289E-01 0.10976E+02      2130    6  384   37
 0.12841E+01 0.10024E-01 0.33342E-01 0.11648E+02      2135    7  180   36
 0.12605E+01 0.99729E-02 0.35471E-01 0.10980E+02      2140    5  378   37
 0.12920E+01 0.99595E-02 0.33487E-01 0.11648E+02      2145    7  183   36
 0.12222E+01 0.98910E-02 0.35637E-01 0.10984E+02      2150    6  378   37
 0.11867E+01 0.98834E-02 0.33479E-01 0.11649E+02      2155    6  379   37
 0.11732E+01 0.98029E-02 0.36202E-01 0.10988E+02      2160    6  379   37
 0.11509E+01 0.98092E-02 0.33285E-01 0.11648E+02      2165    6  379   37
 0.11125E+01 0.97191E-02 0.36579E-01 0.10992E+02      2170    6  379   37
 0.11892E+01 0.97202E-02 0.32941E-01 0.11646E+02      2175    5  176   35
 0.11740E+01 0.96261E-02 0.36794E-01 0.10995E+02      2180    7  385   37
 0.11701E+01 0.96193E-02 0.32519E-01 0.11643E+02      2185    7  385   37
 0.10670E+01 0.95162E-02 0.36847E-01 0.10996E+02      2190    7  385   37
 0.10487E+01 0.94980E-02 0.32171E-01 0.11640E+02      2195    8  183   36
-0.88062E+00 0.94085E-02 0.36708E-01 0.10996E+02      2200    8  390   37
 0.80337E+00 0.93849E-02 0.32060E-01 0.11637E+02      2205    7  380   37
 0.10356E+01 0.93244E-02 0.36298E-01 0.10995E+02      2210    9  181   37
 0.10231E+01 0.93110E-02 0.31985E-01 0.11635E+02      2215    9  181   36
-0.10921E+01 0.92737E-02 0.35497E-01 0.10994E+02      2220    6  177   35
 0.10599E+01 0.92592E-02 0.31986E-01 0.11633E+02      2225    8  181   37
 0.12481E+01 0.92392E-02 0.34275E-01 0.10993E+02      2230    9  182   35
 0.13271E+01 0.92186E-02 0.32102E-01 0.11632E+02      2235    6  176   35
 0.13684E+01 0.92012E-02 0.33608E-01 0.10994E+02      2240    6  176   36
 0.12518E+01 0.91755E-02 0.32181E-01 0.11631E+02      2245    6  176   35
 0.99783E+00 0.91559E-02 0.33443E-01 0.10996E+02      2250    5  393   37
 0.10753E+01 0.91303E-02 0.32287E-01 0.11631E+02      2255    8  392   37
 0.10771E+01 0.91101E-02 0.33234E-01 0.10999E+02      2260    8  392   37
-0.95328E+00 0.90861E-02 0.32546E-01 0.11632E+02      2265    6  180   37
-0.90274E+00 0.90623E-02 0.32997E-01 0.11002E+02      2270    6  180   37
-0.14057E+01 0.90533E-02 0.32743E-01 0.11633E+02      2275    7  178   36
 0.96350E+00 0.90301E-02 0.32724E-01 0.11005E+02      2280    3  373   37
 0.10771E+01 0.90408E-02 0.32846E-01 0.11634E+02      2285    3  373   37
 0.96078E+00 0.90066E-02 0.32431E-01 0.11007E+02      2290    3  373   37
 0.10332E+01 0.90367E-02 0.32863E-01 0.11633E+02      2295    4  383   37
 0.11351E+01 0.89971E-02 0.32163E-01 0.11009E+02      2300    4  383   37
 0.11130E+01 0.90349E-02 0.32809E-01 0.11632E+02      2305    4  384   37
 0.11752E+01 0.89858E-02 0.31949E-01 0.11010E+02      2310    4  386   37
 0.10288E+01 0.90148E-02 0.32683E-01 0.11631E+02      2315    7  176   35
 0.12366E+01 0.89637E-02 0.31890E-01 0.11010E+02      2320    7  177   35
 0.11153E+01 0.89932E-02 0.32494E-01 0.11629E+02      2325    7  176   36
 0.13737E+01 0.89300E-02 0.31853E-01 0.11010E+02      2330    7  177   36
-0.12216E+01 0.89441E-02 0.32272E-01 0.11627E+02      2335    9  179   37
-0.12816E+01 0.88818E-02 0.31757E-01 0.11009E+02      2340    9  179   37
-0.12875E+01 0.89015E-02 0.32361E-01 0.11625E+02      2345    9  179   37
-0.12475E+01 0.88436E-02 0.31622E-01 0.11009E+02      2350    9  179   37
 0.12776E+01 0.88630E-02 0.32436E-01 0.11624E+02      2355    8  395   37
-0.11236E+01 0.88049E-02 0.31477E-01 0.11008E+02      2360    8  387   37
 0.12571E+01 0.88047E-02 0.32457E-01 0.11623E+02      2365    6  386   37
 0.13014E+01 0.87579E-02 0.31666E-01 0.11009E+02      2370    6  386   37
 0.12470E+01 0.87601E-02 0.32412E-01 0.11622E+02      2375    6  386   37
 0.11197E+01 0.87206E-02 0.32163E-01 0.11009E+02      2380    5  373   35
 0.11608E+01 0.87123E-02 0.32296E-01 0.11622E+02      2385    5  373   35
 0.12502E+01 0.86603E-02 0.32412E-01 0.11010E+02      2390    5  372   37
 0.13627E+01 0.86406E-02 0.32122E-01 0.11622E+02      2395    5  372   37
 0.12879E+01 0.85767E-02 0.32433E-01 0.11011E+02      2400    5  372   37
 0.13912E+01 0.85517E-02 0.32087E-01 0.11621E+02      2405    8  178   37
 0.12112E+01 0.84809E-02 0.32284E-01 0.11012E+02      2410    8  176   35
 0.13814E+01 0.84654E-02 0.32191E-01 0.11621E+02      2415    8  177   35
 0.14049E+01 0.83923E-02 0.32075E-01 0.11013E+02      2420    5  183   36
 0.14097E+01 0.83884E-02 0.32215E-01 0.11620E+02      2425    8  177   35
 0.14967E+01 0.83363E-02 0.32083E-01 0.11013E+02      2430    5  183   36
 0.13876E+01 0.83580E-02 0.32140E-01 0.11619E+02      2435    6  374   37
 0.14376E+01 0.82918E-02 0.32457E-01 0.11013E+02      2440    5  183   35
 0.13680E+01 0.83074E-02 0.31977E-01 0.11618E+02      2445    6  374   37
 0.13972E+01 0.82411E-02 0.32692E-01 0.11013E+02      2450    5  183   35
 0.12856E+01 0.82612E-02 0.31714E-01 0.11617E+02      2455    6  374   37
 0.13103E+01 0.81858E-02 0.32917E-01 0.11013E+02      2460    5  376   37
 0.14750E+01 0.81957E-02 0.31368E-01 0.11616E+02      2465    5  376   37
 0.15224E+01 0.81121E-02 0.33149E-01 0.11013E+02      2470    5  377   37
 0.15689E+01 0.81155E-02 0.30907E-01 0.11615E+02      2475    5  377   37
 0.15669E+01 0.80326E-02 0.33117E-01 0.11013E+02      2480    5  377   37
 0.15503E+01 0.80273E-02 0.30355E-01 0.11615E+02      2485    5  377   37
 0.15011E+01 0.79599E-02 0.32813E-01 0.11015E+02      2490    5  377   37
 0.15866E+01 0.79383E-02 0.29777E-01 0.11614E+02      2495    5  181   35
 0.13519E+01 0.78730E-02 0.32237E-01 0.11016E+02      2500    6  377   37
 0.15430E+01 0.78382E-02 0.29241E-01 0.11614E+02      2505    6  183   35
 0.15626E+01 0.78006E-02 0.31401E-01 0.11018E+02      2510    5  180   35
 0.15429E+01 0.77714E-02 0.28838E-01 0.11613E+02      2515    6  183   35
 0.19636E+01 0.77498E-02 0.30908E-01 0.11021E+02      2520    5  180   35
 0.13550E+01 0.77249E-02 0.28512E-01 0.11613E+02      2525    6  181   35
 0.13520E+01 0.77110E-02 0.30642E-01 0.11024E+02      2530    5  179   35
 0.16204E+01 0.76820E-02 0.28271E-01 0.11614E+02      2535    6  181   35
 0.14280E+01 0.76563E-02 0.30400E-01 0.11027E+02      2540    9  178   35
 0.16913E+01 0.76353E-02 0.28412E-01 0.11613E+02      2545    6  181   35
 0.97817E+00 0.76016E-02 0.30120E-01 0.11030E+02      2550    6  378   37
 0.14147E+01 0.75850E-02 0.28728E-01 0.11613E+02      2555    6  180   35
 0.11443E+01 0.75470E-02 0.29815E-01 0.11032E+02      2560    7  181   35
 0.12631E+01 0.75400E-02 0.29059E-01 0.11612E+02      2565    7  183   36
 0.13168E+01 0.75020E-02 0.29516E-01 0.11033E+02      2570    7  181   35
 0.13330E+01 0.75073E-02 0.29296E-01 0.11611E+02      2575    7  183   35
 0.14014E+01 0.74540E-02 0.29330E-01 0.11034E+02      2580    7  181   35
 0.11788E+01 0.74661E-02 0.29385E-01 0.11610E+02      2585    9  180   36
 0.14934E+01 0.73968E-02 0.29235E-01 0.11034E+02      2590    7  181   35
 0.11409E+01 0.74116E-02 0.29692E-01 0.11608E+02      2595    9  180   35
 0.96161E+00 0.73358E-02 0.29193E-01 0.11033E+02      2600    7  382   37
 0.10587E+01 0.73652E-02 0.29779E-01 0.11606E+02      2605    7  381   37
 0.12290E+01 0.73004E-02 0.29213E-01 0.11032E+02      2610    7  381   37
 0.13060E+01 0.73293E-02 0.29659E-01 0.11604E+02      2615    7  381   37
 0.12780E+01 0.72604E-02 0.29260E-01 0.11031E+02      2620    7  381   37
 0.11970E+01 0.72789E-02 0.29381E-01 0.11603E+02      2625    5  173   35
 0.13177E+01 0.72223E-02 0.29321E-01 0.11029E+02      2630    5  173   36
 0.14757E+01 0.72385E-02 0.28971E-01 0.11602E+02      2635    8  183   37
 0.14459E+01 0.71908E-02 0.29357E-01 0.11028E+02      2640    8  183   36
-0.15666E+01 0.72047E-02 0.28455E-01 0.11601E+02      2645    4  375   37
 0.16732E+01 0.71713E-02 0.29362E-01 0.11028E+02      2650    8  183   35
 0.10300E+01 0.71601E-02 0.27993E-01 0.11601E+02      2655    3  376   36
 0.15206E+01 0.71343E-02 0.29356E-01 0.11027E+02      2660    8  183   35
-0.12706E+01 0.71034E-02 0.27598E-01 0.11601E+02      2665    5  380   37
 0.13408E+01 0.70820E-02 0.30036E-01 0.11028E+02      2670    5  174   36
-0.10149E+01 0.70446E-02 0.27575E-01 0.11601E+02      2675    5  380   37
 0.12306E+01 0.70229E-02 0.30636E-01 0.11028E+02      2680   10  179   35
 0.10944E+01 0.69833E-02 0.27774E-01 0.11601E+02      2685    3  377   36
 0.13180E+01 0.69629E-02 0.31059E-01 0.11029E+02      2690    3  377   36
 0.14492E+01 0.69107E-02 0.27813E-01 0.11601E+02      2695    3  377   36
 0.13225E+01 0.68879E-02 0.31308E-01 0.11030E+02      2700    4  377   37
 0.11734E+01 0.68508E-02 0.27672E-01 0.11601E+02      2705    9  183   35
 0.10538E+01 0.68328E-02 0.31372E-01 0.11031E+02      2710    9  182   37
 0.14550E+01 0.67991E-02 0.27366E-01 0.11600E+02      2715    9  183   35
 0.10497E+01 0.67766E-02 0.31274E-01 0.11032E+02      2720    4  373   36
 0.16252E+01 0.67433E-02 0.27055E-01 0.11599E+02      2725    9  183   35
 0.12223E+01 0.67240E-02 0.31074E-01 0.11033E+02      2730    4  378   37
 0.18342E+01 0.66852E-02 0.27001E-01 0.11599E+02      2735    9  183   35
 0.13528E+01 0.66597E-02 0.31323E-01 0.11033E+02      2740    4  368   37
 0.20096E+01 0.66273E-02 0.26949E-01 0.11598E+02      2745    9  183   35
 0.13017E+01 0.66181E-02 0.31743E-01 0.11034E+02      2750    9  184   36
 0.19561E+01 0.65881E-02 0.26905E-01 0.11598E+02      2755    9  183   35
 0.14090E+01 0.66033E-02 0.31977E-01 0.11034E+02      2760    6  173   36
 0.10592E+01 0.65885E-02 0.26856E-01 0.11597E+02      2765    5  374   36
 0.11605E+01 0.66092E-02 0.32069E-01 0.11035E+02      2770   11  179   35
 0.10852E+01 0.65862E-02 0.26810E-01 0.11597E+02      2775   11  179   36
 0.12400E+01 0.65957E-02 0.32057E-01 0.11036E+02      2780    6  375   36
 0.12643E+01 0.65656E-02 0.26773E-01 0.11597E+02      2785    6  377   37
 0.13950E+01 0.65673E-02 0.31924E-01 0.11038E+02      2790    6  376   37
 0.13295E+01 0.65191E-02 0.26782E-01 0.11598E+02      2795    6  375   37
 0.12132E+01 0.65200E-02 0.31663E-01 0.11039E+02      2800   11  179   35
 0.15100E+01 0.64674E-02 0.26793E-01 0.11598E+02      2805    6  174   35
 0.14580E+01 0.64666E-02 0.31259E-01 0.11040E+02      2810    6  174   36
 0.11598E+01 0.64041E-02 0.26786E-01 0.11598E+02      2815    6  174   37
 0.12533E+01 0.64005E-02 0.30688E-01 0.11041E+02      2820   11  180   35
 0.12100E+01 0.63439E-02 0.26737E-01 0.11598E+02      2825    5  177   35
 0.12797E+01 0.63471E-02 0.29935E-01 0.11043E+02      2830    6  186   36
 0.13169E+01 0.63066E-02 0.26643E-01 0.11598E+02      2835    5  177   35
 0.12731E+01 0.63146E-02 0.29124E-01 0.11044E+02      2840   11  180   35
 0.14480E+01 0.62867E-02 0.26515E-01 0.11597E+02      2845    7  378   37
 0.12580E+01 0.62908E-02 0.29222E-01 0.11044E+02      2850   11  180   35
 0.11498E+01 0.62689E-02 0.26372E-01 0.11597E+02      2855    8  380   37
 0.12501E+01 0.62777E-02 0.29209E-01 0.11045E+02      2860    7  377   37
 0.13830E+01 0.62554E-02 0.26209E-01 0.11596E+02      2865    7  377   37
 0.15378E+01 0.62586E-02 0.29103E-01 0.11045E+02      2870    7  377   37
 0.12585E+01 0.62310E-02 0.26124E-01 0.11596E+02      2875    7  373   37
 0.14349E+01 0.62506E-02 0.28919E-01 0.11044E+02      2880    7  373   37
 0.15086E+01 0.62337E-02 0.26456E-01 0.11595E+02      2885    7  373   37
 0.14058E+01 0.62439E-02 0.28879E-01 0.11044E+02      2890    7  376   37
 0.15001E+01 0.62264E-02 0.26779E-01 0.11595E+02      2895    7  376   37
 0.14708E+01 0.62331E-02 0.28917E-01 0.11044E+02      2900    7  374   37
 0.15343E+01 0.62173E-02 0.27082E-01 0.11595E+02      2905    7  374   37
 0.15672E+01 0.62130E-02 0.28906E-01 0.11044E+02      2910    7  375   37
-0.10591E+01 0.61905E-02 0.27447E-01 0.11595E+02      2915    5  375   37
 0.12683E+01 0.61883E-02 0.28805E-01 0.11044E+02      2920    6  177   36
 0.11939E+01 0.61783E-02 0.27849E-01 0.11595E+02      2925    7  174   35
 0.12412E+01 0.61734E-02 0.28574E-01 0.11043E+02      2930    6  177   36
 0.14220E+01 0.61516E-02 0.28107E-01 0.11596E+02      2935    6  176   36
 0.16170E+01 0.61482E-02 0.28222E-01 0.11043E+02      2940    6  177   36
 0.15054E+01 0.61254E-02 0.28208E-01 0.11596E+02      2945    6  177   35
 0.16104E+01 0.61194E-02 0.27767E-01 0.11043E+02      2950    6  177   36
 0.16167E+01 0.60971E-02 0.28303E-01 0.11596E+02      2955    6  177   35
 0.12902E+01 0.60950E-02 0.27257E-01 0.11044E+02      2960    6  176   35
 0.16635E+01 0.60798E-02 0.28192E-01 0.11596E+02      2965    6  177   35
 0.11600E+01 0.60731E-02 0.26945E-01 0.11044E+02      2970    8  377   37
 0.14296E+01 0.60477E-02 0.28002E-01 0.11596E+02      2975    5  183   36
 0.13201E+01 0.60378E-02 0.26653E-01 0.11044E+02      2980    8  377   37
 0.13988E+01 0.60063E-02 0.27670E-01 0.11596E+02      2985    8  377   37
-0.12921E+01 0.59962E-02 0.27062E-01 0.11044E+02      2990    6  377   37
 0.13748E+01 0.59705E-02 0.27219E-01 0.11596E+02      2995    5  183   35
 0.13035E+01 0.59574E-02 0.27334E-01 0.11045E+02      3000    5  182   36
 0.12680E+01 0.59361E-02 0.26727E-01 0.11595E+02      3005    8  376   37
 0.12381E+01 0.59209E-02 0.27443E-01 0.11045E+02      3010    4  372   37
 0.13475E+01 0.58950E-02 0.26326E-01 0.11595E+02      3015    4  382   37
 0.11394E+01 0.58739E-02 0.27381E-01 0.11045E+02      3020    4  382   36
 0.11592E+01 0.58558E-02 0.25904E-01 0.11594E+02      3025    7  178   37
 0.13844E+01 0.58361E-02 0.27108E-01 0.11047E+02      3030    7  179   37
 0.13917E+01 0.58267E-02 0.25761E-01 0.11593E+02      3035    5  182   35
 0.15074E+01 0.58248E-02 0.26708E-01 0.11048E+02      3040    7  179   36
 0.14431E+01 0.58183E-02 0.25630E-01 0.11591E+02      3045    7  178   36
 0.15424E+01 0.58172E-02 0.26445E-01 0.11049E+02      3050    7  179   35
 0.14185E+01 0.58154E-02 0.25513E-01 0.11590E+02      3055    7  178   36
 0.16868E+01 0.58166E-02 0.26422E-01 0.11050E+02      3060    7  179   35
 0.13297E+01 0.58127E-02 0.25413E-01 0.11590E+02      3065    6  183   35
 0.15265E+01 0.58244E-02 0.26599E-01 0.11050E+02      3070    7  178   35
 0.17175E+01 0.58264E-02 0.25425E-01 0.11589E+02      3075    6  183   35
 0.16841E+01 0.58234E-02 0.26724E-01 0.11050E+02      3080    6  182   35
 0.18095E+01 0.58257E-02 0.25738E-01 0.11589E+02      3085    6  183   35
 0.13348E+01 0.58303E-02 0.26760E-01 0.11050E+02      3090    6  182   35
 0.13630E+01 0.58384E-02 0.25995E-01 0.11588E+02      3095    7  177   35
 0.12244E+01 0.58505E-02 0.27079E-01 0.11049E+02      3100    4  374   37
 0.13574E+01 0.58526E-02 0.26203E-01 0.11588E+02      3105    4  374   37
 0.12051E+01 0.58515E-02 0.27340E-01 0.11049E+02      3110    4  375   37
 0.11351E+01 0.58417E-02 0.26376E-01 0.11588E+02      3115    5  380   37
 0.10901E+01 0.58302E-02 0.27524E-01 0.11049E+02      3120    6  381   37
 0.11963E+01 0.58157E-02 0.26560E-01 0.11588E+02      3125    6  381   37
 0.12849E+01 0.58078E-02 0.27629E-01 0.11049E+02      3130    6  379   37
 0.12415E+01 0.57948E-02 0.26754E-01 0.11588E+02      3135    8  179   37
 0.12167E+01 0.57736E-02 0.27623E-01 0.11050E+02      3140    8  179   35
 0.14038E+01 0.57627E-02 0.26911E-01 0.11588E+02      3145    5  377   37
 0.14286E+01 0.57399E-02 0.27476E-01 0.11050E+02      3150    5  373   36
 0.14744E+01 0.57302E-02 0.26966E-01 0.11588E+02      3155    8  179   36
 0.15246E+01 0.56954E-02 0.27196E-01 0.11051E+02      3160    8  179   35
 0.16317E+01 0.56885E-02 0.27161E-01 0.11588E+02      3165    8  179   37
 0.16520E+01 0.56438E-02 0.26830E-01 0.11051E+02      3170    8  179   35
 0.16915E+01 0.56259E-02 0.27384E-01 0.11587E+02      3175    8  179   36
 0.18137E+01 0.55848E-02 0.26561E-01 0.11052E+02      3180    8  179   35
 0.18065E+01 0.55630E-02 0.27609E-01 0.11587E+02      3185    8  180   35
 0.19583E+01 0.55264E-02 0.26364E-01 0.11052E+02      3190    8  179   35
 0.19750E+01 0.55123E-02 0.27834E-01 0.11587E+02      3195    8  180   35
 0.20472E+01 0.54861E-02 0.26130E-01 0.11052E+02      3200    8  179   35
 0.20086E+01 0.54823E-02 0.28101E-01 0.11586E+02      3205    8  180   35
 0.18783E+01 0.54656E-02 0.25849E-01 0.11052E+02      3210    8  178   35
 0.15265E+01 0.54649E-02 0.28288E-01 0.11585E+02      3215    8  180   35
 0.17274E+01 0.54424E-02 0.25866E-01 0.11052E+02      3220    8  178   37
 0.12131E+01 0.54409E-02 0.28520E-01 0.11585E+02      3225    8  181   36
 0.16824E+01 0.54254E-02 0.25904E-01 0.11052E+02      3230    8  178   37
 0.13143E+01 0.54251E-02 0.28594E-01 0.11584E+02      3235    8  181   36
 0.15426E+01 0.54044E-02 0.25827E-01 0.11052E+02      3240    8  178   37
 0.14472E+01 0.54092E-02 0.28529E-01 0.11584E+02      3245    8  184   37
 0.13758E+01 0.53739E-02 0.25633E-01 0.11052E+02      3250    8  181   35
 0.14348E+01 0.53749E-02 0.28317E-01 0.11583E+02      3255    8  183   37
 0.15507E+01 0.53312E-02 0.25483E-01 0.11052E+02      3260    8  181   35
 0.15964E+01 0.53214E-02 0.27968E-01 0.11583E+02      3265    8  183   37
 0.16393E+01 0.52725E-02 0.25371E-01 0.11053E+02      3270    8  181   35
 0.17581E+01 0.52615E-02 0.27671E-01 0.11582E+02      3275    8  183   37
 0.17420E+01 0.52137E-02 0.25271E-01 0.11053E+02      3280    9  176   35
 0.19029E+01 0.52268E-02 0.27315E-01 0.11582E+02      3285    8  183   37
 0.18348E+01 0.51873E-02 0.25271E-01 0.11053E+02      3290    9  176   35
 0.18481E+01 0.52059E-02 0.26903E-01 0.11581E+02      3295    8  183   37
 0.17426E+01 0.51652E-02 0.25512E-01 0.11053E+02      3300    9  178   35
 0.19663E+01 0.51768E-02 0.26450E-01 0.11581E+02      3305    9  177   35
 0.19099E+01 0.51361E-02 0.25760E-01 0.11053E+02      3310    9  178   35
 0.20961E+01 0.51492E-02 0.25957E-01 0.11580E+02      3315    9  177   35
 0.21032E+01 0.51139E-02 0.25841E-01 0.11053E+02      3320    9  178   35
 0.17923E+01 0.51235E-02 0.25660E-01 0.11580E+02      3325    9  180   36
 0.22013E+01 0.51060E-02 0.25814E-01 0.11053E+02      3330    9  179   35
 0.14785E+01 0.51074E-02 0.25503E-01 0.11579E+02      3335    9  180   36
 0.24040E+01 0.50966E-02 0.25869E-01 0.11052E+02      3340    9  179   35
 0.13411E+01 0.50975E-02 0.25342E-01 0.11579E+02      3345    7  377   37
 0.23926E+01 0.50829E-02 0.26634E-01 0.11052E+02      3350    9  180   35
 0.15975E+01 0.50947E-02 0.25182E-01 0.11579E+02      3355    7  377   37
 0.16041E+01 0.50751E-02 0.27273E-01 0.11052E+02      3360    9  181   36
 0.13610E+01 0.50680E-02 0.25030E-01 0.11579E+02      3365    7  374   37
 0.18406E+01 0.50594E-02 0.27774E-01 0.11052E+02      3370    9  181   36
 0.18056E+01 0.50569E-02 0.24883E-01 0.11579E+02      3375    9  181   35
 0.14665E+01 0.50417E-02 0.28118E-01 0.11052E+02      3380    9  181   36
 0.19675E+01 0.50404E-02 0.24750E-01 0.11579E+02      3385    9  181   35
 0.14691E+01 0.50338E-02 0.28302E-01 0.11053E+02      3390    9  182   37
 0.19913E+01 0.50342E-02 0.24634E-01 0.11578E+02      3395    9  181   35
 0.15827E+01 0.50330E-02 0.28306E-01 0.11053E+02      3400    9  184   37
 0.19382E+01 0.50380E-02 0.24619E-01 0.11578E+02      3405    9  181   35
 0.18283E+01 0.50376E-02 0.28109E-01 0.11054E+02      3410    9  182   37
 0.19471E+01 0.50317E-02 0.24672E-01 0.11578E+02      3415    9  183   36
 0.18912E+01 0.50380E-02 0.27710E-01 0.11055E+02      3420    9  182   35
 0.20378E+01 0.50387E-02 0.24669E-01 0.11578E+02      3425    9  183   36
 0.20463E+01 0.50385E-02 0.27156E-01 0.11056E+02      3430    9  183   35
 0.14737E+01 0.50257E-02 0.24619E-01 0.11578E+02      3435    8  378   37
 0.20922E+01 0.50232E-02 0.26468E-01 0.11057E+02      3440    9  183   35
 0.11037E+01 0.50138E-02 0.24532E-01 0.11577E+02      3445    8  377   37
 0.16523E+01 0.50164E-02 0.25676E-01 0.11058E+02      3450    9  183   35
 0.12235E+01 0.50057E-02 0.24769E-01 0.11577E+02      3455    8  377   37
 0.13542E+01 0.50024E-02 0.25730E-01 0.11058E+02      3460   10  180   36
 0.12036E+01 0.49958E-02 0.24989E-01 0.11577E+02      3465    6  381   37
 0.13982E+01 0.49898E-02 0.25770E-01 0.11059E+02      3470    6  381   37
 0.14617E+01 0.49846E-02 0.25175E-01 0.11577E+02      3475    7  383   37
 0.12076E+01 0.49845E-02 0.25743E-01 0.11059E+02      3480   10  181   35
 0.13820E+01 0.49868E-02 0.25333E-01 0.11576E+02      3485   10  181   36
 0.13395E+01 0.49872E-02 0.25673E-01 0.11059E+02      3490   10  181   35
 0.13299E+01 0.49855E-02 0.25562E-01 0.11576E+02      3495   10  181   36
 0.13702E+01 0.49802E-02 0.25699E-01 0.11059E+02      3500   10  181   35
 0.12889E+01 0.49750E-02 0.25878E-01 0.11576E+02      3505   10  182   37
 0.14226E+01 0.49705E-02 0.25709E-01 0.11059E+02      3510   10  182   36
 0.13795E+01 0.49698E-02 0.26129E-01 0.11576E+02      3515   10  182   37
 0.15089E+01 0.49675E-02 0.25705E-01 0.11059E+02      3520   10  182   36
 0.15985E+01 0.49685E-02 0.26309E-01 0.11576E+02      3525    7  382   37
 0.15747E+01 0.49595E-02 0.25693E-01 0.11059E+02      3530   10  182   35
 0.15673E+01 0.49497E-02 0.26397E-01 0.11576E+02      3535    5  180   36
 0.17028E+01 0.49448E-02 0.25655E-01 0.11059E+02      3540    5  180   35
 0.17100E+01 0.49222E-02 0.26389E-01 0.11576E+02      3545    5  180   36
 0.18057E+01 0.49142E-02 0.25620E-01 0.11059E+02      3550    5  180   35
 0.18172E+01 0.48961E-02 0.26298E-01 0.11576E+02      3555    5  180   36
 0.17234E+01 0.48743E-02 0.25600E-01 0.11060E+02      3560    5  181   35
 0.15525E+01 0.48518E-02 0.26150E-01 0.11576E+02      3565    5  179   36
 0.15998E+01 0.48248E-02 0.25587E-01 0.11060E+02      3570    5  181   35
 0.15902E+01 0.48129E-02 0.25948E-01 0.11575E+02      3575    5  179   36
 0.16347E+01 0.47984E-02 0.25588E-01 0.11060E+02      3580    5  183   35
 0.15515E+01 0.47830E-02 0.25711E-01 0.11575E+02      3585    5  182   36
 0.16729E+01 0.47729E-02 0.25599E-01 0.11060E+02      3590    5  183   36
 0.16080E+01 0.47592E-02 0.25416E-01 0.11575E+02      3595    5  183   37
 0.14049E+01 0.47470E-02 0.25610E-01 0.11060E+02      3600    5  182   35
 0.15549E+01 0.47401E-02 0.25303E-01 0.11574E+02      3605    5  183   37
 0.13006E+01 0.47289E-02 0.25661E-01 0.11061E+02      3610    9  385   37
 0.14937E+01 0.47325E-02 0.25228E-01 0.11574E+02      3615    5  183   37
 0.12447E+01 0.47319E-02 0.25620E-01 0.11061E+02      3620    5  376   37
 0.12576E+01 0.47297E-02 0.25079E-01 0.11573E+02      3625   11  179   35
 0.13444E+01 0.47256E-02 0.25537E-01 0.11062E+02      3630    7  380   37
 0.12639E+01 0.47158E-02 0.24866E-01 0.11572E+02      3635    6  184   37
 0.12912E+01 0.47170E-02 0.25515E-01 0.11063E+02      3640   11  180   35
 0.13371E+01 0.47154E-02 0.24718E-01 0.11572E+02      3645    6  184   37
 0.12717E+01 0.47125E-02 0.25493E-01 0.11063E+02      3650   11  181   35
 0.12729E+01 0.46987E-02 0.24642E-01 0.11571E+02      3655    6  183   35
 0.12018E+01 0.46986E-02 0.25601E-01 0.11064E+02      3660   11  181   35
 0.14626E+01 0.46859E-02 0.24490E-01 0.11571E+02      3665    6  183   35
 0.13081E+01 0.46788E-02 0.25768E-01 0.11065E+02      3670    6  183   36
 0.16328E+01 0.46636E-02 0.24290E-01 0.11571E+02      3675    6  183   35
 0.14048E+01 0.46597E-02 0.25851E-01 0.11066E+02      3680    6  183   36
 0.18256E+01 0.46532E-02 0.24042E-01 0.11570E+02      3685    6  183   35
 0.14154E+01 0.46488E-02 0.25835E-01 0.11067E+02      3690    6  183   36
 0.20082E+01 0.46390E-02 0.23766E-01 0.11570E+02      3695    6  183   35
 0.17273E+01 0.46368E-02 0.25721E-01 0.11067E+02      3700    6  183   36
 0.16931E+01 0.46311E-02 0.23506E-01 0.11570E+02      3705    6  180   35
 0.15996E+01 0.46368E-02 0.25484E-01 0.11068E+02      3710    6  181   35
 0.18206E+01 0.46368E-02 0.23437E-01 0.11570E+02      3715    6  180   35
 0.18328E+01 0.46507E-02 0.25419E-01 0.11068E+02      3720    6  182   35
 0.18180E+01 0.46456E-02 0.23493E-01 0.11569E+02      3725    6  180   35
 0.18538E+01 0.46570E-02 0.25411E-01 0.11069E+02      3730    6  181   35
 0.15598E+01 0.46455E-02 0.23704E-01 0.11569E+02      3735    6  180   37
 0.18041E+01 0.46482E-02 0.25410E-01 0.11069E+02      3740    6  179   35
 0.17360E+01 0.46349E-02 0.24048E-01 0.11569E+02      3745    6  179   36
 0.18631E+01 0.46304E-02 0.25401E-01 0.11069E+02      3750    6  179   35
 0.11199E+01 0.46137E-02 0.24439E-01 0.11569E+02      3755    6  178   37
 0.12618E+01 0.46097E-02 0.25384E-01 0.11069E+02      3760    6  178   36
 0.11476E+01 0.45929E-02 0.24858E-01 0.11569E+02      3765    6  178   37
 0.13368E+01 0.45768E-02 0.25372E-01 0.11069E+02      3770    6  178   35
 0.10292E+01 0.45562E-02 0.25276E-01 0.11569E+02      3775    4  379   37
 0.11542E+01 0.45488E-02 0.25360E-01 0.11069E+02      3780    4  379   37
 0.10780E+01 0.45363E-02 0.25648E-01 0.11569E+02      3785    6  383   37
 0.10688E+01 0.45386E-02 0.25339E-01 0.11069E+02      3790    7  184   37
 0.11433E+01 0.45326E-02 0.25972E-01 0.11569E+02      3795    7  184   36
 0.11880E+01 0.45307E-02 0.25315E-01 0.11070E+02      3800    7  377   37
 0.12936E+01 0.45354E-02 0.26218E-01 0.11569E+02      3805    7  377   37
 0.13716E+01 0.45322E-02 0.25307E-01 0.11070E+02      3810    7  377   37
 0.13060E+01 0.45258E-02 0.26401E-01 0.11569E+02      3815    7  184   35
-0.11526E+01 0.45207E-02 0.25314E-01 0.11069E+02      3820    7  379   37
-0.11901E+01 0.45173E-02 0.26517E-01 0.11569E+02      3825    7  379   37
 0.12651E+01 0.45250E-02 0.25329E-01 0.11069E+02      3830    7  376   37
 0.13567E+01 0.45193E-02 0.26555E-01 0.11570E+02      3835    7  376   37
 0.14684E+01 0.45112E-02 0.25347E-01 0.11069E+02      3840    7  376   37
 0.13026E+01 0.45111E-02 0.26509E-01 0.11570E+02      3845    5  380   37
 0.13458E+01 0.45059E-02 0.25364E-01 0.11068E+02      3850    7  373   37
 0.13878E+01 0.45052E-02 0.26394E-01 0.11570E+02      3855    7  183   35
 0.14491E+01 0.45107E-02 0.25385E-01 0.11068E+02      3860    7  375   37
 0.13518E+01 0.45106E-02 0.26226E-01 0.11570E+02      3865    7  183   35
 0.13243E+01 0.45038E-02 0.25407E-01 0.11067E+02      3870    7  182   35
 0.13258E+01 0.45022E-02 0.25974E-01 0.11570E+02      3875    7  183   35
 0.13814E+01 0.44939E-02 0.25415E-01 0.11067E+02      3880    7  182   35
 0.11481E+01 0.44920E-02 0.25642E-01 0.11570E+02      3885    7  181   35
 0.14454E+01 0.44949E-02 0.25403E-01 0.11067E+02      3890    7  182   35
 0.14374E+01 0.44948E-02 0.25394E-01 0.11569E+02      3895    8  385   37
 0.14610E+01 0.44975E-02 0.25372E-01 0.11068E+02      3900    8  385   37
 0.15105E+01 0.44931E-02 0.25305E-01 0.11568E+02      3905    7  181   35
 0.14934E+01 0.44985E-02 0.25348E-01 0.11068E+02      3910    7  182   35
 0.16105E+01 0.44925E-02 0.25189E-01 0.11568E+02      3915    7  181   35
 0.14294E+01 0.44984E-02 0.25340E-01 0.11068E+02      3920    7  182   35
 0.14584E+01 0.44892E-02 0.25057E-01 0.11567E+02      3925    7  181   35
 0.15795E+01 0.44869E-02 0.25354E-01 0.11068E+02      3930    7  180   35
 0.12803E+01 0.44815E-02 0.24977E-01 0.11567E+02      3935    6  380   37
 0.15594E+01 0.44780E-02 0.25386E-01 0.11068E+02      3940    7  180   35
 0.12105E+01 0.44771E-02 0.25037E-01 0.11567E+02      3945    8  184   37
 0.12675E+01 0.44864E-02 0.25469E-01 0.11068E+02      3950    8  384   37
 0.13647E+01 0.44880E-02 0.25074E-01 0.11567E+02      3955    8  184   37
 0.13330E+01 0.44799E-02 0.25905E-01 0.11068E+02      3960    8  183   35
 0.14067E+01 0.44784E-02 0.25067E-01 0.11566E+02      3965    8  183   37
 0.15242E+01 0.44812E-02 0.26204E-01 0.11069E+02      3970    8  183   35
 0.16843E+01 0.44663E-02 0.25037E-01 0.11566E+02      3975    8  183   37
 0.16909E+01 0.44695E-02 0.26384E-01 0.11069E+02      3980    8  183   36
 0.18407E+01 0.44335E-02 0.24980E-01 0.11565E+02      3985    8  183   37
 0.17886E+01 0.44299E-02 0.26437E-01 0.11069E+02      3990    8  183   36
 0.20082E+01 0.43945E-02 0.24879E-01 0.11565E+02      3995    8  183   37
 0.17770E+01 0.43886E-02 0.26375E-01 0.11070E+02      4000    8  183   36
 0.20316E+01 0.43512E-02 0.24733E-01 0.11565E+02      4005    8  183   37
 0.18021E+01 0.43628E-02 0.26188E-01 0.11070E+02      4010    8  183   36
 0.13792E+01 0.43224E-02 0.24544E-01 0.11564E+02      4015    8  183   37
 0.18301E+01 0.43277E-02 0.25905E-01 0.11071E+02      4020    8  183   35
 0.12599E+01 0.42852E-02 0.24315E-01 0.11564E+02      4025    8  181   37
 0.16799E+01 0.42918E-02 0.25527E-01 0.11072E+02      4030    8  182   35
 0.13501E+01 0.42606E-02 0.24051E-01 0.11564E+02      4035    8  178   36
 0.16416E+01 0.42712E-02 0.25321E-01 0.11072E+02      4040    8  182   35
 0.14657E+01 0.42432E-02 0.23774E-01 0.11563E+02      4045    8  178   36
 0.17055E+01 0.42503E-02 0.25287E-01 0.11073E+02      4050    8  177   35
 0.14798E+01 0.42220E-02 0.23498E-01 0.11563E+02      4055    8  180   35
 0.16811E+01 0.42380E-02 0.25258E-01 0.11073E+02      4060    8  181   35
 0.16953E+01 0.42203E-02 0.23249E-01 0.11563E+02      4065    8  178   36
 0.17717E+01 0.42345E-02 0.25231E-01 0.11074E+02      4070    8  178   35
 0.17457E+01 0.42230E-02 0.23238E-01 0.11563E+02      4075    8  180   35
 0.18129E+01 0.42363E-02 0.25207E-01 0.11074E+02      4080    8  178   35
 0.18269E+01 0.42369E-02 0.23235E-01 0.11563E+02      4085    8  179   36
 0.18861E+01 0.42487E-02 0.25198E-01 0.11075E+02      4090    8  179   35
 0.19300E+01 0.42501E-02 0.23211E-01 0.11563E+02      4095    8  179   36
 0.19153E+01 0.42577E-02 0.25192E-01 0.11075E+02      4100    8  179   35
 0.18047E+01 0.42545E-02 0.23270E-01 0.11563E+02      4105    8  180   35
 0.18176E+01 0.42610E-02 0.25180E-01 0.11075E+02      4110    8  179   37
 0.14304E+01 0.42566E-02 0.23337E-01 0.11563E+02      4115    9  176   35
 0.17004E+01 0.42684E-02 0.25164E-01 0.11075E+02      4120    8  179   37
 0.14169E+01 0.42659E-02 0.23356E-01 0.11563E+02      4125    9  176   35
 0.17633E+01 0.42760E-02 0.25157E-01 0.11075E+02      4130    9  184   36
 0.15054E+01 0.42720E-02 0.23329E-01 0.11563E+02      4135    9  183   36
 0.17200E+01 0.42906E-02 0.25143E-01 0.11075E+02      4140    9  184   37
 0.17902E+01 0.42942E-02 0.23234E-01 0.11563E+02      4145    9  183   36
 0.19089E+01 0.43100E-02 0.25123E-01 0.11075E+02      4150    9  183   37
 0.19779E+01 0.43176E-02 0.23201E-01 0.11564E+02      4155    9  183   36
 0.19924E+01 0.43264E-02 0.25259E-01 0.11075E+02      4160    9  183   37
 0.21910E+01 0.43315E-02 0.23373E-01 0.11564E+02      4165    9  183   36
 0.18127E+01 0.43341E-02 0.25397E-01 0.11075E+02      4170    9  183   35
 0.17246E+01 0.43366E-02 0.23549E-01 0.11564E+02      4175    9  182   37
 0.18909E+01 0.43472E-02 0.25716E-01 0.11074E+02      4180    9  182   36
 0.19460E+01 0.43488E-02 0.23713E-01 0.11565E+02      4185    9  182   37
 0.19015E+01 0.43629E-02 0.26133E-01 0.11074E+02      4190    9  182   36
 0.17769E+01 0.43587E-02 0.23839E-01 0.11565E+02      4195    9  181   35
 0.20679E+01 0.43674E-02 0.26459E-01 0.11073E+02      4200    9  182   35
 0.19554E+01 0.43655E-02 0.23898E-01 0.11565E+02      4205    9  181   35
 0.18818E+01 0.43660E-02 0.26654E-01 0.11073E+02      4210    9  182   35
 0.20927E+01 0.43603E-02 0.23889E-01 0.11565E+02      4215    9  181   35
 0.20050E+01 0.43524E-02 0.26718E-01 0.11073E+02      4220    9  180   36
 0.21111E+01 0.43404E-02 0.23803E-01 0.11565E+02      4225    9  181   35
 0.11020E+01 0.43336E-02 0.26652E-01 0.11073E+02      4230    5  183   35
 0.21087E+01 0.43260E-02 0.23649E-01 0.11565E+02      4235    9  180   35
 0.13457E+01 0.43264E-02 0.26493E-01 0.11073E+02      4240    7  377   37
 0.19158E+01 0.43196E-02 0.23440E-01 0.11565E+02      4245    9  180   35
 0.12576E+01 0.43236E-02 0.26248E-01 0.11074E+02      4250    5  183   35
 0.10651E+01 0.43203E-02 0.23174E-01 0.11565E+02      4255    4  180   35
 0.12813E+01 0.43358E-02 0.26125E-01 0.11074E+02      4260    5  183   35
 0.11751E+01 0.43315E-02 0.22867E-01 0.11565E+02      4265    4  180   35
 0.12775E+01 0.43479E-02 0.26238E-01 0.11075E+02      4270    5  183   37
 0.12931E+01 0.43456E-02 0.22649E-01 0.11565E+02      4275   10  184   36
 0.13406E+01 0.43693E-02 0.26358E-01 0.11075E+02      4280   10  183   36
 0.12784E+01 0.43646E-02 0.22622E-01 0.11564E+02      4285   10  184   37
 0.15023E+01 0.43820E-02 0.26425E-01 0.11075E+02      4290   10  183   36
 0.14012E+01 0.43741E-02 0.22600E-01 0.11564E+02      4295   10  183   35
 0.16356E+01 0.43817E-02 0.26377E-01 0.11076E+02      4300   10  183   36
 0.15136E+01 0.43680E-02 0.22587E-01 0.11564E+02      4305   10  183   35
 0.16299E+01 0.43728E-02 0.26211E-01 0.11076E+02      4310   10  183   37
 0.15259E+01 0.43651E-02 0.22570E-01 0.11564E+02      4315   10  183   35
 0.13397E+01 0.43616E-02 0.25927E-01 0.11076E+02      4320   10  183   37
 0.14182E+01 0.43507E-02 0.22551E-01 0.11564E+02      4325   10  182   36
 0.15148E+01 0.43473E-02 0.25553E-01 0.11077E+02      4330    5  182   35
 0.13672E+01 0.43456E-02 0.22524E-01 0.11564E+02      4335   10  181   36
 0.15030E+01 0.43311E-02 0.25114E-01 0.11077E+02      4340    5  182   35
 0.13703E+01 0.43231E-02 0.22499E-01 0.11564E+02      4345   10  181   36
 0.12479E+01 0.43124E-02 0.24985E-01 0.11077E+02      4350   10  180   36
 0.14409E+01 0.43030E-02 0.22477E-01 0.11564E+02      4355   10  181   35
 0.13246E+01 0.42922E-02 0.24937E-01 0.11078E+02      4360    5  182   37
 0.14223E+01 0.42934E-02 0.22456E-01 0.11564E+02      4365    5  181   35
 0.11659E+01 0.42813E-02 0.24891E-01 0.11078E+02      4370    6  183   36
 0.14840E+01 0.42748E-02 0.22735E-01 0.11564E+02      4375    5  181   35
 0.12758E+01 0.42525E-02 0.24846E-01 0.11078E+02      4380    6  183   36
 0.14858E+01 0.42577E-02 0.22967E-01 0.11564E+02      4385    5  181   35
 0.14319E+01 0.42406E-02 0.24795E-01 0.11079E+02      4390    6  183   36
 0.14455E+01 0.42372E-02 0.23120E-01 0.11563E+02      4395    6  183   37
 0.10900E+01 0.42161E-02 0.24740E-01 0.11079E+02      4400    4  370   37
 0.14275E+01 0.42028E-02 0.23207E-01 0.11563E+02      4405    6  183   37
 0.11815E+01 0.41866E-02 0.24698E-01 0.11079E+02      4410    5  177   37
 0.11842E+01 0.41644E-02 0.23241E-01 0.11563E+02      4415    5  180   35
 0.12548E+01 0.41569E-02 0.24643E-01 0.11080E+02      4420    5  177   37
 0.12921E+01 0.41436E-02 0.23267E-01 0.11562E+02      4425    6  182   35
 0.13007E+01 0.41383E-02 0.24586E-01 0.11080E+02      4430    5  178   36
 0.13564E+01 0.41260E-02 0.23303E-01 0.11562E+02      4435    6  182   35
 0.13301E+01 0.41189E-02 0.24531E-01 0.11081E+02      4440    5  178   36
 0.13449E+01 0.41152E-02 0.23303E-01 0.11561E+02      4445    6  182   35
 0.14417E+01 0.41103E-02 0.24486E-01 0.11081E+02      4450    5  179   36
 0.13748E+01 0.41031E-02 0.23285E-01 0.11561E+02      4455    5  180   36
 0.15042E+01 0.40929E-02 0.24453E-01 0.11081E+02      4460    5  179   36
 0.14473E+01 0.40779E-02 0.23235E-01 0.11560E+02      4465    6  182   35
 0.13747E+01 0.40765E-02 0.24423E-01 0.11082E+02      4470    5  179   36
 0.11901E+01 0.40701E-02 0.23144E-01 0.11560E+02      4475    6  182   36
 0.14080E+01 0.40711E-02 0.24387E-01 0.11082E+02      4480   11  183   35
 0.11348E+01 0.40658E-02 0.23021E-01 0.11560E+02      4485   11  182   36
 0.13556E+01 0.40679E-02 0.24362E-01 0.11082E+02      4490   11  183   35
 0.11296E+01 0.40620E-02 0.22873E-01 0.11559E+02      4495    6  182   37
 0.11357E+01 0.40572E-02 0.24333E-01 0.11082E+02      4500   11  179   35
 0.12363E+01 0.40520E-02 0.22700E-01 0.11559E+02      4505    4  372   37
 0.12936E+01 0.40497E-02 0.24313E-01 0.11083E+02      4510    4  372   37
 0.11293E+01 0.40305E-02 0.22513E-01 0.11559E+02      4515    6  378   37
 0.14259E+01 0.40291E-02 0.24289E-01 0.11083E+02      4520    6  181   35
 0.11934E+01 0.40213E-02 0.22306E-01 0.11558E+02      4525    4  373   37
 0.13490E+01 0.40222E-02 0.24247E-01 0.11084E+02      4530    6  181   35
 0.96698E+00 0.40149E-02 0.22088E-01 0.11558E+02      4535    6  181   37
 0.15532E+01 0.40222E-02 0.24219E-01 0.11084E+02      4540    6  181   35
 0.10810E+01 0.40263E-02 0.21941E-01 0.11558E+02      4545    6  181   37
 0.14920E+01 0.40292E-02 0.24207E-01 0.11084E+02      4550    6  181   35
 0.12021E+01 0.40330E-02 0.21925E-01 0.11557E+02      4555    6  180   35
 0.11974E+01 0.40358E-02 0.24219E-01 0.11084E+02      4560    6  377   37
 0.11247E+01 0.40426E-02 0.21922E-01 0.11557E+02      4565    6  180   35
 0.91314E+00 0.40478E-02 0.24253E-01 0.11084E+02      4570    6  176   36
 0.13520E+01 0.40515E-02 0.21912E-01 0.11557E+02      4575    6  180   35
 0.10441E+01 0.40561E-02 0.24391E-01 0.11085E+02      4580    7  379   37
 0.14003E+01 0.40639E-02 0.21904E-01 0.11557E+02      4585    6  180   35
 0.10598E+01 0.40714E-02 0.24449E-01 0.11085E+02      4590    5  372   37
 0.13723E+01 0.40750E-02 0.22168E-01 0.11557E+02      4595    6  180   35
 0.10832E+01 0.40804E-02 0.24418E-01 0.11085E+02      4600    6  179   35
 0.17025E+01 0.40787E-02 0.22391E-01 0.11557E+02      4605    6  180   35
 0.13220E+01 0.40825E-02 0.24286E-01 0.11085E+02      4610    6  180   37
 0.16559E+01 0.40750E-02 0.22535E-01 0.11558E+02      4615    6  180   35
 0.13707E+01 0.40764E-02 0.24247E-01 0.11085E+02      4620    6  180   37
 0.11932E+01 0.40602E-02 0.22613E-01 0.11558E+02      4625    6  180   36
 0.12615E+01 0.40651E-02 0.24208E-01 0.11085E+02      4630    6  180   37
 0.11741E+01 0.40447E-02 0.22649E-01 0.11557E+02      4635    7  182   35
 0.12789E+01 0.40558E-02 0.24170E-01 0.11086E+02      4640    6  178   36
 0.12416E+01 0.40409E-02 0.22651E-01 0.11557E+02      4645    6  179   37
 0.13027E+01 0.40414E-02 0.24126E-01 0.11086E+02      4650    7  182   37
 0.12552E+01 0.40324E-02 0.22608E-01 0.11557E+02      4655    7  182   35
 0.12192E+01 0.40308E-02 0.24088E-01 0.11086E+02      4660    7  182   36
 0.13136E+01 0.40266E-02 0.22813E-01 0.11557E+02      4665    6  179   37
 0.11704E+01 0.40219E-02 0.24052E-01 0.11086E+02      4670    6  371   37
 0.12309E+01 0.40101E-02 0.23114E-01 0.11557E+02      4675    7  182   35
 0.13476E+01 0.40037E-02 0.24012E-01 0.11087E+02      4680    6  375   37
 0.10324E+01 0.39975E-02 0.23454E-01 0.11556E+02      4685    7  377   37
 0.11698E+01 0.39884E-02 0.23968E-01 0.11087E+02      4690    7  377   37
 0.13005E+01 0.39828E-02 0.23754E-01 0.11556E+02      4695    7  377   37
 0.14255E+01 0.39787E-02 0.23933E-01 0.11087E+02      4700    7  377   37
 0.12814E+01 0.39672E-02 0.23977E-01 0.11556E+02      4705    8  183   36
 0.13757E+01 0.39516E-02 0.23897E-01 0.11087E+02      4710    8  183   37
 0.14207E+01 0.39423E-02 0.24119E-01 0.11556E+02      4715    8  183   36
 0.15247E+01 0.39266E-02 0.23879E-01 0.11087E+02      4720    8  183   37
 0.15356E+01 0.39234E-02 0.24226E-01 0.11556E+02      4725    8  183   36
 0.16488E+01 0.39130E-02 0.23866E-01 0.11087E+02      4730    8  183   37
 0.16096E+01 0.39111E-02 0.24358E-01 0.11556E+02      4735    8  183   36
 0.16834E+01 0.38988E-02 0.23856E-01 0.11086E+02      4740    8  183   37
 0.15932E+01 0.38929E-02 0.24416E-01 0.11556E+02      4745    8  183   36
 0.16024E+01 0.38881E-02 0.23844E-01 0.11086E+02      4750    8  183   37
 0.11990E+01 0.38872E-02 0.24398E-01 0.11556E+02      4755    8  183   36
 0.15716E+01 0.38895E-02 0.23836E-01 0.11086E+02      4760    8  183   37
 0.15106E+01 0.38872E-02 0.24306E-01 0.11556E+02      4765    8  183   36
 0.12120E+01 0.38861E-02 0.23832E-01 0.11086E+02      4770    7  178   35
 0.12390E+01 0.38849E-02 0.24146E-01 0.11556E+02      4775    7  375   37
 0.13219E+01 0.38879E-02 0.23842E-01 0.11085E+02      4780    7  178   35
 0.12753E+01 0.39009E-02 0.23933E-01 0.11556E+02      4785    7  179   35
 0.13928E+01 0.39099E-02 0.23871E-01 0.11085E+02      4790    7  178   35
 0.13152E+01 0.39200E-02 0.23656E-01 0.11556E+02      4795    7  179   35
 0.14385E+01 0.39306E-02 0.23880E-01 0.11085E+02      4800    8  182   35
 0.15246E+01 0.39484E-02 0.23326E-01 0.11556E+02      4805    7  179   35
 0.15223E+01 0.39583E-02 0.23883E-01 0.11085E+02      4810    8  182   35
 0.14256E+01 0.39643E-02 0.22970E-01 0.11555E+02      4815    7  179   35
 0.14917E+01 0.39648E-02 0.23879E-01 0.11085E+02      4820    8  182   35
 0.13681E+01 0.39808E-02 0.23003E-01 0.11555E+02      4825    7  179   37
 0.13534E+01 0.39773E-02 0.23854E-01 0.11085E+02      4830    8  182   35
 0.11770E+01 0.39783E-02 0.23089E-01 0.11555E+02      4835    7  179   37
 0.14927E+01 0.39727E-02 0.23835E-01 0.11086E+02      4840    8  182   35
 0.11373E+01 0.39708E-02 0.23127E-01 0.11554E+02      4845    8  181   36
 0.12526E+01 0.39553E-02 0.23824E-01 0.11086E+02      4850    8  181   35
 0.12547E+01 0.39450E-02 0.23090E-01 0.11554E+02      4855    8  181   37
 0.16827E+01 0.39283E-02 0.23817E-01 0.11086E+02      4860    8  182   37
 0.14622E+01 0.39174E-02 0.22986E-01 0.11553E+02      4865    8  181   36
 0.15087E+01 0.38991E-02 0.24126E-01 0.11087E+02      4870    8  181   35
 0.15706E+01 0.38879E-02 0.22826E-01 0.11553E+02      4875    8  181   36
 0.16055E+01 0.38753E-02 0.24678E-01 0.11087E+02      4880    8  181   35
 0.16041E+01 0.38697E-02 0.22638E-01 0.11553E+02      4885    8  181   36
 0.16132E+01 0.38635E-02 0.25222E-01 0.11087E+02      4890    8  181   35
 0.15522E+01 0.38547E-02 0.22427E-01 0.11553E+02      4895    8  181   37
 0.16134E+01 0.38554E-02 0.25697E-01 0.11086E+02      4900    8  181   35
 0.14827E+01 0.38565E-02 0.22210E-01 0.11554E+02      4905    8  181   36
 0.15079E+01 0.38646E-02 0.26057E-01 0.11086E+02      4910    8  180   35
 0.15396E+01 0.38729E-02 0.21953E-01 0.11554E+02      4915    8  177   35
 0.15143E+01 0.38765E-02 0.26266E-01 0.11086E+02      4920    8  180   35
 0.15982E+01 0.38801E-02 0.21773E-01 0.11555E+02      4925    8  178   35
 0.15877E+01 0.38957E-02 0.26273E-01 0.11087E+02      4930    8  180   35
 0.16968E+01 0.38928E-02 0.21691E-01 0.11555E+02      4935    8  178   35
 0.16377E+01 0.39081E-02 0.26078E-01 0.11087E+02      4940    8  180   35
 0.17780E+01 0.38956E-02 0.21641E-01 0.11555E+02      4945    8  178   35
 0.17330E+01 0.39077E-02 0.25712E-01 0.11088E+02      4950    8  179   35
 0.18042E+01 0.38951E-02 0.21604E-01 0.11554E+02      4955    8  180   37
 0.17565E+01 0.39057E-02 0.25239E-01 0.11088E+02      4960    8  179   36
 0.20427E+01 0.38916E-02 0.21570E-01 0.11554E+02      4965    8  180   37
 0.15621E+01 0.38972E-02 0.24698E-01 0.11089E+02      4970    8  178   37
 0.22001E+01 0.38858E-02 0.21543E-01 0.11554E+02      4975    8  180   37
 0.14804E+01 0.38909E-02 0.24111E-01 0.11089E+02      4980    9  176   35
 0.20469E+01 0.38816E-02 0.21523E-01 0.11554E+02      4985    8  179   37
 0.15593E+01 0.38891E-02 0.24140E-01 0.11090E+02      4990    9  182   35
 0.16816E+01 0.38840E-02 0.21538E-01 0.11554E+02      4995    8  179   37
 0.15808E+01 0.39014E-02 0.24204E-01 0.11090E+02      5000    9  182   35
 0.13738E+01 0.39014E-02 0.21735E-01 0.11554E+02      5005    9  177   35
 0.14921E+01 0.39258E-02 0.24239E-01 0.11090E+02      5010    9  181   37
 0.16456E+01 0.39214E-02 0.21920E-01 0.11554E+02      5015    9  181   36
 0.16151E+01 0.39344E-02 0.24262E-01 0.11090E+02      5020    9  181   35
 0.17633E+01 0.39313E-02 0.22075E-01 0.11554E+02      5025    9  181   36
 0.17517E+01 0.39381E-02 0.24279E-01 0.11091E+02      5030    9  181   37
 0.15183E+01 0.39365E-02 0.22197E-01 0.11554E+02      5035    9  178   35
 0.17411E+01 0.39344E-02 0.24288E-01 0.11091E+02      5040    9  181   35
 0.16091E+01 0.39266E-02 0.22273E-01 0.11554E+02      5045    9  178   35
 0.16284E+01 0.39249E-02 0.24275E-01 0.11091E+02      5050    9  180   36
 0.17546E+01 0.39195E-02 0.22301E-01 0.11554E+02      5055    9  180   35
 0.17068E+01 0.39108E-02 0.24279E-01 0.11090E+02      5060    9  179   35
 0.18893E+01 0.39026E-02 0.22294E-01 0.11554E+02      5065    9  180   35
 0.18311E+01 0.38783E-02 0.24323E-01 0.11090E+02      5070    9  179   35
 0.20070E+01 0.38756E-02 0.22222E-01 0.11554E+02      5075    9  180   35
 0.94585E+00 0.38608E-02 0.24396E-01 0.11090E+02      5080    7  185   36
 0.99527E+00 0.38588E-02 0.22079E-01 0.11554E+02      5085   10  176   35
 0.10194E+01 0.38510E-02 0.24759E-01 0.11090E+02      5090   10  183   36
 0.10926E+01 0.38508E-02 0.21887E-01 0.11555E+02      5095    5  372   37
 0.11243E+01 0.38387E-02 0.25054E-01 0.11089E+02      5100   10  183   36
 0.11070E+01 0.38433E-02 0.21832E-01 0.11555E+02      5105   10  176   35
 0.10009E+01 0.38463E-02 0.25231E-01 0.11089E+02      5110    7  378   37
 0.10630E+01 0.38530E-02 0.21837E-01 0.11555E+02      5115   10  177   35
 0.10811E+01 0.38594E-02 0.25270E-01 0.11089E+02      5120    7  378   37
 0.11553E+01 0.38716E-02 0.21773E-01 0.11555E+02      5125   10  177   35
 0.94101E+00 0.38737E-02 0.25173E-01 0.11089E+02      5130   10  182   36
 0.10614E+01 0.38872E-02 0.21694E-01 0.11555E+02      5135   10  177   35
 0.96198E+00 0.38861E-02 0.24986E-01 0.11089E+02      5140   10  182   36
 0.12209E+01 0.38930E-02 0.21644E-01 0.11555E+02      5145   10  182   37
 0.12105E+01 0.38965E-02 0.24722E-01 0.11089E+02      5150   10  182   36
 0.12169E+01 0.39020E-02 0.21586E-01 0.11554E+02      5155   10  177   35
 0.11717E+01 0.39057E-02 0.24669E-01 0.11089E+02      5160    6  371   37
 0.12409E+01 0.39085E-02 0.21560E-01 0.11554E+02      5165    8  186   37
 0.12308E+01 0.39148E-02 0.24661E-01 0.11089E+02      5170    6  371   37
 0.12678E+01 0.39115E-02 0.21531E-01 0.11554E+02      5175    8  186   37
 0.11640E+01 0.39094E-02 0.24826E-01 0.11090E+02      5180   10  179   35
 0.13116E+01 0.38966E-02 0.21515E-01 0.11554E+02      5185   10  181   35
 0.12502E+01 0.38907E-02 0.25157E-01 0.11090E+02      5190   10  179   35
 0.13287E+01 0.38793E-02 0.21505E-01 0.11554E+02      5195   10  180   35
 0.10633E+01 0.38691E-02 0.25358E-01 0.11090E+02      5200    6  374   37
 0.13076E+01 0.38590E-02 0.21501E-01 0.11554E+02      5205   10  180   35
-0.11435E+01 0.38493E-02 0.25395E-01 0.11090E+02      5210    5  370   37
 0.12395E+01 0.38362E-02 0.21508E-01 0.11554E+02      5215   10  180   35
-0.97232E+00 0.38248E-02 0.25241E-01 0.11090E+02      5220    5  370   37
 0.12277E+01 0.38149E-02 0.21508E-01 0.11554E+02      5225    5  180   35
 0.93493E+00 0.38138E-02 0.24909E-01 0.11090E+02      5230   11  177   35
 0.13068E+01 0.38055E-02 0.21504E-01 0.11554E+02      5235    5  180   35
 0.10553E+01 0.38121E-02 0.24444E-01 0.11090E+02      5240    7  376   37
 0.14167E+01 0.38055E-02 0.21496E-01 0.11554E+02      5245    5  180   35
 0.11431E+01 0.38153E-02 0.23938E-01 0.11091E+02      5250    5  180   37
 0.16039E+01 0.38026E-02 0.21493E-01 0.11555E+02      5255    5  180   35
 0.13099E+01 0.38086E-02 0.24016E-01 0.11091E+02      5260    5  180   37
 0.14286E+01 0.37999E-02 0.21537E-01 0.11555E+02      5265    5  180   36
 0.14867E+01 0.38052E-02 0.24021E-01 0.11091E+02      5270    5  180   37
 0.12411E+01 0.37951E-02 0.21922E-01 0.11555E+02      5275    7  375   37
 0.15963E+01 0.38079E-02 0.23980E-01 0.11090E+02      5280    5  180   37
 0.13511E+01 0.37948E-02 0.22256E-01 0.11556E+02      5285    7  375   37
 0.12689E+01 0.38028E-02 0.23992E-01 0.11090E+02      5290    5  180   37
 0.10535E+01 0.37945E-02 0.22523E-01 0.11556E+02      5295    6  181   37
 0.10673E+01 0.38006E-02 0.23983E-01 0.11090E+02      5300    7  374   37
 0.11340E+01 0.37968E-02 0.22719E-01 0.11556E+02      5305    7  374   37
 0.12087E+01 0.38191E-02 0.23948E-01 0.11091E+02      5310    7  373   37
 0.12496E+01 0.38241E-02 0.22938E-01 0.11556E+02      5315    7  374   37
 0.11035E+01 0.38438E-02 0.23907E-01 0.11091E+02      5320    7  373   37
 0.11693E+01 0.38479E-02 0.23162E-01 0.11555E+02      5325    7  373   37
 0.12388E+01 0.38632E-02 0.23861E-01 0.11091E+02      5330    7  373   37
 0.10981E+01 0.38647E-02 0.23326E-01 0.11555E+02      5335   11  180   35
 0.12432E+01 0.38692E-02 0.23819E-01 0.11091E+02      5340    5  176   36
 0.11300E+01 0.38684E-02 0.23440E-01 0.11555E+02      5345    6  180   35
 0.13430E+01 0.38662E-02 0.23798E-01 0.11091E+02      5350    5  176   36
 0.12415E+01 0.38633E-02 0.23501E-01 0.11556E+02      5355    6  180   35
 0.15318E+01 0.38669E-02 0.23781E-01 0.11090E+02      5360    5  176   36
 0.13646E+01 0.38667E-02 0.23486E-01 0.11555E+02      5365    6  180   35
 0.15843E+01 0.38660E-02 0.23762E-01 0.11090E+02      5370    5  176   37
 0.14904E+01 0.38686E-02 0.23398E-01 0.11555E+02      5375    6  180   35
 0.16618E+01 0.38647E-02 0.23740E-01 0.11090E+02      5380    5  176   37
 0.15607E+01 0.38627E-02 0.23243E-01 0.11555E+02      5385    5  177   36
 0.14309E+01 0.38614E-02 0.23716E-01 0.11091E+02      5390    5  176   37
 0.16765E+01 0.38670E-02 0.23033E-01 0.11554E+02      5395    6  180   35
 0.13628E+01 0.38649E-02 0.23690E-01 0.11091E+02      5400    6  180   36
 0.14925E+01 0.38667E-02 0.22795E-01 0.11554E+02      5405    5  177   37
 0.11800E+01 0.38612E-02 0.23673E-01 0.11091E+02      5410    8  183   36
 0.13487E+01 0.38613E-02 0.22534E-01 0.11554E+02      5415    8  183   37
 0.12639E+01 0.38522E-02 0.23652E-01 0.11091E+02      5420    8  183   36
 0.14511E+01 0.38575E-02 0.22259E-01 0.11553E+02      5425    8  183   37
 0.13110E+01 0.38637E-02 0.23643E-01 0.11091E+02      5430    8  183   36
 0.87348E+00 0.38756E-02 0.21980E-01 0.11553E+02      5435    4  370   36
 0.13294E+01 0.38848E-02 0.23625E-01 0.11091E+02      5440    8  183   36
 0.11261E+01 0.38920E-02 0.21992E-01 0.11553E+02      5445    6  179   35
 0.13656E+01 0.38942E-02 0.23612E-01 0.11091E+02      5450    8  183   36
 0.11567E+01 0.38986E-02 0.22039E-01 0.11553E+02      5455    6  179   35
 0.10671E+01 0.39025E-02 0.23592E-01 0.11091E+02      5460    6  179   37
 0.10991E+01 0.39058E-02 0.22056E-01 0.11552E+02      5465    6  179   35
 0.12319E+01 0.39095E-02 0.23753E-01 0.11091E+02      5470    6  179   36
 0.13379E+01 0.39112E-02 0.22038E-01 0.11552E+02      5475    6  179   35
 0.13548E+01 0.39132E-02 0.23962E-01 0.11092E+02      5480    6  179   36
 0.12480E+01 0.39096E-02 0.21974E-01 0.11552E+02      5485    4  374   37
 0.12707E+01 0.39196E-02 0.24060E-01 0.11092E+02      5490    6  179   37
 0.93400E+00 0.39116E-02 0.21873E-01 0.11551E+02      5495    4  373   37
 0.10452E+01 0.39172E-02 0.24039E-01 0.11092E+02      5500    8  182   36
-0.84670E+00 0.39018E-02 0.21745E-01 0.11551E+02      5505    7  373   37
 0.11594E+01 0.39127E-02 0.23898E-01 0.11092E+02      5510    8  182   37
 0.95148E+00 0.39000E-02 0.21788E-01 0.11551E+02      5515    5  370   36
 0.11660E+01 0.39069E-02 0.23630E-01 0.11092E+02      5520    8  182   35
 0.12483E+01 0.38971E-02 0.21794E-01 0.11551E+02      5525    6  176   37
 0.12905E+01 0.39091E-02 0.23526E-01 0.11093E+02      5530    8  182   35
 0.13109E+01 0.39018E-02 0.21785E-01 0.11551E+02      5535    6  176   37
 0.13089E+01 0.39123E-02 0.23515E-01 0.11093E+02      5540    6  178   36
 0.11416E+01 0.39060E-02 0.21760E-01 0.11550E+02      5545    6  177   35
 0.13396E+01 0.39155E-02 0.23495E-01 0.11093E+02      5550    9  184   36
 0.12886E+01 0.39099E-02 0.21706E-01 0.11550E+02      5555    6  177   35
 0.15098E+01 0.39116E-02 0.23470E-01 0.11093E+02      5560    9  184   36
 0.12803E+01 0.39003E-02 0.21687E-01 0.11550E+02      5565    9  183   35
 0.14538E+01 0.39038E-02 0.23447E-01 0.11093E+02      5570    9  183   36
 0.13251E+01 0.38960E-02 0.21957E-01 0.11550E+02      5575    9  183   35
 0.14883E+01 0.38992E-02 0.23424E-01 0.11093E+02      5580    9  183   36
 0.12612E+01 0.38891E-02 0.22219E-01 0.11550E+02      5585    9  183   35
 0.12440E+01 0.38915E-02 0.23386E-01 0.11094E+02      5590    5  374   37
 0.91977E+00 0.38900E-02 0.22428E-01 0.11550E+02      5595    5  373   36
 0.91670E+00 0.38937E-02 0.23334E-01 0.11094E+02      5600    7  180   37
 0.71875E+00 0.39023E-02 0.22545E-01 0.11549E+02      5605    7  179   35
 0.79291E+00 0.39123E-02 0.23278E-01 0.11095E+02      5610    7  179   36
 0.89004E+00 0.39246E-02 0.22566E-01 0.11549E+02      5615    7  179   35
 0.95887E+00 0.39263E-02 0.23248E-01 0.11095E+02      5620    6  371   37
 0.10488E+01 0.39378E-02 0.22671E-01 0.11549E+02      5625    6  371   37
 0.10896E+01 0.39367E-02 0.23242E-01 0.11095E+02      5630    6  371   37
 0.11332E+01 0.39563E-02 0.22783E-01 0.11549E+02      5635    6  371   37
 0.11621E+01 0.39537E-02 0.23254E-01 0.11094E+02      5640    6  371   37
 0.11252E+01 0.39669E-02 0.22850E-01 0.11549E+02      5645    7  176   35
 0.12070E+01 0.39607E-02 0.23294E-01 0.11093E+02      5650    7  179   36
 0.12905E+01 0.39708E-02 0.22865E-01 0.11550E+02      5655    7  176   36
 0.11214E+01 0.39551E-02 0.23344E-01 0.11093E+02      5660    7  179   37
 0.13449E+01 0.39596E-02 0.22824E-01 0.11550E+02      5665    7  176   35
 0.11131E+01 0.39400E-02 0.23404E-01 0.11092E+02      5670    7  178   35
 0.11704E+01 0.39378E-02 0.22733E-01 0.11551E+02      5675    7  177   36
 0.11761E+01 0.39146E-02 0.23462E-01 0.11092E+02      5680    7  178   35
 0.12685E+01 0.39132E-02 0.22601E-01 0.11551E+02      5685    7  178   36
 0.11450E+01 0.38926E-02 0.23517E-01 0.11091E+02      5690    7  178   35
 0.13119E+01 0.38852E-02 0.22558E-01 0.11551E+02      5695    7  178   36
 0.11534E+01 0.38716E-02 0.23551E-01 0.11091E+02      5700    7  179   37
 0.12868E+01 0.38645E-02 0.22579E-01 0.11551E+02      5705    7  177   35
 0.11763E+01 0.38503E-02 0.23578E-01 0.11091E+02      5710    8  180   36
 0.12032E+01 0.38466E-02 0.22532E-01 0.11551E+02      5715    7  376   37
 0.12363E+01 0.38420E-02 0.23584E-01 0.11091E+02      5720    8  180   36
 0.12122E+01 0.38465E-02 0.22410E-01 0.11551E+02      5725    8  180   37
 0.12843E+01 0.38453E-02 0.23797E-01 0.11091E+02      5730    8  180   36
 0.12504E+01 0.38466E-02 0.22234E-01 0.11551E+02      5735    8  180   37
 0.13704E+01 0.38534E-02 0.23982E-01 0.11091E+02      5740    8  180   36
 0.13720E+01 0.38574E-02 0.22013E-01 0.11551E+02      5745    7  375   37
 0.14358E+01 0.38621E-02 0.24129E-01 0.11091E+02      5750    8  180   36
 0.14469E+01 0.38561E-02 0.21830E-01 0.11551E+02      5755    8  180   37
 0.14952E+01 0.38602E-02 0.24378E-01 0.11091E+02      5760    8  180   36
 0.14478E+01 0.38507E-02 0.21745E-01 0.11551E+02      5765    8  180   37
 0.13524E+01 0.38558E-02 0.24986E-01 0.11091E+02      5770    8  180   36
 0.15594E+01 0.38529E-02 0.21587E-01 0.11551E+02      5775    8  180   37
 0.13341E+01 0.38560E-02 0.25487E-01 0.11092E+02      5780    8  176   35
 0.15566E+01 0.38499E-02 0.21371E-01 0.11551E+02      5785    8  180   37
 0.14498E+01 0.38545E-02 0.25852E-01 0.11092E+02      5790    8  176   35
 0.14628E+01 0.38475E-02 0.21255E-01 0.11550E+02      5795    8  180   37
 0.15870E+01 0.38567E-02 0.26053E-01 0.11093E+02      5800    8  176   35
 0.16066E+01 0.38459E-02 0.21233E-01 0.11550E+02      5805    8  180   37
 0.13641E+01 0.38604E-02 0.26095E-01 0.11093E+02      5810    8  179   37
 0.14798E+01 0.38529E-02 0.21218E-01 0.11550E+02      5815    8  179   36
 0.13939E+01 0.38590E-02 0.25981E-01 0.11093E+02      5820    8  179   37
 0.15015E+01 0.38595E-02 0.21205E-01 0.11550E+02      5825    8  177   35
 0.15219E+01 0.38732E-02 0.25719E-01 0.11094E+02      5830    8  178   35
 0.16486E+01 0.38779E-02 0.21180E-01 0.11550E+02      5835    8  177   35
 0.16559E+01 0.39087E-02 0.25349E-01 0.11094E+02      5840    8  178   35
 0.11232E+01 0.39111E-02 0.21169E-01 0.11550E+02      5845    9  180   36
 0.13454E+01 0.39424E-02 0.24914E-01 0.11094E+02      5850    8  178   36
 0.11442E+01 0.39413E-02 0.21175E-01 0.11551E+02      5855    9  180   37
 0.11538E+01 0.39642E-02 0.24428E-01 0.11094E+02      5860    9  176   35
 0.12420E+01 0.39659E-02 0.21185E-01 0.11551E+02      5865    9  180   37
 0.12586E+01 0.39854E-02 0.23901E-01 0.11094E+02      5870    8  177   37
 0.13201E+01 0.39841E-02 0.21260E-01 0.11551E+02      5875    9  180   36
 0.13265E+01 0.40019E-02 0.23778E-01 0.11094E+02      5880    9  180   35
 0.14364E+01 0.39973E-02 0.21441E-01 0.11552E+02      5885    9  180   36
 0.15453E+01 0.40109E-02 0.23823E-01 0.11094E+02      5890    9  180   35
 0.11926E+01 0.39985E-02 0.21602E-01 0.11552E+02      5895    8  185   36
 0.16968E+01 0.40082E-02 0.23856E-01 0.11094E+02      5900    9  180   35
 0.14019E+01 0.39975E-02 0.21750E-01 0.11552E+02      5905    8  185   36
 0.14612E+01 0.39950E-02 0.23878E-01 0.11094E+02      5910    8  185   37
 0.14499E+01 0.39840E-02 0.21864E-01 0.11552E+02      5915    8  185   36
 0.13017E+01 0.39789E-02 0.23868E-01 0.11094E+02      5920    9  177   35
 0.14665E+01 0.39742E-02 0.21939E-01 0.11552E+02      5925    9  179   35
 0.14623E+01 0.39705E-02 0.23834E-01 0.11095E+02      5930    9  177   35
 0.15795E+01 0.39663E-02 0.21987E-01 0.11551E+02      5935    9  179   35
 0.16985E+01 0.39637E-02 0.23792E-01 0.11095E+02      5940    9  177   35
 0.16339E+01 0.39634E-02 0.22011E-01 0.11551E+02      5945    9  179   35
 0.16423E+01 0.39602E-02 0.23737E-01 0.11095E+02      5950    9  178   35
 0.12574E+01 0.39603E-02 0.22007E-01 0.11551E+02      5955    9  178   36
 0.17232E+01 0.39557E-02 0.23700E-01 0.11094E+02      5960    9  178   35
 0.12903E+01 0.39614E-02 0.21955E-01 0.11551E+02      5965    4  371   37
 0.89872E+00 0.39499E-02 0.23698E-01 0.11094E+02      5970    4  374   37
 0.94593E+00 0.39468E-02 0.21848E-01 0.11551E+02      5975   10  176   35
 0.91353E+00 0.39398E-02 0.23979E-01 0.11094E+02      5980    5  180   36
 0.10077E+01 0.39404E-02 0.21689E-01 0.11551E+02      5985   10  176   35
 0.11217E+01 0.39322E-02 0.24271E-01 0.11094E+02      5990    5  180   37
 0.95035E+00 0.39358E-02 0.21480E-01 0.11551E+02      5995   10  176   35
 0.12542E+01 0.39374E-02 0.24459E-01 0.11094E+02      6000    5  180   37
 0.12482E+01 0.39386E-02 0.21231E-01 0.11551E+02      6005    4  372   37
 0.13440E+01 0.39366E-02 0.24518E-01 0.11094E+02      6010    5  180   37
-0.94478E+00 0.39353E-02 0.21208E-01 0.11550E+02      6015    5  180   37
 0.14056E+01 0.39383E-02 0.24466E-01 0.11094E+02      6020    5  180   37
 0.10547E+01 0.39487E-02 0.21197E-01 0.11550E+02      6025   10  176   35
 0.14391E+01 0.39550E-02 0.24331E-01 0.11094E+02      6030    5  180   37
 0.84979E+00 0.39633E-02 0.21194E-01 0.11550E+02      6035    5  371   36
 0.11783E+01 0.39775E-02 0.24136E-01 0.11094E+02      6040   10  180   35
 0.10807E+01 0.39835E-02 0.21193E-01 0.11550E+02      6045   10  178   35
 0.98582E+00 0.39886E-02 0.23880E-01 0.11094E+02      6050    6  181   37
 0.10877E+01 0.39990E-02 0.21200E-01 0.11550E+02      6055   10  179   35
 0.11838E+01 0.40104E-02 0.23785E-01 0.11094E+02      6060   10  177   35
 0.11358E+01 0.40172E-02 0.21196E-01 0.11550E+02      6065   10  179   35
 0.99042E+00 0.40205E-02 0.23839E-01 0.11094E+02      6070    6  181   37
 0.10686E+01 0.40226E-02 0.21186E-01 0.11550E+02      6075   10  179   35
 0.11028E+01 0.40200E-02 0.23973E-01 0.11094E+02      6080    5  372   37
 0.11808E+01 0.40175E-02 0.21198E-01 0.11550E+02      6085    5  372   37
 0.93707E+00 0.40152E-02 0.24205E-01 0.11094E+02      6090    5  373   37
-0.99102E+00 0.40061E-02 0.21202E-01 0.11551E+02      6095    7  182   36
-0.91177E+00 0.40085E-02 0.24275E-01 0.11094E+02      6100    7  182   37
-0.10671E+01 0.39981E-02 0.21198E-01 0.11551E+02      6105    7  182   36
 0.92678E+00 0.39946E-02 0.24189E-01 0.11094E+02      6110   10  179   37
 0.93284E+00 0.39817E-02 0.21201E-01 0.11551E+02      6115   11  176   35
 0.94825E+00 0.39793E-02 0.23951E-01 0.11094E+02      6120    6  180   35
 0.10701E+01 0.39699E-02 0.21193E-01 0.11551E+02      6125    6  180   36
 0.10924E+01 0.39769E-02 0.23670E-01 0.11094E+02      6130    6  180   35
 0.12039E+01 0.39706E-02 0.21184E-01 0.11551E+02      6135    6  180   36
 0.12934E+01 0.39822E-02 0.23654E-01 0.11094E+02      6140    6  180   35
 0.12692E+01 0.39838E-02 0.21406E-01 0.11551E+02      6145    6  180   36
 0.13805E+01 0.40041E-02 0.23632E-01 0.11095E+02      6150    6  180   35
 0.12696E+01 0.40126E-02 0.21745E-01 0.11551E+02      6155    6  180   36
 0.12572E+01 0.40299E-02 0.23605E-01 0.11095E+02      6160    6  180   35
 0.10721E+01 0.40343E-02 0.22019E-01 0.11551E+02      6165    6  371   37
 0.10644E+01 0.40450E-02 0.23582E-01 0.11095E+02      6170   11  180   35
 0.10961E+01 0.40471E-02 0.22220E-01 0.11551E+02      6175   11  180   36
 0.12078E+01 0.40535E-02 0.23557E-01 0.11095E+02      6180    6  372   37
 0.10536E+01 0.40478E-02 0.22359E-01 0.11551E+02      6185    6  180   37
 0.11252E+01 0.40463E-02 0.23514E-01 0.11096E+02      6190   11  180   35
 0.10544E+01 0.40371E-02 0.22447E-01 0.11551E+02      6195    6  180   37
 0.11472E+01 0.40309E-02 0.23479E-01 0.11096E+02      6200    8  183   35
 0.11081E+01 0.40171E-02 0.22483E-01 0.11551E+02      6205   11  180   36
 0.12648E+01 0.40068E-02 0.23433E-01 0.11096E+02      6210    8  183   35
 0.98847E+00 0.39955E-02 0.22525E-01 0.11550E+02      6215    7  375   37
 0.11417E+01 0.39877E-02 0.23380E-01 0.11096E+02      6220    7  375   37
 0.12630E+01 0.39878E-02 0.22645E-01 0.11550E+02      6225    7  375   37
 0.10012E+01 0.39800E-02 0.23331E-01 0.11096E+02      6230   11  180   35
 0.12939E+01 0.39850E-02 0.22715E-01 0.11550E+02      6235    8  182   37
 0.85224E+00 0.39846E-02 0.23300E-01 0.11096E+02      6240    7  374   37
 0.94953E+00 0.39898E-02 0.22762E-01 0.11550E+02      6245    7  374   37
 0.10346E+01 0.39851E-02 0.23289E-01 0.11096E+02      6250    7  374   37
 0.11006E+01 0.39876E-02 0.22774E-01 0.11550E+02      6255    7  374   37
 0.11735E+01 0.39828E-02 0.23298E-01 0.11095E+02      6260    7  374   37
 0.12427E+01 0.39893E-02 0.22758E-01 0.11550E+02      6265    7  374   37
 0.96548E+00 0.39761E-02 0.23323E-01 0.11095E+02      6270    7  373   37
 0.10568E+01 0.39795E-02 0.22701E-01 0.11551E+02      6275    7  373   37
 0.92176E+00 0.39640E-02 0.23343E-01 0.11094E+02      6280    7  372   37
 0.11826E+01 0.39639E-02 0.22593E-01 0.11551E+02      6285    7  373   37
 0.10101E+01 0.39463E-02 0.23356E-01 0.11094E+02      6290    7  373   36
 0.11164E+01 0.39440E-02 0.22431E-01 0.11551E+02      6295    7  373   37
 0.11660E+01 0.39252E-02 0.23358E-01 0.11094E+02      6300    7  373   37
 0.12198E+01 0.39246E-02 0.22220E-01 0.11550E+02      6305    7  373   37
 0.90745E+00 0.39040E-02 0.23344E-01 0.11094E+02      6310    7  372   37
 0.10362E+01 0.39029E-02 0.21980E-01 0.11550E+02      6315    9  184   36
 0.94050E+00 0.38810E-02 0.23332E-01 0.11094E+02      6320    7  372   37
 0.11728E+01 0.38844E-02 0.21734E-01 0.11549E+02      6325    9  183   35
-0.82938E+00 0.38652E-02 0.23315E-01 0.11094E+02      6330    4  183   35
 0.11388E+01 0.38638E-02 0.21499E-01 0.11549E+02      6335    9  183   35
-0.92555E+00 0.38548E-02 0.23354E-01 0.11094E+02      6340    4  183   35
 0.92804E+00 0.38525E-02 0.21290E-01 0.11549E+02      6345    9  185   36
-0.94977E+00 0.38508E-02 0.23606E-01 0.11094E+02      6350    4  183   35
 0.85351E+00 0.38523E-02 0.21183E-01 0.11549E+02      6355    8  375   37
 0.10060E+01 0.38593E-02 0.23799E-01 0.11094E+02      6360    7  180   36
 0.93492E+00 0.38675E-02 0.21111E-01 0.11548E+02      6365    7  180   35
 0.10342E+01 0.38775E-02 0.23923E-01 0.11094E+02      6370    7  180   36
 0.98739E+00 0.38842E-02 0.21082E-01 0.11548E+02      6375    7  180   35
 0.88733E+00 0.38963E-02 0.23977E-01 0.11094E+02      6380    8  374   37
 0.91739E+00 0.39020E-02 0.21081E-01 0.11548E+02      6385    6  177   36
 0.85848E+00 0.39065E-02 0.23982E-01 0.11094E+02      6390    8  374   37
 0.97436E+00 0.39043E-02 0.21123E-01 0.11548E+02      6395    6  177   36
-0.80842E+00 0.39045E-02 0.23946E-01 0.11094E+02      6400    7  372   37
-0.82389E+00 0.39000E-02 0.21158E-01 0.11549E+02      6405    7  372   37
-0.80695E+00 0.39068E-02 0.23849E-01 0.11094E+02      6410    7  372   37
-0.76204E+00 0.39031E-02 0.21164E-01 0.11549E+02      6415    7  373   37
 0.85190E+00 0.39070E-02 0.23690E-01 0.11093E+02      6420    6  177   35
 0.84179E+00 0.39023E-02 0.21189E-01 0.11550E+02      6425    7  179   35
-0.84405E+00 0.39037E-02 0.23478E-01 0.11093E+02      6430    5  378   37
 0.98426E+00 0.39054E-02 0.21314E-01 0.11550E+02      6435    4  370   37
-0.86191E+00 0.39112E-02 0.23488E-01 0.11093E+02      6440    5  378   37
 0.11798E+01 0.39121E-02 0.21454E-01 0.11550E+02      6445    4  370   37
 0.97091E+00 0.39173E-02 0.23484E-01 0.11093E+02      6450    4  370   36
 0.98761E+00 0.39142E-02 0.21731E-01 0.11550E+02      6455    5  184   35
 0.10275E+01 0.39179E-02 0.23480E-01 0.11093E+02      6460    5  183   35
 0.10941E+01 0.39143E-02 0.21998E-01 0.11550E+02      6465    5  184   35
 0.11566E+01 0.39177E-02 0.23467E-01 0.11093E+02      6470    5  183   35
 0.11619E+01 0.39196E-02 0.22235E-01 0.11550E+02      6475    5  184   35
 0.11862E+01 0.39260E-02 0.23462E-01 0.11093E+02      6480    5  183   35
 0.10758E+01 0.39235E-02 0.22446E-01 0.11550E+02      6485    5  183   37
 0.11350E+01 0.39264E-02 0.23473E-01 0.11093E+02      6490    5  183   35
 0.11462E+01 0.39273E-02 0.22642E-01 0.11550E+02      6495    8  180   36
 0.12412E+01 0.39195E-02 0.23493E-01 0.11093E+02      6500    8  180   37
 0.12838E+01 0.39300E-02 0.22764E-01 0.11551E+02      6505    8  180   36
 0.13984E+01 0.39239E-02 0.23509E-01 0.11092E+02      6510    8  180   37
 0.13797E+01 0.39377E-02 0.22805E-01 0.11551E+02      6515    8  180   36
 0.14573E+01 0.39363E-02 0.23510E-01 0.11092E+02      6520    8  180   37
 0.14284E+01 0.39459E-02 0.22779E-01 0.11551E+02      6525    8  180   36
 0.14895E+01 0.39394E-02 0.23512E-01 0.11092E+02      6530    8  180   37
 0.12762E+01 0.39493E-02 0.22711E-01 0.11551E+02      6535    8  180   36
 0.15473E+01 0.39577E-02 0.23513E-01 0.11092E+02      6540    8  180   37
 0.13849E+01 0.39690E-02 0.22576E-01 0.11551E+02      6545    8  180   36
 0.16401E+01 0.39712E-02 0.23515E-01 0.11092E+02      6550    8  180   37
 0.15169E+01 0.39725E-02 0.22365E-01 0.11551E+02      6555    8  180   36
 0.11454E+01 0.39691E-02 0.23503E-01 0.11092E+02      6560    8  179   36
 0.11869E+01 0.39735E-02 0.22325E-01 0.11551E+02      6565    8  179   35
 0.12273E+01 0.39763E-02 0.23507E-01 0.11092E+02      6570    8  179   37
 0.11573E+01 0.39848E-02 0.22255E-01 0.11551E+02      6575    8  179   35
 0.13546E+01 0.39884E-02 0.23507E-01 0.11092E+02      6580    8  179   36
 0.13846E+01 0.39831E-02 0.22150E-01 0.11551E+02      6585    8  179   35
 0.14050E+01 0.39850E-02 0.23520E-01 0.11092E+02      6590    8  179   37
 0.13270E+01 0.39830E-02 0.22101E-01 0.11551E+02      6595    8  179   35
 0.14884E+01 0.39832E-02 0.23529E-01 0.11092E+02      6600    8  179   36
 0.14956E+01 0.39899E-02 0.22077E-01 0.11550E+02      6605    8  179   35
 0.14815E+01 0.39932E-02 0.23525E-01 0.11092E+02      6610    8  179   37
 0.13862E+01 0.39997E-02 0.21991E-01 0.11550E+02      6615    8  178   35
 0.12587E+01 0.39972E-02 0.23524E-01 0.11092E+02      6620    8  177   35
 0.14850E+01 0.39998E-02 0.21851E-01 0.11550E+02      6625    8  176   35
 0.13841E+01 0.39965E-02 0.23515E-01 0.11092E+02      6630    8  177   35
 0.15286E+01 0.39928E-02 0.21665E-01 0.11550E+02      6635    8  178   35
 0.14886E+01 0.39875E-02 0.23677E-01 0.11093E+02      6640    8  177   35
 0.14921E+01 0.39847E-02 0.21437E-01 0.11550E+02      6645    8  178   35
 0.15598E+01 0.39912E-02 0.23839E-01 0.11093E+02      6650    8  177   35
 0.10526E+01 0.39830E-02 0.21201E-01 0.11549E+02      6655    8  177   37
 0.14877E+01 0.39950E-02 0.23984E-01 0.11093E+02      6660    8  177   35
 0.13995E+01 0.39890E-02 0.21195E-01 0.11549E+02      6665    7  376   37
 0.12851E+01 0.39993E-02 0.24175E-01 0.11093E+02      6670    9  180   37
 0.10955E+01 0.39965E-02 0.21191E-01 0.11549E+02      6675    7  375   36
 0.14119E+01 0.40103E-02 0.24485E-01 0.11093E+02      6680    9  180   37
 0.11824E+01 0.40104E-02 0.21191E-01 0.11550E+02      6685    7  375   37
 0.14771E+01 0.40205E-02 0.24710E-01 0.11093E+02      6690    9  180   36
 0.13868E+01 0.40231E-02 0.21194E-01 0.11550E+02      6695    9  180   35
 0.15055E+01 0.40332E-02 0.24850E-01 0.11093E+02      6700    9  180   36
 0.14058E+01 0.40343E-02 0.21220E-01 0.11550E+02      6705    9  180   35
 0.14914E+01 0.40322E-02 0.24923E-01 0.11093E+02      6710    7  183   35
 0.13591E+01 0.40321E-02 0.21256E-01 0.11551E+02      6715    9  179   36
 0.12394E+01 0.40183E-02 0.24918E-01 0.11093E+02      6720    9  178   35
 0.14093E+01 0.40137E-02 0.21294E-01 0.11551E+02      6725    9  177   35
 0.13654E+01 0.40104E-02 0.24822E-01 0.11092E+02      6730    9  178   35
 0.14577E+01 0.40104E-02 0.21309E-01 0.11551E+02      6735    9  179   35
 0.14888E+01 0.40106E-02 0.24632E-01 0.11092E+02      6740    9  178   35
 0.16673E+01 0.40111E-02 0.21299E-01 0.11551E+02      6745    9  177   35
 0.16140E+01 0.40136E-02 0.24361E-01 0.11093E+02      6750    9  178   35
 0.14066E+01 0.40106E-02 0.21290E-01 0.11552E+02      6755    9  179   35
 0.14964E+01 0.40219E-02 0.24274E-01 0.11093E+02      6760    9  178   35
 0.11856E+01 0.40213E-02 0.21272E-01 0.11551E+02      6765    8  185   35
 0.11180E+01 0.40284E-02 0.24222E-01 0.11093E+02      6770    8  185   36
 0.11521E+01 0.40317E-02 0.21256E-01 0.11551E+02      6775    8  185   35
 0.11074E+01 0.40453E-02 0.24141E-01 0.11094E+02      6780   10  181   37
 0.11630E+01 0.40493E-02 0.21237E-01 0.11551E+02      6785    8  186   36
 0.11114E+01 0.40628E-02 0.24021E-01 0.11094E+02      6790   10  181   37
 0.11797E+01 0.40641E-02 0.21259E-01 0.11551E+02      6795    4  376   37
 0.11222E+01 0.40601E-02 0.23908E-01 0.11094E+02      6800    8  186   37
 0.10996E+01 0.40632E-02 0.21373E-01 0.11551E+02      6805    8  185   37
 0.11342E+01 0.40581E-02 0.23818E-01 0.11094E+02      6810    8  186   37
 0.11060E+01 0.40571E-02 0.21466E-01 0.11551E+02      6815   10  176   35
 0.97511E+00 0.40580E-02 0.23732E-01 0.11094E+02      6820    8  186   37
 0.11052E+01 0.40531E-02 0.21540E-01 0.11551E+02      6825   10  176   35
 0.11367E+01 0.40498E-02 0.23646E-01 0.11094E+02      6830    4  375   37
 0.10770E+01 0.40397E-02 0.21568E-01 0.11551E+02      6835    4  375   36
 0.97885E+00 0.40310E-02 0.23573E-01 0.11094E+02      6840   10  180   36
 0.11934E+01 0.40217E-02 0.21559E-01 0.11551E+02      6845    6  381   37
 0.12358E+01 0.40189E-02 0.23524E-01 0.11094E+02      6850    6  381   37
 0.11784E+01 0.40059E-02 0.21508E-01 0.11551E+02      6855    6  381   37
 0.10299E+01 0.39961E-02 0.23509E-01 0.11094E+02      6860    6  381   37
 0.10814E+01 0.39877E-02 0.21436E-01 0.11551E+02      6865   10  178   35
-0.85647E+00 0.39743E-02 0.23505E-01 0.11094E+02      6870    7  373   37
 0.95727E+00 0.39676E-02 0.21354E-01 0.11551E+02      6875   10  178   35
 0.11439E+01 0.39577E-02 0.23502E-01 0.11094E+02      6880   10  179   35
 0.92663E+00 0.39570E-02 0.21245E-01 0.11551E+02      6885   11  183   35
 0.11321E+01 0.39515E-02 0.23492E-01 0.11094E+02      6890   10  179   35
 0.10262E+01 0.39539E-02 0.21225E-01 0.11551E+02      6895    4  373   37
 0.11549E+01 0.39460E-02 0.23501E-01 0.11094E+02      6900    4  370   37
 0.10552E+01 0.39417E-02 0.21252E-01 0.11551E+02      6905    5  376   36
 0.93183E+00 0.39268E-02 0.23520E-01 0.11093E+02      6910    5  384   37
 0.97863E+00 0.39221E-02 0.21270E-01 0.11551E+02      6915   11  182   35
 0.90979E+00 0.39073E-02 0.23539E-01 0.11093E+02      6920    4  371   37
 0.83704E+00 0.39017E-02 0.21292E-01 0.11551E+02      6925   11  183   35
 0.80583E+00 0.38915E-02 0.23569E-01 0.11093E+02      6930    7  380   37
 0.86788E+00 0.38972E-02 0.21312E-01 0.11552E+02      6935    5  375   37
 0.95822E+00 0.38948E-02 0.23594E-01 0.11092E+02      6940    5  375   37
 0.10546E+01 0.39002E-02 0.21328E-01 0.11552E+02      6945    5  375   37
 0.11967E+01 0.38987E-02 0.23614E-01 0.11092E+02      6950    5  375   37
 0.11146E+01 0.39024E-02 0.21334E-01 0.11552E+02      6955    5  375   36
-0.95363E+00 0.39032E-02 0.23631E-01 0.11092E+02      6960    6  380   37
-0.10704E+01 0.39112E-02 0.21336E-01 0.11552E+02      6965    6  380   37
-0.11331E+01 0.39143E-02 0.23634E-01 0.11092E+02      6970    6  380   37
-0.10566E+01 0.39235E-02 0.21318E-01 0.11552E+02      6975    6  380   37
 0.11982E+01 0.39185E-02 0.23699E-01 0.11092E+02      6980    5  374   37
 0.10486E+01 0.39160E-02 0.21302E-01 0.11551E+02      6985    6  384   37
 0.10015E+01 0.39144E-02 0.23739E-01 0.11092E+02      6990    6  384   37
 0.94198E+00 0.39159E-02 0.21291E-01 0.11551E+02      6995    5  178   35
 0.10030E+01 0.39204E-02 0.23725E-01 0.11093E+02      7000    5  178   36
 0.11600E+01 0.39188E-02 0.21279E-01 0.11551E+02      7005    6  179   35
 0.11439E+01 0.39155E-02 0.23683E-01 0.11093E+02      7010    6  376   37
 0.12828E+01 0.39145E-02 0.21283E-01 0.11551E+02      7015    6  179   35
 0.12775E+01 0.39090E-02 0.23631E-01 0.11093E+02      7020    6  376   37
 0.11776E+01 0.39051E-02 0.21382E-01 0.11551E+02      7025    5  176   36
 0.10814E+01 0.39125E-02 0.23647E-01 0.11092E+02      7030    7  378   37
 0.12842E+01 0.39067E-02 0.21545E-01 0.11552E+02      7035    5  176   36
 0.13026E+01 0.39086E-02 0.23664E-01 0.11092E+02      7040    7  378   37
 0.14212E+01 0.39093E-02 0.21735E-01 0.11552E+02      7045    5  176   36
 0.14027E+01 0.39129E-02 0.23684E-01 0.11092E+02      7050    5  176   37
 0.15276E+01 0.39156E-02 0.21937E-01 0.11552E+02      7055    5  176   36
 0.14220E+01 0.39197E-02 0.23689E-01 0.11092E+02      7060    5  176   37
 0.10135E+01 0.39180E-02 0.22205E-01 0.11552E+02      7065    6  373   36
 0.13322E+01 0.39251E-02 0.23672E-01 0.11092E+02      7070    5  176   37
 0.11467E+01 0.39190E-02 0.22425E-01 0.11552E+02      7075    6  372   37
 0.11129E+01 0.39189E-02 0.23636E-01 0.11092E+02      7080    6  371   37
 0.12102E+01 0.39077E-02 0.22625E-01 0.11552E+02      7085    6  371   37
 0.12742E+01 0.39086E-02 0.23607E-01 0.11092E+02      7090    7  377   37
 0.13388E+01 0.39066E-02 0.22799E-01 0.11552E+02      7095    7  377   37
-0.11232E+01 0.39058E-02 0.23579E-01 0.11092E+02      7100    8  183   37
 0.95712E+00 0.39094E-02 0.22920E-01 0.11552E+02      7105    6  178   35
 0.12526E+01 0.39142E-02 0.23546E-01 0.11092E+02      7110    8  182   36
 0.10148E+01 0.39188E-02 0.22993E-01 0.11552E+02      7115    6  178   37
 0.13331E+01 0.39177E-02 0.23513E-01 0.11092E+02      7120    8  182   36
 0.12205E+01 0.39230E-02 0.22999E-01 0.11552E+02      7125    7  376   37
 0.14223E+01 0.39257E-02 0.23489E-01 0.11092E+02      7130    8  182   36
 0.14463E+01 0.39285E-02 0.22962E-01 0.11552E+02      7135    7  376   37
 0.12507E+01 0.39181E-02 0.23475E-01 0.11092E+02      7140    7  375   36
 0.13102E+01 0.39182E-02 0.23075E-01 0.11552E+02      7145    7  375   37
 0.13844E+01 0.39078E-02 0.23466E-01 0.11091E+02      7150    7  375   37
 0.14413E+01 0.39019E-02 0.23126E-01 0.11552E+02      7155    7  375   37
 0.11709E+01 0.38786E-02 0.23445E-01 0.11091E+02      7160    8  182   35
 0.10632E+01 0.38716E-02 0.23128E-01 0.11552E+02      7165    6  178   37
 0.12724E+01 0.38521E-02 0.23418E-01 0.11091E+02      7170    6  177   36
 0.12025E+01 0.38473E-02 0.23085E-01 0.11552E+02      7175    7  374   37
 0.13324E+01 0.38193E-02 0.23399E-01 0.11091E+02      7180    6  177   36
 0.13251E+01 0.38159E-02 0.23009E-01 0.11551E+02      7185    7  374   37
 0.13768E+01 0.37974E-02 0.23387E-01 0.11091E+02      7190    6  177   36
 0.12479E+01 0.37988E-02 0.22898E-01 0.11551E+02      7195    6  177   35
 0.11840E+01 0.37875E-02 0.23376E-01 0.11091E+02      7200    7  373   37
 0.12301E+01 0.37872E-02 0.22766E-01 0.11551E+02      7205    7  373   37
 0.12868E+01 0.37664E-02 0.23378E-01 0.11091E+02      7210    7  373   37
 0.10267E+01 0.37640E-02 0.22617E-01 0.11551E+02      7215    8  383   37
 0.10920E+01 0.37423E-02 0.23388E-01 0.11090E+02      7220    8  383   37
 0.12015E+01 0.37468E-02 0.22442E-01 0.11550E+02      7225    8  183   35
 0.11467E+01 0.37212E-02 0.23400E-01 0.11090E+02      7230    8  383   37
 0.11849E+01 0.37188E-02 0.22262E-01 0.11550E+02      7235    8  183   35
 0.10369E+01 0.37001E-02 0.23434E-01 0.11090E+02      7240    8  383   37
 0.10167E+01 0.36964E-02 0.22078E-01 0.11550E+02      7245    8  180   35
 0.10439E+01 0.36904E-02 0.23472E-01 0.11090E+02      7250    7  186   35
 0.10213E+01 0.36873E-02 0.21889E-01 0.11550E+02      7255    8  180   37
 0.14691E+01 0.36898E-02 0.23504E-01 0.11090E+02      7260    9  182   37
 0.14069E+01 0.36847E-02 0.21699E-01 0.11550E+02      7265    9  182   36
 0.12753E+01 0.36907E-02 0.23522E-01 0.11090E+02      7270    9  182   37
 0.16331E+01 0.36825E-02 0.21523E-01 0.11550E+02      7275    9  182   36
 0.13616E+01 0.36831E-02 0.23548E-01 0.11090E+02      7280    9  182   35
 0.18593E+01 0.36696E-02 0.21364E-01 0.11550E+02      7285    9  182   36
 0.17060E+01 0.36807E-02 0.23567E-01 0.11090E+02      7290    9  182   35
 0.13050E+01 0.36702E-02 0.21343E-01 0.11550E+02      7295    8  180   37
 0.13451E+01 0.36753E-02 0.23584E-01 0.11090E+02      7300    9  183   35
 0.10724E+01 0.36722E-02 0.21324E-01 0.11550E+02      7305    7  176   36
 0.12621E+01 0.36878E-02 0.23600E-01 0.11090E+02      7310    9  183   35
 0.11691E+01 0.36806E-02 0.21319E-01 0.11550E+02      7315    8  185   37
 0.14644E+01 0.36822E-02 0.23628E-01 0.11090E+02      7320    9  183   35
 0.12518E+01 0.36638E-02 0.21340E-01 0.11550E+02      7325    7  176   36
 0.14812E+01 0.36602E-02 0.23649E-01 0.11090E+02      7330    9  183   35
 0.12594E+01 0.36492E-02 0.21420E-01 0.11550E+02      7335    7  177   35
 0.13327E+01 0.36456E-02 0.23651E-01 0.11091E+02      7340    8  186   36
 0.12833E+01 0.36335E-02 0.21481E-01 0.11550E+02      7345    9  181   36
 0.13085E+01 0.36301E-02 0.23634E-01 0.11091E+02      7350    8  186   36
 0.12133E+01 0.36134E-02 0.21509E-01 0.11550E+02      7355    8  186   35
 0.12028E+01 0.36118E-02 0.23604E-01 0.11091E+02      7360    8  186   36
 0.11906E+01 0.35978E-02 0.21495E-01 0.11550E+02      7365    9  181   37
 0.94846E+00 0.35989E-02 0.23589E-01 0.11092E+02      7370    5  376   37
 0.10611E+01 0.35981E-02 0.21451E-01 0.11550E+02      7375    5  376   37
 0.95221E+00 0.36039E-02 0.23563E-01 0.11092E+02      7380    5  376   36
 0.98613E+00 0.35948E-02 0.21385E-01 0.11550E+02      7385    9  184   36
 0.94727E+00 0.36070E-02 0.23543E-01 0.11092E+02      7390    8  178   37
 0.10188E+01 0.36082E-02 0.21315E-01 0.11550E+02      7395    7  176   37
 0.11765E+01 0.36213E-02 0.23525E-01 0.11093E+02      7400    8  178   36
 0.12899E+01 0.36271E-02 0.21440E-01 0.11550E+02      7405    8  178   35
 0.12653E+01 0.36417E-02 0.23515E-01 0.11093E+02      7410    8  178   36
 0.13445E+01 0.36384E-02 0.21624E-01 0.11550E+02      7415    8  178   35
 0.13711E+01 0.36475E-02 0.23502E-01 0.11093E+02      7420    9  180   36
 0.13653E+01 0.36458E-02 0.21748E-01 0.11549E+02      7425    9  180   37
 0.13527E+01 0.36461E-02 0.23480E-01 0.11093E+02      7430    9  180   35
 0.12178E+01 0.36288E-02 0.21800E-01 0.11549E+02      7435    8  178   35
 0.11787E+01 0.36262E-02 0.23455E-01 0.11093E+02      7440    5  181   35
 0.11611E+01 0.36135E-02 0.21778E-01 0.11549E+02      7445    8  176   36
 0.12630E+01 0.36088E-02 0.23446E-01 0.11094E+02      7450    8  176   35
 0.99937E+00 0.35868E-02 0.21714E-01 0.11549E+02      7455    8  177   36
 0.13461E+01 0.35842E-02 0.23449E-01 0.11094E+02      7460    8  176   35
 0.11020E+01 0.35658E-02 0.21611E-01 0.11549E+02      7465    8  177   36
 0.14370E+01 0.35665E-02 0.23432E-01 0.11094E+02      7470    8  177   35
 0.96958E+00 0.35586E-02 0.21487E-01 0.11549E+02      7475    6  182   36
 0.13190E+01 0.35610E-02 0.23431E-01 0.11094E+02      7480    8  176   37
 0.10792E+01 0.35544E-02 0.21363E-01 0.11549E+02      7485    9  179   35
 0.10938E+01 0.35600E-02 0.23448E-01 0.11093E+02      7490    9  179   36
 0.11386E+01 0.35616E-02 0.21359E-01 0.11549E+02      7495    6  182   35
 0.12544E+01 0.35675E-02 0.23459E-01 0.11093E+02      7500    8  385   37
 0.13006E+01 0.35777E-02 0.21348E-01 0.11549E+02      7505    6  182   35
 0.13056E+01 0.35865E-02 0.23477E-01 0.11093E+02      7510    7  378   37
 0.12722E+01 0.35977E-02 0.21332E-01 0.11549E+02      7515    6  182   35
 0.11628E+01 0.36000E-02 0.23502E-01 0.11093E+02      7520    6  375   37
 0.12823E+01 0.36061E-02 0.21308E-01 0.11550E+02      7525    6  182   35
 0.10745E+01 0.36068E-02 0.23520E-01 0.11093E+02      7530    6  372   37
 0.12838E+01 0.36098E-02 0.21264E-01 0.11550E+02      7535    9  176   35
 0.11202E+01 0.36135E-02 0.23534E-01 0.11093E+02      7540    9  177   35
 0.13684E+01 0.36104E-02 0.21217E-01 0.11550E+02      7545    9  176   35
 0.13096E+01 0.36118E-02 0.23542E-01 0.11093E+02      7550    9  178   35
 0.14496E+01 0.36058E-02 0.21221E-01 0.11550E+02      7555    9  176   35
 0.14759E+01 0.35996E-02 0.23551E-01 0.11092E+02      7560    7  377   37
 0.11064E+01 0.35858E-02 0.21223E-01 0.11550E+02      7565    6  181   35
 0.14615E+01 0.35802E-02 0.23553E-01 0.11093E+02      7570    9  177   35
 0.10406E+01 0.35767E-02 0.21215E-01 0.11550E+02      7575    6  181   37
 0.16149E+01 0.35777E-02 0.23543E-01 0.11093E+02      7580    9  177   35
 0.11387E+01 0.35830E-02 0.21202E-01 0.11550E+02      7585    6  181   37
 0.12250E+01 0.35890E-02 0.23527E-01 0.11093E+02      7590    7  376   37
 0.13598E+01 0.35883E-02 0.21182E-01 0.11549E+02      7595    7  376   37
 0.14677E+01 0.35982E-02 0.23511E-01 0.11093E+02      7600    7  376   37
 0.11007E+01 0.35886E-02 0.21159E-01 0.11549E+02      7605    7  375   36
 0.13480E+01 0.35952E-02 0.23502E-01 0.11093E+02      7610    6  180   35
 0.11524E+01 0.35879E-02 0.21152E-01 0.11549E+02      7615    7  375   37
 0.12192E+01 0.35988E-02 0.23509E-01 0.11093E+02      7620    7  375   37
 0.12769E+01 0.35952E-02 0.21156E-01 0.11549E+02      7625    7  375   37
 0.13250E+01 0.36106E-02 0.23512E-01 0.11093E+02      7630    7  375   37
 0.97577E+00 0.36026E-02 0.21159E-01 0.11549E+02      7635   10  180   35
 0.95873E+00 0.36202E-02 0.23509E-01 0.11093E+02      7640    7  374   37
 0.10299E+01 0.36169E-02 0.21153E-01 0.11549E+02      7645    7  374   37
 0.10925E+01 0.36295E-02 0.23495E-01 0.11094E+02      7650    7  374   37
 0.11587E+01 0.36229E-02 0.21150E-01 0.11549E+02      7655    7  374   37
 0.12103E+01 0.36329E-02 0.23481E-01 0.11094E+02      7660    7  374   37
 0.10483E+01 0.36328E-02 0.21144E-01 0.11549E+02      7665    7  373   37
 0.11358E+01 0.36400E-02 0.23459E-01 0.11094E+02      7670    7  373   37
 0.12083E+01 0.36389E-02 0.21139E-01 0.11549E+02      7675    7  373   37
 0.11884E+01 0.36509E-02 0.23427E-01 0.11094E+02      7680    7  373   37
 0.11079E+01 0.36505E-02 0.21121E-01 0.11549E+02      7685    6  186   35
 0.11997E+01 0.36550E-02 0.23401E-01 0.11094E+02      7690   10  178   35
 0.11057E+01 0.36480E-02 0.21110E-01 0.11549E+02      7695    6  186   35
-0.10477E+01 0.36512E-02 0.23386E-01 0.11094E+02      7700    7  183   36
 0.10748E+01 0.36547E-02 0.21166E-01 0.11549E+02      7705    7  182   36
 0.11459E+01 0.36691E-02 0.23371E-01 0.11094E+02      7710    7  183   37
 0.11680E+01 0.36651E-02 0.21258E-01 0.11549E+02      7715    7  183   36
 0.12664E+01 0.36694E-02 0.23363E-01 0.11094E+02      7720    7  183   37
 0.12426E+01 0.36691E-02 0.21334E-01 0.11548E+02      7725    7  181   35
 0.12870E+01 0.36741E-02 0.23355E-01 0.11094E+02      7730    7  181   36
 0.13320E+01 0.36755E-02 0.21410E-01 0.11548E+02      7735    7  181   35
 0.12532E+01 0.36857E-02 0.23367E-01 0.11094E+02      7740    7  181   36
 0.11485E+01 0.36920E-02 0.21484E-01 0.11548E+02      7745    7  181   35
 0.91904E+00 0.36903E-02 0.23382E-01 0.11094E+02      7750   11  180   36
 0.96509E+00 0.36945E-02 0.21553E-01 0.11549E+02      7755    7  180   37
 0.97896E+00 0.36921E-02 0.23404E-01 0.11094E+02      7760    7  180   36
 0.10887E+01 0.36821E-02 0.21613E-01 0.11549E+02      7765    7  180   37
 0.10335E+01 0.36762E-02 0.23426E-01 0.11093E+02      7770   11  180   36
 0.12489E+01 0.36640E-02 0.21666E-01 0.11549E+02      7775    7  180   37
 0.11588E+01 0.36478E-02 0.23444E-01 0.11093E+02      7780    5  377   37
 0.96944E+00 0.36256E-02 0.21703E-01 0.11549E+02      7785   11  177   35
-0.12194E+01 0.36079E-02 0.23456E-01 0.11093E+02      7790    8  183   37
 0.11691E+01 0.35916E-02 0.21717E-01 0.11549E+02      7795    8  182   37
 0.10979E+01 0.35774E-02 0.23472E-01 0.11093E+02      7800   11  180   35
 0.12915E+01 0.35616E-02 0.21705E-01 0.11549E+02      7805    8  183   37
 0.12093E+01 0.35600E-02 0.23472E-01 0.11093E+02      7810    8  182   36
 0.14067E+01 0.35517E-02 0.21653E-01 0.11549E+02      7815    8  183   35
 0.13802E+01 0.35503E-02 0.23475E-01 0.11093E+02      7820    8  183   36
 0.15751E+01 0.35513E-02 0.21586E-01 0.11549E+02      7825    8  183   35
 0.14906E+01 0.35598E-02 0.23492E-01 0.11093E+02      7830    8  183   36
 0.16650E+01 0.35624E-02 0.21510E-01 0.11549E+02      7835    8  183   35
 0.15200E+01 0.35698E-02 0.23510E-01 0.11093E+02      7840    8  183   36
 0.16662E+01 0.35791E-02 0.21421E-01 0.11549E+02      7845    8  183   35
 0.14284E+01 0.35834E-02 0.23508E-01 0.11093E+02      7850    8  182   35
 0.16605E+01 0.35860E-02 0.21332E-01 0.11549E+02      7855    8  182   37
 0.14120E+01 0.35997E-02 0.23517E-01 0.11093E+02      7860    8  182   36
 0.12847E+01 0.35948E-02 0.21266E-01 0.11549E+02      7865    8  184   35
 0.13923E+01 0.36069E-02 0.23542E-01 0.11093E+02      7870    8  184   37
 0.12334E+01 0.36057E-02 0.21221E-01 0.11549E+02      7875    8  184   35
 0.13843E+01 0.36157E-02 0.23566E-01 0.11093E+02      7880    8  184   37
 0.12509E+01 0.36141E-02 0.21211E-01 0.11550E+02      7885    8  181   37
 0.14318E+01 0.36346E-02 0.23597E-01 0.11092E+02      7890    8  184   37
 0.15800E+01 0.36327E-02 0.21230E-01 0.11550E+02      7895    8  181   37
 0.12451E+01 0.36581E-02 0.23630E-01 0.11092E+02      7900    8  185   36
 0.17861E+01 0.36593E-02 0.21251E-01 0.11550E+02      7905    8  181   37
 0.13257E+01 0.36892E-02 0.23655E-01 0.11092E+02      7910    9  183   35
 0.12652E+01 0.36970E-02 0.21256E-01 0.11550E+02      7915    5  177   36
 0.15404E+01 0.37215E-02 0.23676E-01 0.11092E+02      7920    9  183   35
 0.13408E+01 0.37182E-02 0.21292E-01 0.11551E+02      7925    5  177   36
 0.14821E+01 0.37399E-02 0.23708E-01 0.11092E+02      7930    5  178   35
 0.11477E+01 0.37342E-02 0.21358E-01 0.11551E+02      7935    5  179   35
 0.13589E+01 0.37540E-02 0.23735E-01 0.11092E+02      7940    9  183   37
 0.12622E+01 0.37464E-02 0.21428E-01 0.11551E+02      7945    9  183   37
 0.99737E+00 0.37577E-02 0.23756E-01 0.11092E+02      7950    8  186   36
 0.99886E+00 0.37536E-02 0.21509E-01 0.11551E+02      7955    7  378   36
 0.11612E+01 0.37614E-02 0.23778E-01 0.11092E+02      7960    9  184   37
 0.10682E+01 0.37559E-02 0.21622E-01 0.11552E+02      7965    8  187   37
 0.10707E+01 0.37621E-02 0.23804E-01 0.11091E+02      7970    6  179   35
 0.12041E+01 0.37567E-02 0.21759E-01 0.11552E+02      7975    6  179   36
 0.13750E+01 0.37632E-02 0.23826E-01 0.11091E+02      7980    6  179   35
 0.10979E+01 0.37448E-02 0.21896E-01 0.11553E+02      7985    6  371   37
 0.12521E+01 0.37494E-02 0.23812E-01 0.11091E+02      7990    9  185   36
 0.11510E+01 0.37466E-02 0.22038E-01 0.11552E+02      7995    6  178   37
 0.13618E+01 0.37585E-02 0.23793E-01 0.11091E+02      8000    9  185   36
 0.11691E+01 0.37571E-02 0.22208E-01 0.11552E+02      8005    6  375   37
 0.14009E+01 0.37667E-02 0.23795E-01 0.11091E+02      8010    9  185   36
 0.14003E+01 0.37567E-02 0.22403E-01 0.11553E+02      8015    6  178   37
 0.14425E+01 0.37606E-02 0.23801E-01 0.11091E+02      8020    6  178   35
 0.12017E+01 0.37502E-02 0.22615E-01 0.11553E+02      8025    7  377   37
 0.13924E+01 0.37535E-02 0.23822E-01 0.11091E+02      8030    7  377   37
 0.14976E+01 0.37459E-02 0.22833E-01 0.11553E+02      8035    7  377   37
 0.12949E+01 0.37420E-02 0.23849E-01 0.11091E+02      8040    6  177   35
 0.12419E+01 0.37318E-02 0.23047E-01 0.11554E+02      8045    6  177   36
 0.12302E+01 0.37282E-02 0.23877E-01 0.11090E+02      8050    6  177   35
 0.13684E+01 0.37217E-02 0.23252E-01 0.11554E+02      8055    7  179   35
 0.13582E+01 0.37115E-02 0.23905E-01 0.11090E+02      8060    6  177   35
 0.14184E+01 0.37022E-02 0.23430E-01 0.11555E+02      8065    7  179   35
 0.14160E+01 0.37010E-02 0.23926E-01 0.11089E+02      8070    6  177   35
 0.13945E+01 0.37018E-02 0.23564E-01 0.11555E+02      8075    7  376   37
 0.98955E+00 0.37009E-02 0.23926E-01 0.11089E+02      8080    7  375   36
 0.11041E+01 0.37135E-02 0.23636E-01 0.11555E+02      8085    7  179   35
 0.11925E+01 0.37060E-02 0.23907E-01 0.11089E+02      8090    7  375   37
 0.12802E+01 0.37118E-02 0.23669E-01 0.11555E+02      8095    7  375   37
 0.13600E+01 0.37129E-02 0.23909E-01 0.11089E+02      8100    7  375   37
 0.14193E+01 0.37237E-02 0.23665E-01 0.11555E+02      8105    7  375   37
 0.10903E+01 0.37284E-02 0.23923E-01 0.11088E+02      8110    8  383   37
 0.11849E+01 0.37413E-02 0.23612E-01 0.11555E+02      8115    8  383   37
 0.12662E+01 0.37533E-02 0.23932E-01 0.11088E+02      8120    5  183   35
 0.13037E+01 0.37635E-02 0.23512E-01 0.11556E+02      8125    5  182   35
 0.13871E+01 0.37729E-02 0.23944E-01 0.11087E+02      8130    5  183   35
 0.13887E+01 0.37871E-02 0.23379E-01 0.11556E+02      8135    5  182   35
 0.13341E+01 0.38008E-02 0.23965E-01 0.11087E+02      8140    5  183   35
 0.12042E+01 0.38166E-02 0.23212E-01 0.11556E+02      8145    7  178   37
 0.11852E+01 0.38261E-02 0.23988E-01 0.11087E+02      8150    7  373   37
 0.12601E+01 0.38429E-02 0.23008E-01 0.11556E+02      8155    7  373   37
 0.12867E+01 0.38481E-02 0.24011E-01 0.11086E+02      8160    7  178   35
 0.11604E+01 0.38551E-02 0.22766E-01 0.11556E+02      8165    8  179   35
 0.12227E+01 0.38621E-02 0.24037E-01 0.11086E+02      8170    7  177   35
 0.12411E+01 0.38730E-02 0.22705E-01 0.11556E+02      8175    8  179   35
 0.12444E+01 0.38780E-02 0.24060E-01 0.11086E+02      8180    8  179   36
 0.13844E+01 0.38844E-02 0.22832E-01 0.11556E+02      8185    8  179   35
 0.13467E+01 0.38944E-02 0.24068E-01 0.11086E+02      8190    8  179   36
 0.14745E+01 0.38944E-02 0.22900E-01 0.11556E+02      8195    8  179   35
 0.14313E+01 0.38993E-02 0.24064E-01 0.11086E+02      8200    8  179   36
 0.15632E+01 0.39010E-02 0.22912E-01 0.11556E+02      8205    8  179   35
 0.16668E+01 0.39019E-02 0.24068E-01 0.11086E+02      8210    6  182   35
 0.16640E+01 0.39046E-02 0.22874E-01 0.11556E+02      8215    8  179   35
 0.18122E+01 0.39101E-02 0.24067E-01 0.11086E+02      8220    6  182   35
 0.17427E+01 0.39122E-02 0.22813E-01 0.11556E+02      8225    8  179   35
 0.15406E+01 0.39123E-02 0.24092E-01 0.11086E+02      8230    6  184   35
 0.16983E+01 0.39164E-02 0.22734E-01 0.11556E+02      8235    8  179   35
 0.16074E+01 0.39238E-02 0.24100E-01 0.11086E+02      8240    6  184   35
 0.11354E+01 0.39292E-02 0.22619E-01 0.11556E+02      8245    8  178   35
 0.10531E+01 0.39402E-02 0.24167E-01 0.11086E+02      8250    8  178   37
 0.11495E+01 0.39504E-02 0.22483E-01 0.11556E+02      8255    8  178   36
 0.11372E+01 0.39624E-02 0.24392E-01 0.11086E+02      8260    8  178   37
 0.12931E+01 0.39731E-02 0.22324E-01 0.11556E+02      8265    8  178   35
 0.11719E+01 0.39826E-02 0.24536E-01 0.11086E+02      8270    8  176   35
 0.13134E+01 0.39947E-02 0.22248E-01 0.11555E+02      8275    9  180   35
 0.12845E+01 0.40088E-02 0.24621E-01 0.11087E+02      8280    8  176   35
 0.12614E+01 0.40208E-02 0.22168E-01 0.11555E+02      8285    9  180   35
 0.14040E+01 0.40300E-02 0.24646E-01 0.11087E+02      8290    8  176   35
 0.17057E+01 0.40380E-02 0.22041E-01 0.11555E+02      8295    9  180   35
 0.15200E+01 0.40472E-02 0.24623E-01 0.11087E+02      8300    8  176   35
 0.18270E+01 0.40655E-02 0.21864E-01 0.11555E+02      8305    9  180   35
 0.15862E+01 0.40747E-02 0.24570E-01 0.11088E+02      8310    9  180   36
 0.18269E+01 0.40934E-02 0.21682E-01 0.11555E+02      8315    9  180   35
 0.11841E+01 0.41019E-02 0.24514E-01 0.11088E+02      8320    7  184   35
 0.20264E+01 0.41171E-02 0.21656E-01 0.11555E+02      8325    9  180   35
 0.13729E+01 0.41292E-02 0.24428E-01 0.11088E+02      8330    7  184   35
 0.21159E+01 0.41387E-02 0.21634E-01 0.11555E+02      8335    9  180   35
 0.14408E+01 0.41547E-02 0.24562E-01 0.11089E+02      8340    7  184   35
 0.13150E+01 0.41570E-02 0.21642E-01 0.11555E+02      8345    9  179   35
 0.14463E+01 0.41787E-02 0.24703E-01 0.11089E+02      8350    7  184   35
 0.14025E+01 0.41732E-02 0.21651E-01 0.11555E+02      8355    7  379   37
 0.15111E+01 0.41908E-02 0.24807E-01 0.11089E+02      8360    7  379   37
 0.14095E+01 0.41892E-02 0.21632E-01 0.11555E+02      8365    9  179   35
 0.13352E+01 0.42067E-02 0.24888E-01 0.11089E+02      8370    9  176   35
 0.14393E+01 0.42070E-02 0.21618E-01 0.11555E+02      8375    9  179   35
 0.14565E+01 0.42090E-02 0.24954E-01 0.11089E+02      8380    8  183   35
 0.16509E+01 0.41916E-02 0.21610E-01 0.11555E+02      8385    9  179   35
 0.15901E+01 0.41882E-02 0.25013E-01 0.11089E+02      8390    8  183   35
 0.16306E+01 0.41760E-02 0.21616E-01 0.11555E+02      8395    9  179   35
 0.15687E+01 0.41707E-02 0.25032E-01 0.11089E+02      8400    8  183   35
 0.13680E+01 0.41598E-02 0.21624E-01 0.11555E+02      8405    8  183   37
 0.14234E+01 0.41539E-02 0.25003E-01 0.11089E+02      8410    9  177   35
 0.13165E+01 0.41385E-02 0.21716E-01 0.11556E+02      8415    8  183   37
 0.15550E+01 0.41335E-02 0.24927E-01 0.11089E+02      8420    9  177   35
 0.13305E+01 0.41262E-02 0.21802E-01 0.11556E+02      8425    8  183   37
 0.10767E+01 0.41295E-02 0.24837E-01 0.11089E+02      8430    8  184   35
 0.11552E+01 0.41304E-02 0.21868E-01 0.11556E+02      8435    6  371   37
 0.14671E+01 0.41384E-02 0.24762E-01 0.11089E+02      8440    8  184   35
 0.12279E+01 0.41544E-02 0.21921E-01 0.11556E+02      8445    6  371   37
 0.14745E+01 0.41626E-02 0.24712E-01 0.11088E+02      8450    8  184   35
 0.14021E+01 0.41832E-02 0.21968E-01 0.11556E+02      8455   10  181   35
 0.12064E+01 0.41855E-02 0.24673E-01 0.11088E+02      8460    7  377   37
 0.14029E+01 0.42046E-02 0.21998E-01 0.11557E+02      8465   10  182   35
 0.11983E+01 0.41990E-02 0.24635E-01 0.11087E+02      8470    8  185   35
 0.14156E+01 0.42149E-02 0.22012E-01 0.11557E+02      8475   10  181   35
 0.12345E+01 0.42178E-02 0.24594E-01 0.11087E+02      8480    8  186   35
 0.15701E+01 0.42253E-02 0.22004E-01 0.11557E+02      8485   10  182   35
 0.13107E+01 0.42339E-02 0.24541E-01 0.11086E+02      8490    8  186   37
 0.12165E+01 0.42343E-02 0.21992E-01 0.11558E+02      8495    7  376   37
 0.13618E+01 0.42350E-02 0.24435E-01 0.11086E+02      8500    7  376   37
 0.14460E+01 0.42339E-02 0.21970E-01 0.11558E+02      8505    7  376   37
 0.13833E+01 0.42440E-02 0.24254E-01 0.11086E+02      8510    8  186   37
 0.10163E+01 0.42472E-02 0.21935E-01 0.11558E+02      8515    7  375   36
 0.12570E+01 0.42637E-02 0.24212E-01 0.11085E+02      8520    8  186   37
 0.11818E+01 0.42685E-02 0.21931E-01 0.11558E+02      8525    7  375   37
 0.13358E+01 0.42801E-02 0.24200E-01 0.11086E+02      8530    9  185   35
 0.13475E+01 0.42911E-02 0.21921E-01 0.11558E+02      8535    7  375   37
 0.15026E+01 0.43005E-02 0.24198E-01 0.11086E+02      8540    9  185   35
 0.12052E+01 0.43016E-02 0.21931E-01 0.11558E+02      8545    9  185   36
 0.11670E+01 0.43050E-02 0.24224E-01 0.11085E+02      8550    9  186   36
 0.13935E+01 0.43074E-02 0.21938E-01 0.11558E+02      8555    9  186   35
 0.11830E+01 0.43061E-02 0.24297E-01 0.11085E+02      8560    9  186   36
 0.12073E+01 0.43062E-02 0.21936E-01 0.11558E+02      8565    7  374   37
 0.12951E+01 0.43078E-02 0.24399E-01 0.11085E+02      8570    7  374   37
 0.10989E+01 0.43044E-02 0.21948E-01 0.11558E+02      8575    4  378   37
 0.13306E+01 0.43101E-02 0.24458E-01 0.11085E+02      8580   11  182   35
 0.11801E+01 0.43008E-02 0.21958E-01 0.11558E+02      8585    4  381   37
 0.12022E+01 0.42872E-02 0.24457E-01 0.11085E+02      8590   11  182   35
 0.12295E+01 0.42677E-02 0.21966E-01 0.11559E+02      8595    7  373   37
 0.13085E+01 0.42550E-02 0.24392E-01 0.11085E+02      8600    7  373   37
 0.12632E+01 0.42299E-02 0.22148E-01 0.11559E+02      8605   11  183   35
 0.13808E+01 0.42283E-02 0.24317E-01 0.11085E+02      8610   11  182   35
 0.12979E+01 0.42130E-02 0.22368E-01 0.11559E+02      8615   11  183   35
-0.10192E+01 0.42153E-02 0.24311E-01 0.11085E+02      8620    7  381   37
 0.11036E+01 0.42013E-02 0.22543E-01 0.11559E+02      8625   11  183   35
-0.90934E+00 0.42052E-02 0.24293E-01 0.11085E+02      8630    7  381   37
 0.10052E+01 0.41970E-02 0.22686E-01 0.11559E+02      8635    5  379   37
 0.12949E+01 0.42053E-02 0.24276E-01 0.11085E+02      8640    5  379   37
 0.14301E+01 0.41991E-02 0.22779E-01 0.11559E+02      8645    5  379   37
 0.13195E+01 0.42080E-02 0.24254E-01 0.11085E+02      8650    5  379   36
-0.10565E+01 0.42123E-02 0.22814E-01 0.11559E+02      8655    7  383   37
-0.10618E+01 0.42297E-02 0.24218E-01 0.11085E+02      8660    7  383   37
 0.10951E+01 0.42255E-02 0.22813E-01 0.11559E+02      8665    5  378   37
 0.12589E+01 0.42343E-02 0.24188E-01 0.11085E+02      8670    5  378   37
 0.13367E+01 0.42292E-02 0.22806E-01 0.11559E+02      8675    5  378   37
 0.11576E+01 0.42207E-02 0.24164E-01 0.11085E+02      8680    5  180   36
 0.14533E+01 0.42205E-02 0.22813E-01 0.11559E+02      8685    5  181   35
 0.13413E+01 0.42237E-02 0.24159E-01 0.11085E+02      8690    5  180   35
 0.16045E+01 0.42264E-02 0.22818E-01 0.11559E+02      8695    5  181   35
 0.14684E+01 0.42227E-02 0.24175E-01 0.11084E+02      8700    5  180   35
 0.16856E+01 0.42118E-02 0.22814E-01 0.11560E+02      8705    5  181   35
 0.14901E+01 0.42093E-02 0.24202E-01 0.11084E+02      8710    5  182   35
 0.17215E+01 0.42088E-02 0.22925E-01 0.11560E+02      8715    5  181   35
 0.15497E+01 0.42108E-02 0.24233E-01 0.11083E+02      8720    5  180   35
 0.13772E+01 0.42109E-02 0.23042E-01 0.11560E+02      8725    5  183   35
 0.13746E+01 0.42095E-02 0.24264E-01 0.11082E+02      8730    5  182   35
 0.11040E+01 0.42236E-02 0.23151E-01 0.11561E+02      8735    7  382   37
 0.12373E+01 0.42311E-02 0.24287E-01 0.11082E+02      8740    6  379   37
 0.13458E+01 0.42459E-02 0.23256E-01 0.11561E+02      8745    6  379   37
 0.13331E+01 0.42525E-02 0.24300E-01 0.11082E+02      8750    7  381   37
 0.10846E+01 0.42703E-02 0.23330E-01 0.11561E+02      8755    5  375   37
 0.10135E+01 0.42738E-02 0.24272E-01 0.11082E+02      8760    5  375   36
 0.10754E+01 0.42922E-02 0.23378E-01 0.11560E+02      8765    6  378   37
 0.11388E+01 0.42914E-02 0.24231E-01 0.11082E+02      8770    5  370   36
 0.11385E+01 0.42969E-02 0.23407E-01 0.11560E+02      8775    6  378   37
 0.11777E+01 0.42891E-02 0.24185E-01 0.11082E+02      8780    6  378   37
 0.13619E+01 0.42964E-02 0.23422E-01 0.11560E+02      8785    6  378   37
 0.13402E+01 0.42771E-02 0.24153E-01 0.11082E+02      8790    6  182   36
 0.15145E+01 0.42767E-02 0.23419E-01 0.11559E+02      8795    6  183   36
 0.16709E+01 0.42536E-02 0.24114E-01 0.11082E+02      8800    6  183   35
 0.16659E+01 0.42458E-02 0.23388E-01 0.11559E+02      8805    6  183   36
 0.16158E+01 0.42281E-02 0.24061E-01 0.11082E+02      8810    6  183   37
 0.17201E+01 0.42207E-02 0.23333E-01 0.11558E+02      8815    6  182   35
 0.19326E+01 0.42020E-02 0.23988E-01 0.11083E+02      8820    6  183   35
 0.17935E+01 0.42020E-02 0.23265E-01 0.11557E+02      8825    6  182   35
 0.19531E+01 0.41870E-02 0.23935E-01 0.11083E+02      8830    6  183   35
 0.17009E+01 0.41822E-02 0.23226E-01 0.11557E+02      8835    6  182   35
 0.17272E+01 0.41726E-02 0.23912E-01 0.11083E+02      8840    6  181   35
 0.15362E+01 0.41726E-02 0.23214E-01 0.11556E+02      8845    6  180   36
 0.16625E+01 0.41792E-02 0.23899E-01 0.11083E+02      8850    6  181   35
 0.13694E+01 0.41925E-02 0.23200E-01 0.11556E+02      8855    7  379   37
 0.18392E+01 0.42018E-02 0.23882E-01 0.11083E+02      8860    6  181   35
 0.12302E+01 0.42118E-02 0.23185E-01 0.11556E+02      8865    6  375   37
 0.15426E+01 0.42210E-02 0.23873E-01 0.11084E+02      8870    6  180   35
 0.11873E+01 0.42348E-02 0.23155E-01 0.11555E+02      8875    6  371   37
 0.11884E+01 0.42355E-02 0.23851E-01 0.11084E+02      8880    6  371   37
 0.11188E+01 0.42382E-02 0.23112E-01 0.11555E+02      8885    6  374   37
 0.11368E+01 0.42329E-02 0.23827E-01 0.11084E+02      8890    6  178   37
 0.12235E+01 0.42270E-02 0.23061E-01 0.11554E+02      8895    7  378   37
 0.13173E+01 0.42264E-02 0.23810E-01 0.11084E+02      8900    7  378   37
 0.11862E+01 0.42218E-02 0.22976E-01 0.11554E+02      8905    7  377   37
 0.12377E+01 0.42154E-02 0.23797E-01 0.11084E+02      8910    7  377   37
 0.13374E+01 0.42146E-02 0.22896E-01 0.11554E+02      8915    7  377   37
 0.13892E+01 0.42085E-02 0.23793E-01 0.11084E+02      8920    7  377   37
 0.14215E+01 0.42116E-02 0.22841E-01 0.11554E+02      8925    7  377   37
 0.12729E+01 0.41969E-02 0.23798E-01 0.11084E+02      8930    7  376   37
 0.14762E+01 0.42007E-02 0.22773E-01 0.11554E+02      8935    7  376   37
 0.15989E+01 0.41964E-02 0.23801E-01 0.11084E+02      8940    7  376   37
 0.16683E+01 0.42016E-02 0.22710E-01 0.11554E+02      8945    7  376   37
 0.13724E+01 0.41923E-02 0.23819E-01 0.11084E+02      8950    7  375   37
 0.15146E+01 0.41968E-02 0.22632E-01 0.11554E+02      8955    7  184   35
 0.15691E+01 0.41912E-02 0.23842E-01 0.11084E+02      8960    7  375   37
 0.16728E+01 0.41989E-02 0.22518E-01 0.11554E+02      8965    7  184   35
 0.13788E+01 0.41899E-02 0.23889E-01 0.11084E+02      8970    7  185   35
 0.17625E+01 0.41929E-02 0.22401E-01 0.11554E+02      8975    7  184   35
 0.15301E+01 0.41726E-02 0.23952E-01 0.11084E+02      8980    7  182   36
 0.18565E+01 0.41659E-02 0.22354E-01 0.11555E+02      8985    7  183   35
 0.16502E+01 0.41609E-02 0.24021E-01 0.11083E+02      8990    7  182   36
 0.17092E+01 0.41508E-02 0.22316E-01 0.11555E+02      8995    7  183   37
 0.16684E+01 0.41527E-02 0.24109E-01 0.11083E+02      9000    7  182   37
 0.13523E+01 0.41479E-02 0.22273E-01 0.11556E+02      9005    7  178   35
 0.16469E+01 0.41470E-02 0.24211E-01 0.11082E+02      9010    7  182   37
 0.13413E+01 0.41379E-02 0.22216E-01 0.11557E+02      9015    7  179   35
 0.16669E+01 0.41371E-02 0.24317E-01 0.11081E+02      9020    7  181   36
 0.15089E+01 0.41281E-02 0.22249E-01 0.11558E+02      9025    7  180   36
 0.16002E+01 0.41178E-02 0.24504E-01 0.11081E+02      9030    7  181   37
 0.15778E+01 0.41108E-02 0.22289E-01 0.11558E+02      9035    7  180   36
 0.15753E+01 0.41031E-02 0.24616E-01 0.11081E+02      9040    7  180   35
 0.12541E+01 0.40949E-02 0.22294E-01 0.11558E+02      9045    8  177   35
 0.15003E+01 0.40931E-02 0.24719E-01 0.11081E+02      9050    7  180   35
 0.13561E+01 0.40854E-02 0.22290E-01 0.11558E+02      9055    8  177   35
 0.12243E+01 0.40873E-02 0.24823E-01 0.11081E+02      9060    8  187   36
 0.15946E+01 0.40923E-02 0.22256E-01 0.11558E+02      9065    8  177   35
 0.12732E+01 0.40989E-02 0.24925E-01 0.11082E+02      9070    8  187   36
 0.16479E+01 0.41060E-02 0.22206E-01 0.11557E+02      9075    8  177   35
 0.13331E+01 0.41148E-02 0.25021E-01 0.11082E+02      9080    8  184   35
 0.14206E+01 0.41206E-02 0.22138E-01 0.11557E+02      9085    8  187   37
 0.14680E+01 0.41424E-02 0.25099E-01 0.11082E+02      9090    8  184   35
 0.15652E+01 0.41402E-02 0.22163E-01 0.11557E+02      9095    8  186   35
 0.16018E+01 0.41508E-02 0.25147E-01 0.11083E+02      9100    8  184   35
 0.16798E+01 0.41472E-02 0.22206E-01 0.11557E+02      9105    8  183   36
 0.17351E+01 0.41548E-02 0.25141E-01 0.11083E+02      9110    8  184   35
 0.18161E+01 0.41506E-02 0.22199E-01 0.11557E+02      9115    8  183   36
 0.18632E+01 0.41648E-02 0.25090E-01 0.11083E+02      9120    8  184   35
 0.19365E+01 0.41619E-02 0.22138E-01 0.11556E+02      9125    8  183   36
 0.19821E+01 0.41826E-02 0.24983E-01 0.11084E+02      9130    8  184   35
 0.20747E+01 0.41739E-02 0.22019E-01 0.11556E+02      9135    8  183   36
 0.19454E+01 0.41780E-02 0.24855E-01 0.11084E+02      9140    8  184   35
 0.20810E+01 0.41597E-02 0.21896E-01 0.11556E+02      9145    8  183   35
 0.18892E+01 0.41693E-02 0.24798E-01 0.11084E+02      9150    8  182   36
 0.21248E+01 0.41648E-02 0.21884E-01 0.11556E+02      9155    8  182   35
 0.20231E+01 0.41829E-02 0.24784E-01 0.11084E+02      9160    8  183   37
 0.20086E+01 0.41801E-02 0.21887E-01 0.11556E+02      9165    8  182   35
 0.21854E+01 0.41996E-02 0.24834E-01 0.11084E+02      9170    8  182   37
 0.19411E+01 0.41916E-02 0.21881E-01 0.11556E+02      9175    8  180   35
 0.22601E+01 0.42009E-02 0.24846E-01 0.11084E+02      9180    8  182   37
 0.15214E+01 0.41943E-02 0.21886E-01 0.11556E+02      9185    8  182   37
 0.20941E+01 0.41945E-02 0.24839E-01 0.11084E+02      9190    8  181   37
 0.14464E+01 0.41883E-02 0.21897E-01 0.11556E+02      9195    9  183   35
 0.21842E+01 0.41958E-02 0.24820E-01 0.11084E+02      9200    8  181   37
 0.15831E+01 0.41782E-02 0.21910E-01 0.11557E+02      9205    9  183   35
 0.19031E+01 0.41796E-02 0.24789E-01 0.11084E+02      9210    8  180   37
 0.17271E+01 0.41666E-02 0.21922E-01 0.11557E+02      9215    9  183   35
 0.22401E+01 0.41500E-02 0.24741E-01 0.11084E+02      9220    8  180   37
 0.18771E+01 0.41320E-02 0.21937E-01 0.11557E+02      9225    9  183   35
 0.14544E+01 0.41148E-02 0.24668E-01 0.11084E+02      9230    9  183   37
 0.20577E+01 0.40999E-02 0.21952E-01 0.11557E+02      9235    9  183   35
 0.15251E+01 0.40892E-02 0.24652E-01 0.11084E+02      9240    9  185   35
 0.22577E+01 0.40792E-02 0.21971E-01 0.11557E+02      9245    9  183   35
 0.16866E+01 0.40660E-02 0.24655E-01 0.11084E+02      9250    9  185   35
 0.19293E+01 0.40466E-02 0.22002E-01 0.11558E+02      9255    9  182   35
 0.15777E+01 0.40426E-02 0.24693E-01 0.11083E+02      9260    9  180   35
 0.17221E+01 0.40258E-02 0.22040E-01 0.11558E+02      9265    9  181   35
 0.17511E+01 0.40318E-02 0.24738E-01 0.11083E+02      9270    9  180   35
 0.19083E+01 0.40212E-02 0.22071E-01 0.11559E+02      9275    9  181   35
 0.15926E+01 0.40247E-02 0.24767E-01 0.11082E+02      9280    9  180   35
 0.13470E+01 0.40171E-02 0.22093E-01 0.11559E+02      9285    6  377   37
 0.14744E+01 0.40223E-02 0.24767E-01 0.11082E+02      9290    6  377   37
 0.15929E+01 0.40224E-02 0.22106E-01 0.11559E+02      9295    6  377   37
 0.12243E+01 0.40150E-02 0.24732E-01 0.11082E+02      9300    6  376   36
 0.12822E+01 0.40119E-02 0.22170E-01 0.11559E+02      9305    6  376   37
 0.14115E+01 0.40005E-02 0.24665E-01 0.11082E+02      9310    6  376   37
 0.15751E+01 0.40008E-02 0.22234E-01 0.11559E+02      9315    6  376   37
 0.15703E+01 0.39909E-02 0.24570E-01 0.11082E+02      9320    6  375   37
 0.10548E+01 0.39845E-02 0.22262E-01 0.11559E+02      9325    8  381   37
 0.11155E+01 0.39736E-02 0.24434E-01 0.11082E+02      9330    8  381   37
 0.11347E+01 0.39721E-02 0.22252E-01 0.11558E+02      9335    8  381   37
 0.10966E+01 0.39638E-02 0.24294E-01 0.11083E+02      9340    8  381   37
 0.10563E+01 0.39635E-02 0.22228E-01 0.11558E+02      9345   10  179   35
 0.11571E+01 0.39731E-02 0.24271E-01 0.11083E+02      9350    7  378   37
 0.13007E+01 0.39816E-02 0.22210E-01 0.11558E+02      9355    7  378   37
 0.14348E+01 0.40011E-02 0.24272E-01 0.11083E+02      9360    7  378   37
 0.11958E+01 0.40172E-02 0.22195E-01 0.11558E+02      9365   10  180   35
 0.12927E+01 0.40348E-02 0.24283E-01 0.11082E+02      9370    7  377   37
 0.14332E+01 0.40439E-02 0.22172E-01 0.11558E+02      9375    7  377   37
 0.15731E+01 0.40566E-02 0.24299E-01 0.11082E+02      9380    7  377   37
 0.15701E+01 0.40506E-02 0.22159E-01 0.11558E+02      9385    7  376   37
 0.16995E+01 0.40621E-02 0.24316E-01 0.11082E+02      9390    7  376   37
 0.16023E+01 0.40520E-02 0.22143E-01 0.11558E+02      9395   10  182   35
 0.17806E+01 0.40560E-02 0.24335E-01 0.11082E+02      9400   10  183   35
 0.14219E+01 0.40513E-02 0.22123E-01 0.11558E+02      9405   10  182   35
 0.14179E+01 0.40487E-02 0.24356E-01 0.11081E+02      9410    7  374   37
 0.11592E+01 0.40456E-02 0.22151E-01 0.11559E+02      9415    7  373   37
 0.12389E+01 0.40458E-02 0.24409E-01 0.11081E+02      9420    5  184   35
 0.11843E+01 0.40361E-02 0.22169E-01 0.11559E+02      9425    8  379   37
 0.12923E+01 0.40325E-02 0.24422E-01 0.11081E+02      9430    5  184   35
 0.12824E+01 0.40204E-02 0.22175E-01 0.11559E+02      9435    7  373   37
 0.13576E+01 0.40160E-02 0.24417E-01 0.11081E+02      9440    5  183   35
 0.11282E+01 0.40065E-02 0.22180E-01 0.11559E+02      9445    8  378   37
 0.14881E+01 0.39985E-02 0.24433E-01 0.11081E+02      9450    5  183   35
 0.13456E+01 0.39878E-02 0.22181E-01 0.11559E+02      9455    8  378   37
 0.15356E+01 0.39804E-02 0.24436E-01 0.11081E+02      9460    6  186   37
 0.11805E+01 0.39691E-02 0.22182E-01 0.11559E+02      9465    5  183   36
 0.17003E+01 0.39619E-02 0.24436E-01 0.11081E+02      9470    5  183   35
 0.12866E+01 0.39567E-02 0.22262E-01 0.11559E+02      9475    5  176   36
 0.11817E+01 0.39536E-02 0.24449E-01 0.11081E+02      9480    5  176   35
 0.14021E+01 0.39609E-02 0.22376E-01 0.11559E+02      9485    5  176   36
 0.11842E+01 0.39694E-02 0.24457E-01 0.11081E+02      9490    8  376   37
 0.14029E+01 0.39752E-02 0.22500E-01 0.11559E+02      9495    5  182   35
 0.11219E+01 0.39751E-02 0.24460E-01 0.11081E+02      9500   11  180   35
 0.14657E+01 0.39766E-02 0.22631E-01 0.11559E+02      9505    5  182   35
 0.11714E+01 0.39792E-02 0.24444E-01 0.11081E+02      9510   11  185   35
 0.14685E+01 0.39843E-02 0.22763E-01 0.11559E+02      9515    5  182   35
 0.11622E+01 0.39871E-02 0.24426E-01 0.11081E+02      9520   11  185   35
 0.12128E+01 0.39893E-02 0.22892E-01 0.11559E+02      9525    5  177   36
 0.11878E+01 0.39903E-02 0.24401E-01 0.11081E+02      9530    6  184   35
 0.14373E+01 0.39841E-02 0.23018E-01 0.11558E+02      9535    5  177   36
 0.14392E+01 0.39858E-02 0.24374E-01 0.11081E+02      9540    5  177   37
 0.11860E+01 0.39794E-02 0.23151E-01 0.11558E+02      9545    5  181   35
 0.14514E+01 0.39819E-02 0.24346E-01 0.11082E+02      9550    6  184   35
 0.12038E+01 0.39863E-02 0.23271E-01 0.11558E+02      9555    5  181   35
 0.15455E+01 0.39905E-02 0.24312E-01 0.11082E+02      9560    6  184   35
 0.12110E+01 0.39969E-02 0.23377E-01 0.11558E+02      9565    5  178   37
 0.14284E+01 0.39989E-02 0.24288E-01 0.11082E+02      9570    5  178   36
 0.13611E+01 0.40056E-02 0.23479E-01 0.11558E+02      9575    5  178   37
 0.13304E+01 0.40079E-02 0.24255E-01 0.11082E+02      9580    5  178   35
 0.14635E+01 0.40104E-02 0.23553E-01 0.11558E+02      9585    5  178   37
 0.17803E+01 0.40094E-02 0.24237E-01 0.11082E+02      9590    6  183   35
 0.15942E+01 0.40190E-02 0.23623E-01 0.11558E+02      9595    5  179   36
 0.18706E+01 0.40238E-02 0.24215E-01 0.11082E+02      9600    6  183   35
 0.15540E+01 0.40300E-02 0.23660E-01 0.11558E+02      9605    6  183   37
 0.15728E+01 0.40296E-02 0.24188E-01 0.11082E+02      9610    5  179   37
 0.16077E+01 0.40303E-02 0.23679E-01 0.11557E+02      9615    6  183   37
 0.16662E+01 0.40335E-02 0.24158E-01 0.11082E+02      9620    5  179   37
 0.13442E+01 0.40364E-02 0.23675E-01 0.11557E+02      9625    6  176   36
 0.15936E+01 0.40397E-02 0.24128E-01 0.11082E+02      9630    6  182   35
 0.13810E+01 0.40367E-02 0.23645E-01 0.11557E+02      9635    7  186   35
 0.17476E+01 0.40386E-02 0.24095E-01 0.11082E+02      9640    6  182   35
 0.13346E+01 0.40375E-02 0.23595E-01 0.11557E+02      9645    7  186   35
 0.13373E+01 0.40234E-02 0.24072E-01 0.11082E+02      9650    6  182   37
 0.13654E+01 0.40247E-02 0.23525E-01 0.11556E+02      9655    6  181   36
 0.15158E+01 0.40117E-02 0.24025E-01 0.11082E+02      9660    6  182   37
 0.12109E+01 0.40066E-02 0.23428E-01 0.11556E+02      9665    6  181   36
 0.17479E+01 0.39960E-02 0.23988E-01 0.11083E+02      9670    6  181   35
 0.12825E+01 0.39868E-02 0.23329E-01 0.11556E+02      9675    6  181   36
 0.18626E+01 0.39833E-02 0.23952E-01 0.11083E+02      9680    6  181   35
 0.14765E+01 0.39870E-02 0.23226E-01 0.11555E+02      9685    6  181   36
 0.14832E+01 0.39872E-02 0.23921E-01 0.11083E+02      9690    6  177   36
 0.15512E+01 0.39920E-02 0.23112E-01 0.11555E+02      9695    6  181   37
 0.16355E+01 0.39959E-02 0.23895E-01 0.11083E+02      9700    6  180   35
 0.14257E+01 0.39996E-02 0.23003E-01 0.11554E+02      9705    7  185   35
 0.17428E+01 0.40042E-02 0.23881E-01 0.11083E+02      9710    6  180   35
 0.16068E+01 0.40032E-02 0.22904E-01 0.11554E+02      9715    6  180   36
 0.18693E+01 0.40063E-02 0.23887E-01 0.11083E+02      9720    6  180   35
 0.15869E+01 0.40133E-02 0.22820E-01 0.11554E+02      9725    6  179   35
 0.14789E+01 0.40060E-02 0.23890E-01 0.11083E+02      9730    7  184   36
 0.17322E+01 0.40132E-02 0.22729E-01 0.11554E+02      9735    6  179   36
 0.15388E+01 0.40068E-02 0.23882E-01 0.11083E+02      9740    6  178   37
 0.15099E+01 0.40046E-02 0.22626E-01 0.11554E+02      9745    7  184   35
 0.16690E+01 0.39992E-02 0.23856E-01 0.11083E+02      9750    6  179   37
 0.15278E+01 0.40050E-02 0.22512E-01 0.11553E+02      9755    7  184   35
 0.15691E+01 0.39952E-02 0.23825E-01 0.11083E+02      9760    6  179   37
 0.16189E+01 0.40021E-02 0.22401E-01 0.11553E+02      9765    7  184   35
 0.14591E+01 0.39878E-02 0.23794E-01 0.11084E+02      9770    7  183   35
 0.15304E+01 0.39958E-02 0.22303E-01 0.11552E+02      9775    7  176   35
 0.15656E+01 0.39870E-02 0.23770E-01 0.11084E+02      9780    7  183   35
 0.15859E+01 0.39966E-02 0.22212E-01 0.11552E+02      9785    8  186   37
 0.15328E+01 0.39888E-02 0.23748E-01 0.11084E+02      9790    7  183   35
 0.16621E+01 0.40049E-02 0.22132E-01 0.11552E+02      9795    8  186   37
 0.15738E+01 0.40046E-02 0.23740E-01 0.11084E+02      9800    7  183   35
 0.18255E+01 0.40197E-02 0.22076E-01 0.11551E+02      9805    8  186   37
 0.14121E+01 0.40161E-02 0.23751E-01 0.11084E+02      9810    7  182   35
 0.15163E+01 0.40302E-02 0.22088E-01 0.11551E+02      9815    8  186   37
 0.15706E+01 0.40220E-02 0.23785E-01 0.11084E+02      9820    7  377   37
 0.17367E+01 0.40346E-02 0.22151E-01 0.11552E+02      9825    8  186   37
 0.15334E+01 0.40201E-02 0.23805E-01 0.11084E+02      9830    8  185   35
 0.16634E+01 0.40166E-02 0.22210E-01 0.11551E+02      9835    8  185   37
 0.16049E+01 0.40047E-02 0.23819E-01 0.11084E+02      9840    8  185   35
 0.17617E+01 0.40017E-02 0.22258E-01 0.11551E+02      9845    8  185   37
 0.15621E+01 0.39913E-02 0.23835E-01 0.11084E+02      9850    8  185   35
 0.15888E+01 0.39924E-02 0.22272E-01 0.11551E+02      9855    8  185   36
 0.15308E+01 0.39762E-02 0.23858E-01 0.11084E+02      9860    7  181   37
 0.16158E+01 0.39760E-02 0.22255E-01 0.11552E+02      9865    8  185   37
 0.16312E+01 0.39636E-02 0.23893E-01 0.11084E+02      9870    7  181   37
 0.15692E+01 0.39679E-02 0.22218E-01 0.11552E+02      9875    8  185   37
 0.16423E+01 0.39610E-02 0.23925E-01 0.11084E+02      9880    7  181   37
 0.14661E+01 0.39617E-02 0.22159E-01 0.11552E+02      9885    8  184   37
 0.14647E+01 0.39591E-02 0.23958E-01 0.11084E+02      9890    8  176   36
 0.14962E+01 0.39535E-02 0.22100E-01 0.11553E+02      9895    7  180   35
 0.16169E+01 0.39529E-02 0.24104E-01 0.11083E+02      9900    8  176   35
 0.15646E+01 0.39495E-02 0.22032E-01 0.11553E+02      9905    8  184   37
 0.14899E+01 0.39421E-02 0.24338E-01 0.11083E+02      9910    7  179   35
 0.16247E+01 0.39450E-02 0.21954E-01 0.11553E+02      9915    8  184   37
 0.13891E+01 0.39336E-02 0.24548E-01 0.11083E+02      9920    7  179   36
 0.17684E+01 0.39384E-02 0.21980E-01 0.11554E+02      9925    8  176   37
 0.14486E+01 0.39332E-02 0.24737E-01 0.11083E+02      9930    8  177   35
 0.15273E+01 0.39355E-02 0.22025E-01 0.11554E+02      9935    8  183   35
 0.16368E+01 0.39337E-02 0.24904E-01 0.11083E+02      9940    8  183   36
 0.16558E+01 0.39391E-02 0.22022E-01 0.11554E+02      9945    8  183   35
 0.17628E+01 0.39421E-02 0.25048E-01 0.11083E+02      9950    8  183   36
 0.17812E+01 0.39374E-02 0.21966E-01 0.11554E+02      9955    8  183   35
 0.18825E+01 0.39378E-02 0.25164E-01 0.11083E+02      9960    8  183   36
 0.18970E+01 0.39333E-02 0.21875E-01 0.11554E+02      9965    8  183   37
 0.19613E+01 0.39342E-02 0.25247E-01 0.11083E+02      9970    8  183   36
 0.20068E+01 0.39339E-02 0.21843E-01 0.11554E+02      9975    8  183   37
 0.19776E+01 0.39427E-02 0.25284E-01 0.11083E+02      9980    8  183   36
 0.21002E+01 0.39449E-02 0.21827E-01 0.11554E+02      9985    8  183   37
 0.17190E+01 0.39525E-02 0.25291E-01 0.11083E+02      9990    8  182   36
 0.20467E+01 0.39604E-02 0.21809E-01 0.11554E+02      9995    8  183   37
 0.18367E+01 0.39719E-02 0.25296E-01 0.11084E+02     10000    8  182   36
 0.17803E+01 0.39788E-02 0.21802E-01 0.11554E+02     10005    8  182   35
 0.19315E+01 0.39878E-02 0.25287E-01 0.11084E+02     10010    8  182   36
 0.16929E+01 0.39928E-02 0.21805E-01 0.11554E+02     10015    8  182   35
 0.19042E+01 0.40025E-02 0.25290E-01 0.11083E+02     10020    8  182   37
 0.17535E+01 0.40026E-02 0.21836E-01 0.11554E+02     10025    8  182   35
 0.17556E+01 0.40088E-02 0.25304E-01 0.11083E+02     10030    8  182   37
 0.14369E+01 0.40026E-02 0.21867E-01 0.11555E+02     10035    8  179   35
 0.15823E+01 0.40059E-02 0.25333E-01 0.11083E+02     10040    8  182   37
 0.15956E+01 0.40042E-02 0.21895E-01 0.11555E+02     10045    8  179   35
 0.17401E+01 0.40155E-02 0.25442E-01 0.11083E+02     10050    8  181   35
 0.17457E+01 0.40113E-02 0.21914E-01 0.11555E+02     10055    8  179   35
 0.16543E+01 0.40100E-02 0.25585E-01 0.11083E+02     10060    8  180   36
 0.19812E+01 0.40260E-02 0.21929E-01 0.11555E+02     10065    8  180   35
 0.18869E+01 0.40308E-02 0.25712E-01 0.11082E+02     10070    8  180   36
 0.20602E+01 0.40337E-02 0.21943E-01 0.11556E+02     10075    9  184   36
 0.17673E+01 0.40446E-02 0.25805E-01 0.11082E+02     10080    9  184   35
 0.15176E+01 0.40442E-02 0.21955E-01 0.11556E+02     10085    8  180   37
 0.14124E+01 0.40583E-02 0.25858E-01 0.11082E+02     10090    9  184   35
 0.18162E+01 0.40614E-02 0.21948E-01 0.11556E+02     10095    8  179   37
 0.16773E+01 0.40714E-02 0.25856E-01 0.11083E+02     10100    9  183   36
 0.19568E+01 0.40795E-02 0.21929E-01 0.11556E+02     10105    8  180   37
 0.18768E+01 0.40833E-02 0.25798E-01 0.11083E+02     10110    9  183   37
 0.21142E+01 0.40852E-02 0.21906E-01 0.11555E+02     10115    8  180   37
 0.16155E+01 0.40871E-02 0.25711E-01 0.11083E+02     10120    9  183   37
 0.14602E+01 0.40783E-02 0.21885E-01 0.11555E+02     10125    9  178   35
 0.14646E+01 0.40923E-02 0.25570E-01 0.11084E+02     10130    9  182   35
 0.12590E+01 0.40830E-02 0.21849E-01 0.11555E+02     10135    9  179   35
 0.14227E+01 0.40934E-02 0.25423E-01 0.11084E+02     10140    9  182   35
 0.13660E+01 0.40848E-02 0.21821E-01 0.11555E+02     10145    9  181   35
 0.12987E+01 0.40855E-02 0.25325E-01 0.11085E+02     10150    9  180   35
 0.15305E+01 0.40697E-02 0.21814E-01 0.11555E+02     10155    9  181   35
 0.15075E+01 0.40733E-02 0.25325E-01 0.11085E+02     10160    9  180   35
 0.17092E+01 0.40650E-02 0.21819E-01 0.11555E+02     10165    9  181   35
 0.16897E+01 0.40662E-02 0.25344E-01 0.11085E+02     10170    9  180   35
 0.14282E+01 0.40513E-02 0.21828E-01 0.11555E+02     10175    9  180   36
 0.18207E+01 0.40585E-02 0.25362E-01 0.11085E+02     10180    9  180   35
 0.11567E+01 0.40504E-02 0.21835E-01 0.11556E+02     10185    9  180   37
 0.14529E+01 0.40568E-02 0.25359E-01 0.11085E+02     10190    9  181   37
 0.11518E+01 0.40494E-02 0.21840E-01 0.11556E+02     10195    6  375   37
 0.12092E+01 0.40503E-02 0.25340E-01 0.11085E+02     10200   10  177   35
 0.91992E+00 0.40476E-02 0.21828E-01 0.11556E+02     10205    5  183   36
 0.10096E+01 0.40552E-02 0.25290E-01 0.11085E+02     10210    7  377   36
 0.11543E+01 0.40533E-02 0.21817E-01 0.11556E+02     10215    7  377   36
 0.11205E+01 0.40568E-02 0.25249E-01 0.11085E+02     10220    5  183   37
 0.12154E+01 0.40570E-02 0.21824E-01 0.11556E+02     10225    7  377   37
 0.13584E+01 0.40629E-02 0.25203E-01 0.11086E+02     10230    7  377   37
 0.14336E+01 0.40537E-02 0.21828E-01 0.11556E+02     10235    7  377   37
 0.14054E+01 0.40614E-02 0.25153E-01 0.11085E+02     10240    7  377   37
 0.12312E+01 0.40598E-02 0.21841E-01 0.11556E+02     10245    5  182   37
 0.10172E+01 0.40625E-02 0.25107E-01 0.11085E+02     10250    7  376   36
 0.12093E+01 0.40610E-02 0.21858E-01 0.11557E+02     10255    5  182   37
 0.12544E+01 0.40626E-02 0.25057E-01 0.11085E+02     10260   10  183   35
 0.13316E+01 0.40611E-02 0.21865E-01 0.11557E+02     10265    7  376   37
 0.14149E+01 0.40610E-02 0.24980E-01 0.11085E+02     10270    7  376   37
 0.12953E+01 0.40552E-02 0.21864E-01 0.11557E+02     10275   10  182   35
 0.13508E+01 0.40523E-02 0.24884E-01 0.11085E+02     10280   10  179   35
 0.13538E+01 0.40470E-02 0.21861E-01 0.11557E+02     10285   10  182   35
 0.16265E+01 0.40545E-02 0.24765E-01 0.11085E+02     10290    5  182   35
 0.14171E+01 0.40483E-02 0.21851E-01 0.11556E+02     10295   10  181   35
 0.14646E+01 0.40534E-02 0.24609E-01 0.11086E+02     10300   10  180   35
 0.13920E+01 0.40552E-02 0.21837E-01 0.11556E+02     10305   10  181   35
 0.14103E+01 0.40617E-02 0.24473E-01 0.11086E+02     10310   10  180   35
 0.13019E+01 0.40685E-02 0.21853E-01 0.11556E+02     10315   10  181   35
 0.12406E+01 0.40754E-02 0.24354E-01 0.11085E+02     10320    7  373   37
 0.13693E+01 0.40853E-02 0.21876E-01 0.11557E+02     10325    6  183   35
 0.11438E+01 0.40887E-02 0.24325E-01 0.11085E+02     10330    6  183   37
 0.10665E+01 0.40998E-02 0.21886E-01 0.11557E+02     10335    6  183   35
 0.10851E+01 0.41040E-02 0.24346E-01 0.11085E+02     10340    8  377   37
 0.10911E+01 0.41208E-02 0.21900E-01 0.11557E+02     10345   11  177   35
 0.11363E+01 0.41270E-02 0.24362E-01 0.11085E+02     10350    8  187   37
-0.91689E+00 0.41440E-02 0.21902E-01 0.11557E+02     10355    6  372   37
 0.12416E+01 0.41514E-02 0.24382E-01 0.11085E+02     10360    8  187   37
 0.10297E+01 0.41547E-02 0.21895E-01 0.11557E+02     10365    6  182   35
 0.13513E+01 0.41584E-02 0.24391E-01 0.11085E+02     10370    5  181   35
 0.12358E+01 0.41591E-02 0.21883E-01 0.11557E+02     10375    6  182   35
 0.12388E+01 0.41665E-02 0.24392E-01 0.11085E+02     10380    8  187   37
 0.14440E+01 0.41685E-02 0.21871E-01 0.11557E+02     10385    6  182   35
 0.12880E+01 0.41741E-02 0.24369E-01 0.11085E+02     10390    6  182   36
 0.15975E+01 0.41789E-02 0.21860E-01 0.11556E+02     10395    6  182   35
 0.10948E+01 0.41843E-02 0.24317E-01 0.11085E+02     10400    8  186   37
 0.12911E+01 0.41926E-02 0.21843E-01 0.11556E+02     10405    5  180   35
 0.11712E+01 0.41973E-02 0.24314E-01 0.11085E+02     10410    8  186   37
 0.13873E+01 0.42072E-02 0.21838E-01 0.11556E+02     10415    5  180   35
 0.12575E+01 0.42159E-02 0.24303E-01 0.11086E+02     10420    5  176   36
 0.14491E+01 0.42307E-02 0.21841E-01 0.11556E+02     10425    5  180   35
 0.13665E+01 0.42462E-02 0.24292E-01 0.11085E+02     10430    5  176   36
 0.13544E+01 0.42594E-02 0.21844E-01 0.11556E+02     10435    5  180   35
 0.12716E+01 0.42680E-02 0.24272E-01 0.11085E+02     10440    5  176   36
 0.12817E+01 0.42882E-02 0.21845E-01 0.11556E+02     10445    5  180   35
 0.14733E+01 0.42978E-02 0.24265E-01 0.11085E+02     10450    5  176   37
 0.12243E+01 0.43039E-02 0.21853E-01 0.11557E+02     10455    7  184   37
 0.13132E+01 0.43055E-02 0.24246E-01 0.11085E+02     10460    5  177   36
 0.13415E+01 0.43130E-02 0.21847E-01 0.11556E+02     10465    7  184   37
 0.12579E+01 0.43101E-02 0.24227E-01 0.11085E+02     10470    5  178   36
 0.14365E+01 0.43081E-02 0.21929E-01 0.11556E+02     10475    5  177   37
 0.15502E+01 0.43124E-02 0.24197E-01 0.11086E+02     10480    5  177   36
 0.13927E+01 0.43141E-02 0.21972E-01 0.11556E+02     10485    5  177   37
 0.15175E+01 0.43110E-02 0.24162E-01 0.11086E+02     10490    5  178   36
 0.13338E+01 0.43160E-02 0.21969E-01 0.11556E+02     10495    5  178   35
 0.16201E+01 0.43187E-02 0.24132E-01 0.11086E+02     10500    5  178   36
 0.12250E+01 0.43198E-02 0.22021E-01 0.11556E+02     10505    5  178   35
 0.13494E+01 0.43183E-02 0.24116E-01 0.11086E+02     10510    5  178   37
 0.11781E+01 0.43219E-02 0.22078E-01 0.11556E+02     10515    6  181   35
 0.12513E+01 0.43296E-02 0.24097E-01 0.11086E+02     10520    5  178   37
 0.10373E+01 0.43373E-02 0.22300E-01 0.11556E+02     10525    7  183   37
 0.11016E+01 0.43415E-02 0.24093E-01 0.11086E+02     10530    6  180   36
 0.13197E+01 0.43515E-02 0.22521E-01 0.11556E+02     10535    6  180   35
 0.11536E+01 0.43586E-02 0.24061E-01 0.11086E+02     10540    6  180   36
 0.14117E+01 0.43665E-02 0.22682E-01 0.11555E+02     10545    6  180   35
 0.13425E+01 0.43727E-02 0.24012E-01 0.11086E+02     10550    6  180   36
 0.14870E+01 0.43796E-02 0.22798E-01 0.11555E+02     10555    6  180   35
 0.12556E+01 0.43809E-02 0.23958E-01 0.11086E+02     10560    6  180   36
 0.17047E+01 0.43876E-02 0.22869E-01 0.11555E+02     10565    6  180   35
 0.14999E+01 0.43895E-02 0.23907E-01 0.11086E+02     10570    6  180   36
 0.17821E+01 0.43942E-02 0.22920E-01 0.11554E+02     10575    6  180   35
 0.13106E+01 0.43814E-02 0.23859E-01 0.11086E+02     10580    7  182   37
 0.11596E+01 0.43734E-02 0.22962E-01 0.11554E+02     10585    7  182   35
 0.12061E+01 0.43632E-02 0.23822E-01 0.11086E+02     10590    6  179   35
 0.12143E+01 0.43649E-02 0.23005E-01 0.11554E+02     10595    6  179   36
 0.13443E+01 0.43580E-02 0.23783E-01 0.11086E+02     10600    6  179   35
 0.13447E+01 0.43597E-02 0.23010E-01 0.11554E+02     10605    6  179   36
 0.15585E+01 0.43567E-02 0.23740E-01 0.11086E+02     10610    6  179   35
 0.15048E+01 0.43623E-02 0.22995E-01 0.11553E+02     10615    6  179   36
 0.13501E+01 0.43639E-02 0.23728E-01 0.11086E+02     10620    6  179   35
 0.15659E+01 0.43722E-02 0.22978E-01 0.11553E+02     10625    6  179   36
 0.14863E+01 0.43687E-02 0.23714E-01 0.11086E+02     10630    6  177   36
 0.16205E+01 0.43777E-02 0.22958E-01 0.11553E+02     10635    6  178   35
 0.13543E+01 0.43750E-02 0.23710E-01 0.11086E+02     10640    6  178   36
 0.14580E+01 0.43874E-02 0.22934E-01 0.11553E+02     10645    6  178   37
 0.12860E+01 0.43742E-02 0.23727E-01 0.11085E+02     10650    6  177   37
 0.15269E+01 0.43900E-02 0.22917E-01 0.11553E+02     10655    6  178   37
 0.10516E+01 0.43789E-02 0.23747E-01 0.11085E+02     10660    6  373   37
 0.14333E+01 0.43899E-02 0.22907E-01 0.11553E+02     10665    6  178   37
 0.12457E+01 0.43602E-02 0.23767E-01 0.11085E+02     10670    6  374   37
 0.15556E+01 0.43671E-02 0.22923E-01 0.11553E+02     10675    8  183   37
 0.11232E+01 0.43432E-02 0.23778E-01 0.11084E+02     10680    7  181   36
 0.16052E+01 0.43534E-02 0.22936E-01 0.11553E+02     10685    8  183   37
 0.11887E+01 0.43268E-02 0.23790E-01 0.11084E+02     10690    7  181   36
 0.16857E+01 0.43325E-02 0.22941E-01 0.11552E+02     10695    8  183   37
 0.13028E+01 0.43096E-02 0.23772E-01 0.11084E+02     10700    7  181   36
 0.16789E+01 0.43226E-02 0.22922E-01 0.11552E+02     10705    8  183   37
 0.12332E+01 0.43041E-02 0.23748E-01 0.11084E+02     10710    7  176   37
 0.14551E+01 0.43174E-02 0.22902E-01 0.11552E+02     10715    7  176   35
 0.11852E+01 0.43077E-02 0.23740E-01 0.11084E+02     10720    8  182   35
 0.11898E+01 0.43190E-02 0.22893E-01 0.11552E+02     10725    8  182   36
 0.13010E+01 0.43043E-02 0.23717E-01 0.11084E+02     10730    8  182   35
 0.12752E+01 0.43178E-02 0.22864E-01 0.11551E+02     10735    8  182   36
 0.13558E+01 0.43100E-02 0.23732E-01 0.11084E+02     10740    8  182   35
 0.13717E+01 0.43267E-02 0.22854E-01 0.11551E+02     10745    7  177   35
 0.13630E+01 0.43185E-02 0.23775E-01 0.11084E+02     10750    8  182   35
 0.13715E+01 0.43356E-02 0.22829E-01 0.11551E+02     10755    7  177   35
 0.12527E+01 0.43258E-02 0.23808E-01 0.11084E+02     10760    8  182   35
 0.14352E+01 0.43456E-02 0.22784E-01 0.11551E+02     10765    8  182   36
 0.14228E+01 0.43368E-02 0.23819E-01 0.11084E+02     10770    8  182   35
 0.14831E+01 0.43517E-02 0.22729E-01 0.11551E+02     10775    8  182   37
 0.13244E+01 0.43403E-02 0.23861E-01 0.11084E+02     10780    7  373   37
 0.14465E+01 0.43535E-02 0.22679E-01 0.11551E+02     10785    8  182   37
 0.13121E+01 0.43374E-02 0.23875E-01 0.11084E+02     10790    7  179   36
 0.14122E+01 0.43585E-02 0.22605E-01 0.11551E+02     10795    7  178   35
 0.11130E+01 0.43456E-02 0.23857E-01 0.11084E+02     10800    7  179   36
 0.14199E+01 0.43693E-02 0.22519E-01 0.11551E+02     10805    7  179   35
 0.12579E+01 0.43575E-02 0.23833E-01 0.11085E+02     10810    7  179   36
 0.13623E+01 0.43789E-02 0.22438E-01 0.11551E+02     10815    8  176   36
 0.11397E+01 0.43718E-02 0.23841E-01 0.11085E+02     10820    7  179   36
 0.14881E+01 0.43961E-02 0.22351E-01 0.11551E+02     10825    8  176   36
 0.91177E+00 0.44040E-02 0.23831E-01 0.11085E+02     10830    9  184   37
 0.15478E+01 0.44230E-02 0.22272E-01 0.11551E+02     10835    8  176   35
 0.10582E+01 0.44351E-02 0.23849E-01 0.11085E+02     10840    9  184   37
 0.15609E+01 0.44521E-02 0.22186E-01 0.11551E+02     10845    8  181   37
 0.11994E+01 0.44548E-02 0.23880E-01 0.11085E+02     10850    9  184   37
 0.14745E+01 0.44707E-02 0.22107E-01 0.11551E+02     10855    8  181   36
 0.13012E+01 0.44729E-02 0.23910E-01 0.11085E+02     10860    9  184   37
 0.15724E+01 0.44809E-02 0.22025E-01 0.11552E+02     10865    8  181   37
 0.13666E+01 0.44786E-02 0.23948E-01 0.11084E+02     10870    9  184   37
 0.15370E+01 0.44759E-02 0.21941E-01 0.11552E+02     10875    8  177   35
 0.14168E+01 0.44720E-02 0.23980E-01 0.11084E+02     10880    9  183   37
 0.16551E+01 0.44679E-02 0.22000E-01 0.11553E+02     10885    8  177   35
 0.15484E+01 0.44677E-02 0.24118E-01 0.11084E+02     10890    9  183   37
 0.17607E+01 0.44596E-02 0.22093E-01 0.11553E+02     10895    8  177   35
 0.16516E+01 0.44509E-02 0.24300E-01 0.11084E+02     10900    9  183   37
 0.15276E+01 0.44330E-02 0.22155E-01 0.11553E+02     10905    8  181   37
 0.14824E+01 0.44351E-02 0.24474E-01 0.11083E+02     10910    8  178   35
 0.13493E+01 0.44222E-02 0.22178E-01 0.11554E+02     10915    8  179   35
 0.15783E+01 0.44318E-02 0.24624E-01 0.11083E+02     10920    8  178   35
 0.14658E+01 0.44200E-02 0.22164E-01 0.11554E+02     10925    8  179   35
 0.16903E+01 0.44317E-02 0.24750E-01 0.11083E+02     10930    8  178   35
 0.15999E+01 0.44191E-02 0.22133E-01 0.11554E+02     10935    8  179   35
 0.15440E+01 0.44246E-02 0.24868E-01 0.11083E+02     10940    8  180   37
 0.17680E+01 0.44189E-02 0.22077E-01 0.11554E+02     10945    8  179   35
 0.16844E+01 0.44250E-02 0.24986E-01 0.11083E+02     10950    8  180   37
 0.16878E+01 0.44157E-02 0.21987E-01 0.11554E+02     10955    8  179   35
 0.18715E+01 0.44194E-02 0.25082E-01 0.11083E+02     10960    8  180   37
 0.13598E+01 0.44042E-02 0.21883E-01 0.11554E+02     10965    8  177   37
 0.18266E+01 0.44219E-02 0.25110E-01 0.11083E+02     10970    8  180   37
 0.11823E+01 0.44029E-02 0.21858E-01 0.11554E+02     10975   10  184   37
 0.14563E+01 0.44189E-02 0.25121E-01 0.11083E+02     10980    9  177   35
 0.11630E+01 0.44031E-02 0.21849E-01 0.11554E+02     10985   10  184   36
 0.16288E+01 0.44128E-02 0.25136E-01 0.11083E+02     10990    9  177   35
 0.10935E+01 0.43914E-02 0.21859E-01 0.11554E+02     10995   10  184   36
 0.17538E+01 0.44092E-02 0.25105E-01 0.11083E+02     11000    9  177   35
 0.10776E+01 0.43919E-02 0.21839E-01 0.11554E+02     11005   10  184   37
 0.12841E+01 0.44079E-02 0.25117E-01 0.11084E+02     11010    9  181   35
 0.12089E+01 0.43973E-02 0.21815E-01 0.11554E+02     11015    9  180   35
 0.13051E+01 0.44076E-02 0.25186E-01 0.11084E+02     11020    9  178   35
 0.13336E+01 0.43932E-02 0.21799E-01 0.11554E+02     11025    9  180   35
 0.14863E+01 0.43983E-02 0.25245E-01 0.11084E+02     11030    9  178   35
 0.14611E+01 0.43784E-02 0.21788E-01 0.11554E+02     11035    9  180   35
 0.15117E+01 0.43832E-02 0.25267E-01 0.11084E+02     11040    9  178   35
 0.16762E+01 0.43796E-02 0.21778E-01 0.11554E+02     11045    9  180   35
 0.15915E+01 0.43865E-02 0.25255E-01 0.11085E+02     11050    9  179   35
 0.13297E+01 0.43840E-02 0.21766E-01 0.11554E+02     11055    9  179   36
 0.16996E+01 0.43925E-02 0.25202E-01 0.11085E+02     11060    9  179   35
 0.11347E+01 0.43778E-02 0.21758E-01 0.11554E+02     11065    9  179   36
 0.10446E+01 0.43816E-02 0.25131E-01 0.11085E+02     11070   10  177   35
-0.10889E+01 0.43737E-02 0.21752E-01 0.11554E+02     11075    7  184   36
 0.12153E+01 0.43821E-02 0.25039E-01 0.11085E+02     11080    7  184   36
 0.11852E+01 0.43780E-02 0.21744E-01 0.11554E+02     11085    7  184   35
 0.11965E+01 0.43888E-02 0.24911E-01 0.11086E+02     11090   10  177   35
 0.12907E+01 0.43824E-02 0.21733E-01 0.11554E+02     11095    7  184   35
 0.12118E+01 0.43945E-02 0.24785E-01 0.11086E+02     11100    6  371   37
 0.13219E+01 0.43865E-02 0.21733E-01 0.11554E+02     11105    7  184   35
 0.12281E+01 0.43902E-02 0.24644E-01 0.11086E+02     11110   10  177   35
 0.10803E+01 0.43733E-02 0.21711E-01 0.11554E+02     11115    6  372   37
 0.12362E+01 0.43812E-02 0.24587E-01 0.11086E+02     11120   10  177   35
 0.10444E+01 0.43634E-02 0.21698E-01 0.11554E+02     11125    6  373   37
 0.10143E+01 0.43718E-02 0.24536E-01 0.11087E+02     11130   10  177   35
 0.11115E+01 0.43623E-02 0.21686E-01 0.11554E+02     11135   10  178   35
 0.89281E+00 0.43766E-02 0.24498E-01 0.11087E+02     11140   10  179   35
 0.11487E+01 0.43706E-02 0.21678E-01 0.11554E+02     11145   10  178   35
 0.10739E+01 0.43802E-02 0.24477E-01 0.11087E+02     11150   10  181   35
 0.96807E+00 0.43761E-02 0.21661E-01 0.11554E+02     11155   10  181   37
 0.10927E+01 0.43876E-02 0.24459E-01 0.11087E+02     11160   10  180   35
 0.11402E+01 0.43783E-02 0.21642E-01 0.11554E+02     11165   10  178   35
 0.12114E+01 0.43910E-02 0.24425E-01 0.11088E+02     11170    8  185   37
 0.11974E+01 0.43887E-02 0.21611E-01 0.11553E+02     11175    7  375   37
 0.13071E+01 0.44041E-02 0.24393E-01 0.11088E+02     11180    7  375   37
 0.13964E+01 0.44019E-02 0.21588E-01 0.11553E+02     11185    7  375   37
 0.11645E+01 0.44089E-02 0.24362E-01 0.11088E+02     11190   10  179   35
 0.13615E+01 0.44004E-02 0.21574E-01 0.11553E+02     11195    8  185   36
 0.10020E+01 0.43919E-02 0.24341E-01 0.11088E+02     11200   10  179   35
 0.13752E+01 0.43756E-02 0.21578E-01 0.11553E+02     11205    8  185   36
 0.11246E+01 0.43624E-02 0.24312E-01 0.11088E+02     11210    7  374   37
 0.12333E+01 0.43420E-02 0.21577E-01 0.11553E+02     11215    5  180   35
 0.12622E+01 0.43360E-02 0.24288E-01 0.11088E+02     11220    7  374   37
 0.13108E+01 0.43212E-02 0.21591E-01 0.11553E+02     11225    5  180   35
 0.12919E+01 0.43177E-02 0.24245E-01 0.11088E+02     11230    5  180   36
 0.14642E+01 0.43091E-02 0.21588E-01 0.11553E+02     11235    5  180   35
 0.15257E+01 0.43187E-02 0.24195E-01 0.11088E+02     11240    5  180   36
 0.11743E+01 0.43071E-02 0.21602E-01 0.11553E+02     11245    7  373   37
 0.14222E+01 0.43266E-02 0.24160E-01 0.11088E+02     11250    5  180   37
 0.96191E+00 0.43268E-02 0.21618E-01 0.11554E+02     11255   10  181   37
 0.15337E+01 0.43462E-02 0.24112E-01 0.11088E+02     11260    5  180   37
 0.87054E+00 0.43454E-02 0.21629E-01 0.11554E+02     11265   11  180   35
 0.14941E+01 0.43741E-02 0.24088E-01 0.11088E+02     11270    5  180   37
 0.93351E+00 0.43656E-02 0.21648E-01 0.11554E+02     11275   11  180   35
 0.12469E+01 0.43870E-02 0.24106E-01 0.11088E+02     11280    5  180   37
 0.99845E+00 0.43853E-02 0.21670E-01 0.11554E+02     11285   11  180   35
 0.10945E+01 0.44011E-02 0.24135E-01 0.11087E+02     11290    8  184   36
 0.10563E+01 0.43994E-02 0.21691E-01 0.11555E+02     11295   11  180   35
 0.10664E+01 0.44197E-02 0.24155E-01 0.11087E+02     11300   11  179   35
 0.10998E+01 0.44124E-02 0.21699E-01 0.11555E+02     11305   11  180   35
 0.11098E+01 0.44278E-02 0.24163E-01 0.11087E+02     11310    5  176   36
 0.11269E+01 0.44273E-02 0.21707E-01 0.11555E+02     11315   11  180   35
 0.12014E+01 0.44360E-02 0.24170E-01 0.11087E+02     11320    5  176   36
 0.11403E+01 0.44270E-02 0.21717E-01 0.11555E+02     11325   11  180   35
 0.12456E+01 0.44347E-02 0.24172E-01 0.11087E+02     11330    5  176   36
 0.97956E+00 0.44276E-02 0.21722E-01 0.11555E+02     11335    4  370   37
 0.13418E+01 0.44367E-02 0.24173E-01 0.11087E+02     11340    5  176   36
 0.12718E+01 0.44351E-02 0.21718E-01 0.11555E+02     11345    4  370   37
 0.14850E+01 0.44540E-02 0.24143E-01 0.11087E+02     11350    5  176   36
 0.12697E+01 0.44588E-02 0.21699E-01 0.11555E+02     11355    5  177   37
 0.14398E+01 0.44730E-02 0.24096E-01 0.11088E+02     11360    5  176   37
 0.13503E+01 0.44744E-02 0.21664E-01 0.11555E+02     11365    5  177   37
 0.15078E+01 0.44844E-02 0.24046E-01 0.11088E+02     11370    5  177   36
 0.11801E+01 0.44756E-02 0.21636E-01 0.11554E+02     11375    6  180   36
 0.13743E+01 0.44769E-02 0.24003E-01 0.11088E+02     11380    5  177   36
 0.13474E+01 0.44687E-02 0.21618E-01 0.11554E+02     11385    5  177   37
 0.12052E+01 0.44669E-02 0.23975E-01 0.11088E+02     11390    5  178   37
 0.10699E+01 0.44585E-02 0.21620E-01 0.11554E+02     11395    5  177   37
 0.10446E+01 0.44555E-02 0.23950E-01 0.11088E+02     11400    8  182   37
 0.88309E+00 0.44519E-02 0.21612E-01 0.11554E+02     11405    4  372   37
 0.10698E+01 0.44458E-02 0.23907E-01 0.11089E+02     11410    8  182   37
 0.80059E+00 0.44403E-02 0.21589E-01 0.11554E+02     11415    5  375   37
 0.10792E+01 0.44330E-02 0.23864E-01 0.11089E+02     11420    8  182   37
 0.92963E+00 0.44351E-02 0.21560E-01 0.11553E+02     11425    5  370   37
 0.10330E+01 0.44351E-02 0.23819E-01 0.11089E+02     11430    8  182   37
 0.10966E+01 0.44382E-02 0.21527E-01 0.11553E+02     11435    6  179   35
 0.86489E+00 0.44336E-02 0.23773E-01 0.11089E+02     11440    6  186   36
 0.11366E+01 0.44455E-02 0.21519E-01 0.11553E+02     11445    6  179   36
 0.11311E+01 0.44452E-02 0.23724E-01 0.11090E+02     11450    7  378   37
 0.12268E+01 0.44585E-02 0.21588E-01 0.11552E+02     11455    7  378   37
 0.11871E+01 0.44550E-02 0.23686E-01 0.11090E+02     11460    7  378   37
 0.11083E+01 0.44673E-02 0.21643E-01 0.11552E+02     11465    6  179   36
 0.10322E+01 0.44687E-02 0.23669E-01 0.11090E+02     11470    6  186   37
 0.10499E+01 0.44737E-02 0.21835E-01 0.11552E+02     11475    5  372   37
 0.10221E+01 0.44725E-02 0.23648E-01 0.11090E+02     11480    9  183   36
 0.11034E+01 0.44705E-02 0.22004E-01 0.11552E+02     11485    9  183   37
 0.12517E+01 0.44653E-02 0.23614E-01 0.11090E+02     11490    9  183   36
 0.14256E+01 0.44634E-02 0.22103E-01 0.11552E+02     11495    9  183   37
 0.14506E+01 0.44540E-02 0.23585E-01 0.11090E+02     11500    9  183   36
 0.16107E+01 0.44504E-02 0.22167E-01 0.11551E+02     11505    9  183   37
 0.16133E+01 0.44428E-02 0.23555E-01 0.11090E+02     11510    9  183   36
 0.12587E+01 0.44402E-02 0.22238E-01 0.11551E+02     11515    9  183   37
 0.16820E+01 0.44351E-02 0.23537E-01 0.11090E+02     11520    9  183   36
 0.14598E+01 0.44304E-02 0.22324E-01 0.11551E+02     11525    6  178   37
 0.12985E+01 0.44256E-02 0.23531E-01 0.11089E+02     11530    6  177   37
 0.12681E+01 0.44300E-02 0.22405E-01 0.11551E+02     11535    6  178   37
 0.12140E+01 0.44193E-02 0.23545E-01 0.11089E+02     11540    6  371   37
 0.14371E+01 0.44301E-02 0.22470E-01 0.11552E+02     11545    6  178   37
 0.10337E+01 0.44128E-02 0.23580E-01 0.11088E+02     11550    6  371   36
 0.11512E+01 0.44213E-02 0.22626E-01 0.11552E+02     11555    7  180   35
 0.11252E+01 0.44095E-02 0.23607E-01 0.11088E+02     11560    6  372   37
 0.12750E+01 0.44229E-02 0.22736E-01 0.11552E+02     11565    7  180   35
 0.81470E+00 0.44107E-02 0.23593E-01 0.11088E+02     11570    7  176   36
 0.10390E+01 0.44200E-02 0.22810E-01 0.11551E+02     11575    7  180   35
 0.97989E+00 0.44085E-02 0.23571E-01 0.11088E+02     11580    7  176   36
 0.10819E+01 0.44133E-02 0.22855E-01 0.11551E+02     11585    7  376   37
 0.11405E+01 0.44040E-02 0.23559E-01 0.11088E+02     11590    7  376   37
 0.90639E+00 0.43994E-02 0.22872E-01 0.11551E+02     11595    7  176   37
 0.11631E+01 0.43945E-02 0.23550E-01 0.11088E+02     11600    7  176   36
 0.11217E+01 0.43933E-02 0.22847E-01 0.11550E+02     11605    7  375   36
 0.13493E+01 0.43894E-02 0.23530E-01 0.11089E+02     11610    7  176   35
 0.11988E+01 0.43924E-02 0.22779E-01 0.11550E+02     11615    7  375   37
 0.14537E+01 0.43874E-02 0.23506E-01 0.11089E+02     11620    7  176   35
 0.13820E+01 0.43864E-02 0.22690E-01 0.11550E+02     11625    7  375   37
 0.14364E+01 0.43800E-02 0.23511E-01 0.11089E+02     11630    7  375   37
 0.11230E+01 0.43777E-02 0.22609E-01 0.11550E+02     11635    7  176   37
 0.11584E+01 0.43767E-02 0.23536E-01 0.11089E+02     11640    7  177   36
 0.12405E+01 0.43755E-02 0.22527E-01 0.11550E+02     11645    7  177   35
 0.11422E+01 0.43733E-02 0.23567E-01 0.11088E+02     11650    7  374   37
 0.14115E+01 0.43718E-02 0.22446E-01 0.11550E+02     11655    7  177   35
 0.13308E+01 0.43787E-02 0.23613E-01 0.11088E+02     11660    7  178   35
 0.13286E+01 0.43768E-02 0.22372E-01 0.11551E+02     11665    7  177   35
 0.13482E+01 0.43853E-02 0.23670E-01 0.11088E+02     11670    7  177   36
 0.13001E+01 0.43885E-02 0.22300E-01 0.11551E+02     11675    7  178   36
 0.11602E+01 0.43901E-02 0.23729E-01 0.11087E+02     11680    7  177   37
 0.11653E+01 0.43920E-02 0.22234E-01 0.11552E+02     11685    7  373   37
 0.12456E+01 0.43961E-02 0.23793E-01 0.11087E+02     11690    7  373   37
 0.11986E+01 0.43993E-02 0.22180E-01 0.11552E+02     11695    8  180   37
 0.12477E+01 0.44085E-02 0.23839E-01 0.11086E+02     11700    8  180   36
 0.11592E+01 0.44149E-02 0.22101E-01 0.11552E+02     11705    8  180   37
 0.12999E+01 0.44279E-02 0.23857E-01 0.11086E+02     11710    8  176   35
 0.11068E+01 0.44225E-02 0.22019E-01 0.11552E+02     11715    8  180   37
 0.14733E+01 0.44383E-02 0.23872E-01 0.11086E+02     11720    8  176   35
 0.12427E+01 0.44340E-02 0.21939E-01 0.11552E+02     11725    8  180   37
 0.16214E+01 0.44444E-02 0.23971E-01 0.11086E+02     11730    8  176   35
 0.13242E+01 0.44364E-02 0.21871E-01 0.11553E+02     11735    8  180   37
 0.17585E+01 0.44559E-02 0.24056E-01 0.11086E+02     11740    8  176   35
 0.13909E+01 0.44580E-02 0.21817E-01 0.11553E+02     11745    8  180   37
 0.16259E+01 0.44748E-02 0.24061E-01 0.11086E+02     11750    8  176   37
 0.14220E+01 0.44746E-02 0.21773E-01 0.11553E+02     11755    8  180   37
 0.17125E+01 0.44969E-02 0.23962E-01 0.11087E+02     11760    8  176   37
 0.16254E+01 0.45027E-02 0.21731E-01 0.11553E+02     11765    8  180   37
 0.13262E+01 0.45204E-02 0.23893E-01 0.11087E+02     11770    8  178   35
 0.16223E+01 0.45255E-02 0.21713E-01 0.11553E+02     11775    8  177   35
 0.14481E+01 0.45485E-02 0.23885E-01 0.11087E+02     11780    8  178   35
 0.17515E+01 0.45507E-02 0.21732E-01 0.11553E+02     11785    8  177   35
 0.15949E+01 0.45767E-02 0.23894E-01 0.11087E+02     11790    8  178   35
 0.15886E+01 0.45679E-02 0.21787E-01 0.11553E+02     11795    8  179   36
 0.16758E+01 0.46003E-02 0.23911E-01 0.11087E+02     11800    8  178   35
 0.87336E+00 0.45821E-02 0.21863E-01 0.11553E+02     11805    4  373   37
 0.14947E+01 0.46093E-02 0.23934E-01 0.11087E+02     11810    8  179   37
 0.10269E+01 0.45971E-02 0.21925E-01 0.11553E+02     11815    4  373   37
 0.15490E+01 0.46213E-02 0.23949E-01 0.11087E+02     11820    9  176   35
 0.11405E+01 0.45994E-02 0.21981E-01 0.11554E+02     11825    4  373   37
 0.16807E+01 0.46152E-02 0.24045E-01 0.11087E+02     11830    9  176   35
 0.12478E+01 0.45961E-02 0.22013E-01 0.11554E+02     11835    5  183   35
 0.13210E+01 0.46074E-02 0.24134E-01 0.11087E+02     11840    8  178   37
 0.13618E+01 0.45926E-02 0.22003E-01 0.11554E+02     11845    5  183   35
 0.12520E+01 0.46057E-02 0.24194E-01 0.11087E+02     11850    9  180   37
 0.84633E+00 0.45990E-02 0.21954E-01 0.11554E+02     11855    4  180   35
 0.14746E+01 0.46193E-02 0.24243E-01 0.11087E+02     11860    9  177   35
 0.93503E+00 0.46161E-02 0.21893E-01 0.11553E+02     11865    5  182   36
 0.16215E+01 0.46353E-02 0.24294E-01 0.11087E+02     11870    9  177   35
 0.99998E+00 0.46307E-02 0.21890E-01 0.11553E+02     11875    5  182   36
 0.17658E+01 0.46435E-02 0.24363E-01 0.11087E+02     11880    9  177   35
 0.11822E+01 0.46478E-02 0.21867E-01 0.11553E+02     11885    5  182   36
 0.15867E+01 0.46612E-02 0.24424E-01 0.11087E+02     11890    5  182   35
 0.14277E+01 0.46771E-02 0.21808E-01 0.11553E+02     11895    5  182   36
 0.14998E+01 0.46869E-02 0.24470E-01 0.11087E+02     11900    9  178   35
 0.15743E+01 0.46943E-02 0.21767E-01 0.11553E+02     11905    9  179   35
 0.15962E+01 0.46964E-02 0.24484E-01 0.11087E+02     11910    9  178   35
 0.17138E+01 0.46973E-02 0.21923E-01 0.11553E+02     11915    9  179   35
 0.14931E+01 0.46942E-02 0.24468E-01 0.11087E+02     11920    6  183   36
 0.16341E+01 0.46907E-02 0.22069E-01 0.11553E+02     11925    6  183   35
 0.96286E+00 0.46769E-02 0.24428E-01 0.11087E+02     11930    5  373   36
 0.11691E+01 0.46766E-02 0.22166E-01 0.11553E+02     11935   10  176   35
 0.88696E+00 0.46703E-02 0.24522E-01 0.11086E+02     11940    6  185   37
 0.12397E+01 0.46692E-02 0.22193E-01 0.11554E+02     11945   10  176   35
 0.97164E+00 0.46658E-02 0.24626E-01 0.11086E+02     11950    5  181   35
 0.11707E+01 0.46602E-02 0.22143E-01 0.11554E+02     11955   10  177   35
 0.11946E+01 0.46646E-02 0.24688E-01 0.11086E+02     11960    5  181   35
 0.12238E+01 0.46608E-02 0.22029E-01 0.11554E+02     11965   10  177   35
 0.13113E+01 0.46715E-02 0.24708E-01 0.11086E+02     11970    6  182   35
-0.14177E+01 0.46702E-02 0.21871E-01 0.11554E+02     11975    8  185   37
 0.10333E+01 0.46817E-02 0.24700E-01 0.11086E+02     11980    6  182   37
 0.12733E+01 0.46878E-02 0.21703E-01 0.11554E+02     11985   10  177   35
 0.13608E+01 0.47032E-02 0.24687E-01 0.11086E+02     11990    6  182   35
 0.13208E+01 0.47144E-02 0.21712E-01 0.11554E+02     11995    6  374   37
 0.14322E+01 0.47285E-02 0.24687E-01 0.11086E+02     12000    6  374   37
 0.12109E+01 0.47288E-02 0.21729E-01 0.11554E+02     12005    6  371   37
 0.11879E+01 0.47400E-02 0.24682E-01 0.11086E+02     12010    6  371   37
 0.11305E+01 0.47338E-02 0.21746E-01 0.11555E+02     12015    6  371   37
 0.12045E+01 0.47400E-02 0.24647E-01 0.11086E+02     12020    5  180   35
 0.11545E+01 0.47264E-02 0.21762E-01 0.11555E+02     12025    7  183   35
 0.11987E+01 0.47306E-02 0.24541E-01 0.11086E+02     12030    5  180   35
 0.11130E+01 0.47240E-02 0.21760E-01 0.11555E+02     12035    7  183   35
 0.12310E+01 0.47321E-02 0.24336E-01 0.11086E+02     12040    5  180   35
 0.11731E+01 0.47269E-02 0.21741E-01 0.11555E+02     12045    5  180   37
 0.96567E+00 0.47319E-02 0.24065E-01 0.11087E+02     12050    7  375   37
 0.11588E+01 0.47311E-02 0.21716E-01 0.11555E+02     12055    5  180   37
 0.12541E+01 0.47381E-02 0.24045E-01 0.11087E+02     12060    7  375   37
 0.14463E+01 0.47363E-02 0.21694E-01 0.11555E+02     12065    5  180   37
 0.10499E+01 0.47466E-02 0.24023E-01 0.11088E+02     12070    5  179   36
 0.13681E+01 0.47448E-02 0.21674E-01 0.11554E+02     12075    5  180   37
 0.10205E+01 0.47500E-02 0.24009E-01 0.11088E+02     12080    5  179   36
 0.10602E+01 0.47532E-02 0.21661E-01 0.11554E+02     12085    5  179   35
 0.11145E+01 0.47714E-02 0.24176E-01 0.11088E+02     12090    7  374   37
 0.11925E+01 0.47723E-02 0.21677E-01 0.11554E+02     12095    7  374   37
 0.12684E+01 0.47952E-02 0.24361E-01 0.11088E+02     12100    7  374   37
 0.13233E+01 0.47978E-02 0.21839E-01 0.11554E+02     12105    7  374   37
 0.10622E+01 0.48100E-02 0.24503E-01 0.11088E+02     12110    5  179   36
 0.11033E+01 0.47994E-02 0.21998E-01 0.11554E+02     12115    7  373   37
 0.11215E+01 0.48056E-02 0.24598E-01 0.11088E+02     12120    7  373   37
 0.10788E+01 0.47943E-02 0.22133E-01 0.11554E+02     12125    7  373   37
 0.11113E+01 0.47945E-02 0.24635E-01 0.11088E+02     12130    6  180   35
 0.11717E+01 0.47798E-02 0.22229E-01 0.11554E+02     12135    7  373   37
 0.13759E+01 0.47796E-02 0.24591E-01 0.11088E+02     12140    6  180   35
 0.10592E+01 0.47639E-02 0.22289E-01 0.11555E+02     12145    7  182   37
 0.13195E+01 0.47560E-02 0.24448E-01 0.11088E+02     12150    6  180   35
 0.10818E+01 0.47417E-02 0.22304E-01 0.11555E+02     12155    8  183   37
 0.15955E+01 0.47384E-02 0.24195E-01 0.11088E+02     12160    6  180   35
 0.12086E+01 0.47206E-02 0.22285E-01 0.11554E+02     12165    8  183   37
 0.13798E+01 0.47117E-02 0.23870E-01 0.11088E+02     12170    6  180   36
 0.13139E+01 0.47106E-02 0.22252E-01 0.11554E+02     12175    8  183   37
 0.12297E+01 0.47006E-02 0.23820E-01 0.11088E+02     12180    5  176   36
 0.14740E+01 0.47046E-02 0.22201E-01 0.11554E+02     12185    6  180   37
 0.13108E+01 0.47002E-02 0.23808E-01 0.11088E+02     12190    5  176   36
 0.14768E+01 0.47065E-02 0.22115E-01 0.11554E+02     12195    8  183   37
 0.13657E+01 0.47080E-02 0.23869E-01 0.11088E+02     12200    5  176   37
 0.16664E+01 0.47216E-02 0.21992E-01 0.11554E+02     12205    8  183   37
 0.15061E+01 0.47241E-02 0.23975E-01 0.11088E+02     12210    5  176   37
 0.15107E+01 0.47335E-02 0.21847E-01 0.11554E+02     12215    5  177   36
 0.15461E+01 0.47276E-02 0.24073E-01 0.11088E+02     12220    5  177   37
 0.12552E+01 0.47314E-02 0.21694E-01 0.11554E+02     12225    6  179   35
 0.11728E+01 0.47239E-02 0.24156E-01 0.11088E+02     12230    5  177   37
 0.13990E+01 0.47285E-02 0.21620E-01 0.11554E+02     12235    6  179   35
 0.10229E+01 0.47145E-02 0.24223E-01 0.11088E+02     12240    8  182   36
 0.11407E+01 0.47156E-02 0.21629E-01 0.11554E+02     12245    8  182   37
 0.95539E+00 0.47076E-02 0.24280E-01 0.11088E+02     12250    8  182   36
 0.12972E+01 0.47116E-02 0.21631E-01 0.11554E+02     12255    6  179   37
 0.85783E+00 0.47068E-02 0.24310E-01 0.11088E+02     12260    8  182   36
 0.12347E+01 0.47053E-02 0.21622E-01 0.11553E+02     12265    8  182   37
 0.11336E+01 0.47005E-02 0.24299E-01 0.11088E+02     12270    8  182   36
 0.11231E+01 0.46999E-02 0.21610E-01 0.11553E+02     12275    6  178   36
 0.10766E+01 0.47018E-02 0.24251E-01 0.11088E+02     12280    6  178   35
 0.12285E+01 0.47024E-02 0.21599E-01 0.11553E+02     12285    6  178   36
 0.11884E+01 0.47037E-02 0.24150E-01 0.11088E+02     12290    6  178   37
 0.11546E+01 0.47092E-02 0.21601E-01 0.11553E+02     12295    6  178   36
 0.12738E+01 0.47209E-02 0.23988E-01 0.11088E+02     12300    6  178   37
 0.14013E+01 0.47319E-02 0.21610E-01 0.11553E+02     12305    6  178   36
 0.12804E+01 0.47411E-02 0.23778E-01 0.11088E+02     12310    6  178   37
 0.12085E+01 0.47512E-02 0.21619E-01 0.11553E+02     12315    6  178   36
 0.11148E+01 0.47633E-02 0.23789E-01 0.11088E+02     12320    6  177   36
 0.10811E+01 0.47637E-02 0.21669E-01 0.11553E+02     12325    6  177   37
 0.12151E+01 0.47802E-02 0.23795E-01 0.11088E+02     12330    6  176   36
 0.11932E+01 0.47756E-02 0.21787E-01 0.11553E+02     12335    6  177   35
 0.12962E+01 0.47808E-02 0.23802E-01 0.11088E+02     12340    6  177   36
 0.13339E+01 0.47738E-02 0.21896E-01 0.11553E+02     12345    6  177   35
 0.13877E+01 0.47769E-02 0.23801E-01 0.11088E+02     12350    6  177   36
 0.14055E+01 0.47668E-02 0.21982E-01 0.11553E+02     12355    6  177   35
 0.13517E+01 0.47651E-02 0.23782E-01 0.11088E+02     12360    9  183   36
 0.11821E+01 0.47519E-02 0.22004E-01 0.11553E+02     12365    9  183   37
 0.16744E+01 0.47424E-02 0.23755E-01 0.11088E+02     12370    9  183   36
 0.13400E+01 0.47317E-02 0.21982E-01 0.11553E+02     12375    9  183   37
 0.83222E+00 0.47213E-02 0.23730E-01 0.11088E+02     12380    9  184   37
 0.13395E+01 0.47164E-02 0.21942E-01 0.11552E+02     12385    9  183   37
 0.98940E+00 0.47130E-02 0.23709E-01 0.11088E+02     12390    7  179   35
 0.88868E+00 0.47123E-02 0.21899E-01 0.11552E+02     12395    9  183   37
 0.11823E+01 0.47142E-02 0.23673E-01 0.11089E+02     12400    9  184   37
 0.10314E+01 0.47125E-02 0.21838E-01 0.11552E+02     12405    6  186   36
 0.12173E+01 0.47163E-02 0.23629E-01 0.11089E+02     12410    9  184   37
 0.88767E+00 0.47121E-02 0.21771E-01 0.11551E+02     12415    6  186   35
 0.12052E+01 0.47160E-02 0.23588E-01 0.11089E+02     12420    7  179   36
 0.10726E+01 0.47149E-02 0.21799E-01 0.11551E+02     12425    6  371   37
 0.11540E+01 0.47161E-02 0.23571E-01 0.11089E+02     12430    6  371   37
 0.12333E+01 0.47131E-02 0.21803E-01 0.11551E+02     12435    6  371   37
 0.11476E+01 0.47149E-02 0.23566E-01 0.11089E+02     12440    7  179   36
 0.10818E+01 0.47116E-02 0.21827E-01 0.11551E+02     12445    7  176   36
 0.11058E+01 0.47114E-02 0.23558E-01 0.11090E+02     12450    7  176   35
 0.11047E+01 0.47194E-02 0.21802E-01 0.11551E+02     12455    7  178   35
 0.12123E+01 0.47208E-02 0.23560E-01 0.11089E+02     12460    7  178   36
 0.13285E+01 0.47304E-02 0.21793E-01 0.11551E+02     12465    7  375   37
 0.14524E+01 0.47306E-02 0.23572E-01 0.11089E+02     12470    7  375   37
 0.12009E+01 0.47287E-02 0.21893E-01 0.11551E+02     12475    7  178   35
 0.13683E+01 0.47257E-02 0.23594E-01 0.11089E+02     12480    7  178   36
 0.13225E+01 0.47305E-02 0.21985E-01 0.11551E+02     12485    7  177   35
 0.14377E+01 0.47289E-02 0.23618E-01 0.11089E+02     12490    7  374   37
 0.13198E+01 0.47250E-02 0.22072E-01 0.11551E+02     12495    8  180   36
 0.14238E+01 0.47196E-02 0.23647E-01 0.11089E+02     12500    8  180   37
 0.13478E+01 0.47208E-02 0.22141E-01 0.11551E+02     12505    7  373   37
 0.14933E+01 0.47211E-02 0.23677E-01 0.11089E+02     12510    8  180   37
 0.14800E+01 0.47196E-02 0.22189E-01 0.11551E+02     12515    8  180   36
 0.15352E+01 0.47194E-02 0.23690E-01 0.11089E+02     12520    8  180   37
 0.14511E+01 0.47123E-02 0.22194E-01 0.11551E+02     12525    8  180   36
 0.13779E+01 0.47128E-02 0.23679E-01 0.11089E+02     12530    8  180   37
 0.12402E+01 0.47070E-02 0.22187E-01 0.11551E+02     12535    8  180   36
 0.14689E+01 0.47083E-02 0.23673E-01 0.11089E+02     12540    8  180   37
 0.13500E+01 0.46951E-02 0.22181E-01 0.11551E+02     12545    8  180   36
 0.14327E+01 0.46841E-02 0.23675E-01 0.11089E+02     12550    8  180   37
 0.12015E+01 0.46842E-02 0.22193E-01 0.11551E+02     12555    8  179   35
 0.14016E+01 0.46672E-02 0.23682E-01 0.11089E+02     12560    8  180   37
 0.12010E+01 0.46648E-02 0.22201E-01 0.11551E+02     12565    8  179   37
 0.14943E+01 0.46571E-02 0.23670E-01 0.11089E+02     12570    8  180   37
 0.13883E+01 0.46550E-02 0.22197E-01 0.11551E+02     12575    8  179   35
 0.15200E+01 0.46439E-02 0.23668E-01 0.11089E+02     12580    8  180   37
 0.14329E+01 0.46492E-02 0.22183E-01 0.11551E+02     12585    8  179   35
 0.15028E+01 0.46469E-02 0.23676E-01 0.11089E+02     12590    8  179   36
 0.15495E+01 0.46617E-02 0.22159E-01 0.11551E+02     12595    8  176   35
 0.15209E+01 0.46622E-02 0.23682E-01 0.11089E+02     12600    8  179   36
 0.14990E+01 0.46698E-02 0.22120E-01 0.11551E+02     12605    8  179   37
 0.14432E+01 0.46759E-02 0.23693E-01 0.11089E+02     12610    8  177   35
 0.15082E+01 0.46889E-02 0.22080E-01 0.11551E+02     12615    8  179   37
 0.15772E+01 0.46966E-02 0.23700E-01 0.11090E+02     12620    8  177   35
 0.15835E+01 0.47115E-02 0.22042E-01 0.11551E+02     12625    8  178   35
 0.16819E+01 0.47206E-02 0.23717E-01 0.11090E+02     12630    8  177   35
 0.14211E+01 0.47361E-02 0.22011E-01 0.11551E+02     12635    8  178   36
 0.96534E+00 0.47405E-02 0.23723E-01 0.11090E+02     12640    4  370   36
 0.12107E+01 0.47550E-02 0.21979E-01 0.11551E+02     12645    8  178   37
 0.10493E+01 0.47588E-02 0.23716E-01 0.11090E+02     12650    9  180   36
 0.12247E+01 0.47704E-02 0.21949E-01 0.11551E+02     12655    8  178   37
 0.11765E+01 0.47784E-02 0.23704E-01 0.11090E+02     12660    9  180   36
 0.12628E+01 0.47927E-02 0.21919E-01 0.11551E+02     12665    9  176   35
 0.13917E+01 0.48070E-02 0.23687E-01 0.11090E+02     12670    9  180   37
 0.13709E+01 0.48106E-02 0.21879E-01 0.11551E+02     12675    9  176   35
 0.13886E+01 0.48261E-02 0.23679E-01 0.11090E+02     12680    9  180   36
 0.15343E+01 0.48368E-02 0.21828E-01 0.11551E+02     12685    9  180   35
 0.12321E+01 0.48542E-02 0.23678E-01 0.11090E+02     12690    8  177   37
 0.15786E+01 0.48684E-02 0.21770E-01 0.11551E+02     12695    9  176   35
 0.99489E+00 0.48847E-02 0.23664E-01 0.11090E+02     12700    9  177   36
 0.14752E+01 0.48983E-02 0.21693E-01 0.11551E+02     12705    9  180   35
 0.11183E+01 0.49216E-02 0.23668E-01 0.11090E+02     12710    9  178   35
 0.13429E+01 0.49338E-02 0.21609E-01 0.11551E+02     12715    9  179   35
 0.12300E+01 0.49549E-02 0.23668E-01 0.11090E+02     12720    9  179   36
 0.15173E+01 0.49660E-02 0.21533E-01 0.11551E+02     12725    9  177   35
 0.13692E+01 0.49910E-02 0.23679E-01 0.11090E+02     12730    9  178   35
 0.16714E+01 0.49993E-02 0.21440E-01 0.11551E+02     12735    9  177   35
 0.14827E+01 0.50122E-02 0.23676E-01 0.11090E+02     12740    9  178   35
 0.11436E+01 0.50159E-02 0.21451E-01 0.11551E+02     12745    9  179   35
 0.16887E+01 0.50243E-02 0.23691E-01 0.11090E+02     12750    9  178   35
 0.91525E+00 0.50309E-02 0.21467E-01 0.11552E+02     12755    9  178   37
 0.80549E+00 0.50391E-02 0.23696E-01 0.11089E+02     12760    7  182   36
 0.10204E+01 0.50513E-02 0.21484E-01 0.11552E+02     12765    8  186   37
 0.10680E+01 0.50598E-02 0.23693E-01 0.11089E+02     12770    6  374   36
 0.10557E+01 0.50661E-02 0.21480E-01 0.11552E+02     12775    8  185   37
 0.12621E+01 0.50778E-02 0.23685E-01 0.11089E+02     12780    6  374   37
 0.10793E+01 0.50742E-02 0.21492E-01 0.11552E+02     12785    8  185   37
 0.11662E+01 0.50755E-02 0.23694E-01 0.11089E+02     12790    6  373   37
 0.10414E+01 0.50784E-02 0.21506E-01 0.11552E+02     12795    6  372   37
 0.11707E+01 0.50769E-02 0.23706E-01 0.11089E+02     12800    6  372   37
 0.12447E+01 0.50777E-02 0.21523E-01 0.11552E+02     12805    6  372   37
 0.12347E+01 0.50772E-02 0.23719E-01 0.11089E+02     12810    6  372   36
 0.11962E+01 0.50690E-02 0.21520E-01 0.11552E+02     12815    6  371   37
 0.12880E+01 0.50740E-02 0.23731E-01 0.11089E+02     12820    6  371   37
 0.12775E+01 0.50721E-02 0.21535E-01 0.11552E+02     12825    6  371   37
 0.12676E+01 0.50796E-02 0.23737E-01 0.11089E+02     12830    6  371   37
 0.11681E+01 0.50732E-02 0.21524E-01 0.11552E+02     12835    7  375   37
 0.12942E+01 0.50788E-02 0.23726E-01 0.11089E+02     12840    7  375   37
 0.14013E+01 0.50790E-02 0.21502E-01 0.11552E+02     12845    7  375   37
 0.90569E+00 0.50821E-02 0.23717E-01 0.11089E+02     12850    8  184   37
 0.11469E+01 0.50825E-02 0.21480E-01 0.11551E+02     12855   10  177   35
 0.10008E+01 0.50903E-02 0.23693E-01 0.11089E+02     12860    7  374   37
 0.10603E+01 0.50924E-02 0.21444E-01 0.11551E+02     12865    7  374   37
 0.11341E+01 0.50931E-02 0.23663E-01 0.11090E+02     12870    7  374   37
 0.12155E+01 0.50914E-02 0.21411E-01 0.11551E+02     12875    7  374   37
 0.12942E+01 0.50964E-02 0.23662E-01 0.11090E+02     12880    7  374   37
 0.13560E+01 0.50915E-02 0.21414E-01 0.11551E+02     12885    7  374   37
 0.11493E+01 0.50915E-02 0.23671E-01 0.11090E+02     12890    7  373   37
 0.11843E+01 0.50863E-02 0.21407E-01 0.11551E+02     12895    7  373   37
 0.12123E+01 0.50900E-02 0.23671E-01 0.11090E+02     12900    7  373   37
 0.12353E+01 0.50843E-02 0.21405E-01 0.11551E+02     12905    7  373   37
 0.12816E+01 0.50809E-02 0.23677E-01 0.11090E+02     12910    7  373   37
 0.13305E+01 0.50855E-02 0.21407E-01 0.11551E+02     12915    7  373   37
 0.94414E+00 0.50891E-02 0.23692E-01 0.11090E+02     12920    8  183   37
 0.95223E+00 0.50882E-02 0.21402E-01 0.11551E+02     12925    8  183   36
-0.74945E+00 0.50829E-02 0.23680E-01 0.11090E+02     12930    6  371   37
 0.82478E+00 0.50906E-02 0.21382E-01 0.11551E+02     12935   11  181   36
 0.93427E+00 0.50889E-02 0.23663E-01 0.11091E+02     12940   11  177   35
 0.88848E+00 0.50933E-02 0.21435E-01 0.11550E+02     12945    8  182   37
 0.90890E+00 0.50936E-02 0.23663E-01 0.11091E+02     12950   11  176   35
 0.10405E+01 0.50938E-02 0.21589E-01 0.11550E+02     12955    8  183   36
 0.91910E+00 0.50981E-02 0.23659E-01 0.11091E+02     12960   11  177   35
 0.95885E+00 0.50943E-02 0.21740E-01 0.11550E+02     12965   11  180   36
 0.94230E+00 0.50959E-02 0.23649E-01 0.11091E+02     12970   11  180   35
 0.91232E+00 0.50894E-02 0.21878E-01 0.11550E+02     12975   11  179   35
 0.93512E+00 0.50959E-02 0.23639E-01 0.11091E+02     12980   11  180   35
 0.76276E+00 0.50892E-02 0.21989E-01 0.11550E+02     12985   11  180   36
 0.91161E+00 0.50928E-02 0.23629E-01 0.11091E+02     12990   11  180   35
 0.87667E+00 0.50828E-02 0.22057E-01 0.11550E+02     12995   11  179   35
 0.80194E+00 0.50807E-02 0.23619E-01 0.11091E+02     13000    6  179   35
 0.81032E+00 0.50735E-02 0.22158E-01 0.11550E+02     13005   11  179   35
 0.94954E+00 0.50702E-02 0.23599E-01 0.11091E+02     13010    6  179   35
 0.92244E+00 0.50665E-02 0.22268E-01 0.11550E+02     13015    6  179   36
 0.99165E+00 0.50613E-02 0.23573E-01 0.11091E+02     13020    6  179   35
 0.87350E+00 0.50603E-02 0.22343E-01 0.11550E+02     13025   11  179   35
 0.84168E+00 0.50610E-02 0.23546E-01 0.11091E+02     13030    9  184   36
-0.78596E+00 0.50558E-02 0.22397E-01 0.11550E+02     13035    7  374   37
 0.97744E+00 0.50526E-02 0.23528E-01 0.11092E+02     13040    9  184   37
 0.75478E+00 0.50416E-02 0.22430E-01 0.11550E+02     13045    4  370   37
 0.11598E+01 0.50341E-02 0.23523E-01 0.11092E+02     13050    9  184   37
 0.79095E+00 0.50200E-02 0.22442E-01 0.11550E+02     13055    5  375   37
 0.12889E+01 0.50111E-02 0.23515E-01 0.11092E+02     13060    9  184   37
 0.97241E+00 0.49894E-02 0.22439E-01 0.11550E+02     13065    4  371   37
 0.13612E+01 0.49760E-02 0.23530E-01 0.11092E+02     13070    9  184   37
 0.85420E+00 0.49621E-02 0.22415E-01 0.11550E+02     13075    9  183   37
 0.13994E+01 0.49507E-02 0.23530E-01 0.11092E+02     13080    9  184   37
 0.10381E+01 0.49394E-02 0.22365E-01 0.11550E+02     13085    9  183   37
 0.11900E+01 0.49242E-02 0.23530E-01 0.11092E+02     13090    9  184   37
 0.12823E+01 0.49158E-02 0.22293E-01 0.11549E+02     13095    9  183   37
 0.13580E+01 0.49029E-02 0.23506E-01 0.11092E+02     13100    9  184   37
 0.94026E+00 0.48957E-02 0.22195E-01 0.11549E+02     13105    9  183   37
 0.98200E+00 0.48869E-02 0.23492E-01 0.11092E+02     13110    5  374   37
 0.93740E+00 0.48819E-02 0.22091E-01 0.11549E+02     13115    7  180   36
 0.93550E+00 0.48755E-02 0.23466E-01 0.11092E+02     13120    7  180   35
 0.91010E+00 0.48727E-02 0.21975E-01 0.11549E+02     13125    5  182   35
 0.96970E+00 0.48745E-02 0.23458E-01 0.11092E+02     13130    7  180   35
 0.84090E+00 0.48692E-02 0.21874E-01 0.11549E+02     13135    9  183   36
 0.70795E+00 0.48656E-02 0.23465E-01 0.11092E+02     13140    6  178   37
 0.90217E+00 0.48655E-02 0.21788E-01 0.11549E+02     13145    5  182   35
 0.78705E+00 0.48598E-02 0.23480E-01 0.11092E+02     13150    6  375   37
 0.98121E+00 0.48564E-02 0.21713E-01 0.11549E+02     13155    5  182   35
 0.71812E+00 0.48543E-02 0.23506E-01 0.11091E+02     13160    6  176   36
 0.85512E+00 0.48531E-02 0.21655E-01 0.11549E+02     13165    9  183   36
 0.89048E+00 0.48543E-02 0.23536E-01 0.11091E+02     13170    6  177   36
 0.86371E+00 0.48525E-02 0.21601E-01 0.11550E+02     13175    7  377   37
 0.95076E+00 0.48497E-02 0.23558E-01 0.11091E+02     13180    7  377   37
 0.10163E+01 0.48518E-02 0.21549E-01 0.11550E+02     13185    7  377   37
 0.10287E+01 0.48506E-02 0.23553E-01 0.11091E+02     13190    7  377   37
 0.88446E+00 0.48541E-02 0.21492E-01 0.11549E+02     13195    6  183   35
 0.97731E+00 0.48494E-02 0.23539E-01 0.11091E+02     13200    6  183   37
 0.11374E+01 0.48479E-02 0.21439E-01 0.11549E+02     13205    6  183   35
 0.11772E+01 0.48397E-02 0.23537E-01 0.11091E+02     13210    6  372   37
 0.12044E+01 0.48394E-02 0.21400E-01 0.11549E+02     13215    6  183   35
 0.12241E+01 0.48373E-02 0.23516E-01 0.11092E+02     13220    7  376   37
 0.12860E+01 0.48319E-02 0.21364E-01 0.11549E+02     13225    7  376   37
 0.94748E+00 0.48339E-02 0.23495E-01 0.11092E+02     13230    7  375   36
 0.10961E+01 0.48330E-02 0.21331E-01 0.11549E+02     13235    7  375   36
 0.11231E+01 0.48363E-02 0.23465E-01 0.11092E+02     13240    7  375   37
 0.12432E+01 0.48382E-02 0.21309E-01 0.11548E+02     13245    7  375   37
 0.13544E+01 0.48460E-02 0.23445E-01 0.11092E+02     13250    7  375   37
 0.14384E+01 0.48441E-02 0.21357E-01 0.11548E+02     13255    7  375   37
 0.12104E+01 0.48381E-02 0.23438E-01 0.11093E+02     13260    8  180   37
 0.12222E+01 0.48227E-02 0.21425E-01 0.11548E+02     13265    8  180   35
 0.13296E+01 0.48121E-02 0.23445E-01 0.11093E+02     13270    8  180   37
 0.12961E+01 0.47867E-02 0.21490E-01 0.11548E+02     13275    8  180   35
 0.13224E+01 0.47740E-02 0.23462E-01 0.11092E+02     13280    7  374   37
 0.13947E+01 0.47512E-02 0.21546E-01 0.11549E+02     13285    7  374   37
 0.12629E+01 0.47399E-02 0.23486E-01 0.11092E+02     13290    8  180   36
 0.13968E+01 0.47184E-02 0.21590E-01 0.11549E+02     13295    8  180   35
 0.12512E+01 0.47078E-02 0.23520E-01 0.11092E+02     13300    8  180   37
 0.11879E+01 0.46844E-02 0.21609E-01 0.11549E+02     13305    7  373   37
 0.12178E+01 0.46812E-02 0.23557E-01 0.11092E+02     13310    7  373   37
 0.12165E+01 0.46645E-02 0.21603E-01 0.11549E+02     13315    7  373   37
 0.10409E+01 0.46704E-02 0.23587E-01 0.11092E+02     13320    8  179   36
 0.11281E+01 0.46604E-02 0.21570E-01 0.11550E+02     13325    8  179   35
 0.11492E+01 0.46688E-02 0.23596E-01 0.11092E+02     13330    8  179   36
 0.11838E+01 0.46609E-02 0.21687E-01 0.11550E+02     13335    8  179   35
 0.12589E+01 0.46714E-02 0.23618E-01 0.11092E+02     13340    9  181   36
 0.11382E+01 0.46607E-02 0.21825E-01 0.11550E+02     13345    8  179   35
 0.13999E+01 0.46704E-02 0.23646E-01 0.11091E+02     13350    9  181   36
 0.10901E+01 0.46555E-02 0.21961E-01 0.11550E+02     13355    8  179   35
 0.14182E+01 0.46650E-02 0.23680E-01 0.11091E+02     13360    9  181   35
 0.11109E+01 0.46467E-02 0.22101E-01 0.11550E+02     13365    8  184   36
 0.14324E+01 0.46520E-02 0.23727E-01 0.11091E+02     13370    9  181   35
 0.10571E+01 0.46285E-02 0.22239E-01 0.11551E+02     13375    8  184   36
 0.14762E+01 0.46293E-02 0.23809E-01 0.11091E+02     13380    8  184   37
 0.11109E+01 0.46064E-02 0.22346E-01 0.11551E+02     13385    8  183   37
 0.14957E+01 0.46095E-02 0.24012E-01 0.11090E+02     13390    8  184   37
 0.12117E+01 0.45855E-02 0.22389E-01 0.11552E+02     13395    8  178   35
 0.13749E+01 0.45929E-02 0.24184E-01 0.11090E+02     13400    8  184   37
 0.12910E+01 0.45694E-02 0.22365E-01 0.11552E+02     13405    9  180   36
 0.12316E+01 0.45702E-02 0.24323E-01 0.11090E+02     13410    8  184   37
 0.13887E+01 0.45487E-02 0.22264E-01 0.11552E+02     13415    9  180   36
 0.12428E+01 0.45571E-02 0.24417E-01 0.11091E+02     13420    9  180   35
 0.14642E+01 0.45510E-02 0.22120E-01 0.11552E+02     13425    9  180   36
 0.13278E+01 0.45599E-02 0.24462E-01 0.11091E+02     13430    9  180   35
 0.15137E+01 0.45475E-02 0.21931E-01 0.11552E+02     13435    9  180   37
 0.14062E+01 0.45667E-02 0.24474E-01 0.11092E+02     13440    9  180   35
 0.95765E+00 0.45563E-02 0.21709E-01 0.11551E+02     13445    9  180   36
 0.14456E+01 0.45839E-02 0.24471E-01 0.11092E+02     13450    9  180   35
 0.92257E+00 0.45780E-02 0.21461E-01 0.11551E+02     13455    8  177   37
 0.13576E+01 0.46032E-02 0.24449E-01 0.11092E+02     13460    9  180   35
 0.82914E+00 0.45983E-02 0.21303E-01 0.11551E+02     13465    9  179   35
 0.97213E+00 0.46208E-02 0.24406E-01 0.11093E+02     13470    9  179   37
 0.11923E+01 0.46190E-02 0.21288E-01 0.11551E+02     13475    9  179   35
 0.10257E+01 0.46466E-02 0.24327E-01 0.11093E+02     13480    9  179   36
 0.10093E+01 0.46414E-02 0.21270E-01 0.11551E+02     13485    9  179   35
 0.11134E+01 0.46627E-02 0.24217E-01 0.11093E+02     13490    9  179   36
-0.10020E+01 0.46523E-02 0.21254E-01 0.11551E+02     13495    5  181   35
 0.12016E+01 0.46683E-02 0.24107E-01 0.11094E+02     13500    9  176   35
 0.12536E+01 0.46654E-02 0.21252E-01 0.11551E+02     13505    9  179   35
 0.12887E+01 0.46705E-02 0.23987E-01 0.11094E+02     13510    9  176   35
 0.93269E+00 0.46567E-02 0.21245E-01 0.11551E+02     13515    5  180   35
 0.13139E+01 0.46667E-02 0.23954E-01 0.11094E+02     13520    9  178   35
 0.10153E+01 0.46637E-02 0.21229E-01 0.11551E+02     13525    5  180   35
 0.13425E+01 0.46777E-02 0.24050E-01 0.11094E+02     13530    9  177   35
 0.10680E+01 0.46725E-02 0.21245E-01 0.11551E+02     13535    5  180   35
 0.13924E+01 0.46903E-02 0.24145E-01 0.11094E+02     13540    9  177   35
 0.11502E+01 0.46879E-02 0.21382E-01 0.11552E+02     13545    5  180   35
 0.12865E+01 0.47075E-02 0.24239E-01 0.11094E+02     13550    5  181   35
 0.12643E+01 0.47104E-02 0.21533E-01 0.11552E+02     13555    5  180   35
 0.12323E+01 0.47326E-02 0.24312E-01 0.11094E+02     13560    5  180   36
 0.12917E+01 0.47359E-02 0.21673E-01 0.11552E+02     13565    5  180   35
 0.13548E+01 0.47504E-02 0.24372E-01 0.11093E+02     13570    5  183   35
 0.13077E+01 0.47491E-02 0.21801E-01 0.11553E+02     13575    5  180   37
 0.12140E+01 0.47527E-02 0.24433E-01 0.11093E+02     13580    5  179   37
 0.13537E+01 0.47519E-02 0.21903E-01 0.11553E+02     13585    5  180   37
 0.13978E+01 0.47514E-02 0.24494E-01 0.11093E+02     13590    5  179   37
 0.13917E+01 0.47291E-02 0.21990E-01 0.11554E+02     13595    5  179   36
 0.15293E+01 0.47205E-02 0.24553E-01 0.11093E+02     13600    5  179   37
 0.10217E+01 0.46930E-02 0.22046E-01 0.11554E+02     13605    6  371   37
 0.15497E+01 0.46937E-02 0.24580E-01 0.11092E+02     13610    5  179   37
 0.94411E+00 0.46681E-02 0.22057E-01 0.11554E+02     13615    6  183   35
 0.13649E+01 0.46645E-02 0.24577E-01 0.11092E+02     13620    6  182   37
 0.13022E+01 0.46512E-02 0.22037E-01 0.11554E+02     13625    6  183   35
 0.14561E+01 0.46472E-02 0.24531E-01 0.11092E+02     13630    6  182   35
 0.12191E+01 0.46426E-02 0.21983E-01 0.11554E+02     13635    6  181   36
 0.16389E+01 0.46458E-02 0.24447E-01 0.11092E+02     13640    6  182   35
 0.12682E+01 0.46534E-02 0.21919E-01 0.11554E+02     13645    6  181   36
 0.12161E+01 0.46588E-02 0.24514E-01 0.11092E+02     13650    7  375   37
 0.13624E+01 0.46770E-02 0.21842E-01 0.11554E+02     13655    7  375   37
 0.15065E+01 0.46862E-02 0.24581E-01 0.11091E+02     13660    6  181   35
 0.12397E+01 0.46966E-02 0.21759E-01 0.11555E+02     13665    6  180   35
 0.10749E+01 0.46917E-02 0.24611E-01 0.11091E+02     13670    7  374   37
 0.13489E+01 0.46987E-02 0.21662E-01 0.11555E+02     13675    6  180   36
 0.12217E+01 0.46934E-02 0.24599E-01 0.11091E+02     13680    7  374   37
 0.15114E+01 0.47092E-02 0.21554E-01 0.11555E+02     13685    6  180   36
 0.10835E+01 0.47002E-02 0.24520E-01 0.11091E+02     13690    7  373   37
 0.15276E+01 0.47012E-02 0.21568E-01 0.11555E+02     13695    6  180   37
 0.11277E+01 0.46923E-02 0.24386E-01 0.11091E+02     13700    7  183   36
 0.12601E+01 0.46949E-02 0.21570E-01 0.11555E+02     13705    7  373   37
 0.12979E+01 0.46881E-02 0.24194E-01 0.11091E+02     13710    7  183   36
 0.13619E+01 0.46832E-02 0.21563E-01 0.11555E+02     13715    6  179   35
 0.13406E+01 0.46765E-02 0.24036E-01 0.11091E+02     13720    7  183   35
 0.14103E+01 0.46748E-02 0.21551E-01 0.11555E+02     13725    6  179   36
 0.13261E+01 0.46604E-02 0.24065E-01 0.11091E+02     13730    7  183   35
 0.13250E+01 0.46593E-02 0.21543E-01 0.11555E+02     13735    7  182   35
 0.11776E+01 0.46576E-02 0.24240E-01 0.11091E+02     13740    7  182   37
 0.14420E+01 0.46667E-02 0.21532E-01 0.11555E+02     13745    7  182   35
 0.98081E+00 0.46616E-02 0.24368E-01 0.11091E+02     13750    7  182   37
 0.14386E+01 0.46708E-02 0.21525E-01 0.11555E+02     13755    7  182   35
-0.88693E+00 0.46724E-02 0.24438E-01 0.11091E+02     13760    6  372   37
 0.13007E+01 0.46775E-02 0.21523E-01 0.11555E+02     13765    7  182   35
 0.12150E+01 0.46795E-02 0.24444E-01 0.11091E+02     13770    7  182   37
 0.11406E+01 0.46772E-02 0.21534E-01 0.11555E+02     13775   11  180   35
 0.10226E+01 0.46801E-02 0.24404E-01 0.11091E+02     13780    7  181   35
 0.10013E+01 0.46733E-02 0.21539E-01 0.11555E+02     13785    8  183   37
 0.10899E+01 0.46737E-02 0.24328E-01 0.11091E+02     13790    7  181   35
 0.11471E+01 0.46632E-02 0.21537E-01 0.11555E+02     13795    8  183   37
 0.10676E+01 0.46612E-02 0.24228E-01 0.11091E+02     13800    7  181   35
 0.11200E+01 0.46488E-02 0.21540E-01 0.11555E+02     13805    8  183   36
 0.11450E+01 0.46490E-02 0.24110E-01 0.11091E+02     13810    7  181   35
 0.12385E+01 0.46398E-02 0.21541E-01 0.11555E+02     13815    8  183   36
 0.12735E+01 0.46424E-02 0.23970E-01 0.11091E+02     13820    8  183   35
 0.11836E+01 0.46374E-02 0.21692E-01 0.11555E+02     13825    7  181   36
 0.13093E+01 0.46374E-02 0.23928E-01 0.11091E+02     13830    8  183   35
 0.11746E+01 0.46352E-02 0.21876E-01 0.11555E+02     13835    8  183   36
 0.13270E+01 0.46415E-02 0.23912E-01 0.11091E+02     13840    7  181   37
 0.11937E+01 0.46458E-02 0.22043E-01 0.11555E+02     13845    8  183   36
 0.12357E+01 0.46546E-02 0.23897E-01 0.11091E+02     13850    8  182   37
 0.10164E+01 0.46545E-02 0.22158E-01 0.11555E+02     13855    8  182   35
 0.13227E+01 0.46654E-02 0.23867E-01 0.11091E+02     13860    7  180   35
 0.12232E+01 0.46690E-02 0.22232E-01 0.11555E+02     13865    8  182   35
 0.14452E+01 0.46771E-02 0.23822E-01 0.11091E+02     13870    8  182   37
 0.13572E+01 0.46821E-02 0.22308E-01 0.11555E+02     13875    8  182   35
 0.12944E+01 0.46906E-02 0.23780E-01 0.11091E+02     13880    8  182   37
 0.13529E+01 0.46969E-02 0.22333E-01 0.11555E+02     13885    8  182   35
 0.12697E+01 0.46974E-02 0.23736E-01 0.11092E+02     13890    8  182   37
 0.11862E+01 0.46983E-02 0.22314E-01 0.11554E+02     13895    8  182   36
 0.11118E+01 0.46919E-02 0.23708E-01 0.11092E+02     13900    9  184   37
 0.15325E+01 0.46882E-02 0.22268E-01 0.11554E+02     13905    8  182   36
 0.11918E+01 0.46764E-02 0.23688E-01 0.11092E+02     13910    9  183   35
 0.99958E+00 0.46728E-02 0.22192E-01 0.11554E+02     13915    7  378   37
 0.12831E+01 0.46678E-02 0.23664E-01 0.11092E+02     13920    9  183   36
 0.91106E+00 0.46680E-02 0.22074E-01 0.11554E+02     13925    7  179   37
 0.15492E+01 0.46633E-02 0.23635E-01 0.11092E+02     13930    9  183   37
 0.10145E+01 0.46653E-02 0.21910E-01 0.11553E+02     13935    8  181   37
 0.16084E+01 0.46614E-02 0.23603E-01 0.11092E+02     13940    9  183   36
 0.10978E+01 0.46682E-02 0.21712E-01 0.11553E+02     13945    8  181   37
 0.10562E+01 0.46604E-02 0.23585E-01 0.11092E+02     13950    9  183   35
 0.11159E+01 0.46707E-02 0.21773E-01 0.11553E+02     13955    8  181   35
 0.89262E+00 0.46602E-02 0.23573E-01 0.11092E+02     13960    5  372   36
 0.11002E+01 0.46743E-02 0.21852E-01 0.11553E+02     13965    8  181   35
 0.80331E+00 0.46623E-02 0.23563E-01 0.11092E+02     13970    8  180   36
 0.10414E+01 0.46709E-02 0.21936E-01 0.11553E+02     13975    9  182   36
 0.10361E+01 0.46548E-02 0.23564E-01 0.11092E+02     13980    9  182   37
 0.11829E+01 0.46581E-02 0.22037E-01 0.11553E+02     13985    9  182   35
 0.11540E+01 0.46410E-02 0.23572E-01 0.11092E+02     13990    8  180   36
 0.11998E+01 0.46415E-02 0.22148E-01 0.11553E+02     13995    8  180   37
 0.13011E+01 0.46282E-02 0.23580E-01 0.11091E+02     14000    8  180   36
 0.13182E+01 0.46234E-02 0.22261E-01 0.11553E+02     14005    8  180   37
 0.12292E+01 0.46070E-02 0.23585E-01 0.11091E+02     14010    8  180   36
 0.14014E+01 0.46025E-02 0.22372E-01 0.11553E+02     14015    8  180   37
 0.14057E+01 0.45828E-02 0.23598E-01 0.11091E+02     14020    8  180   36
 0.14719E+01 0.45754E-02 0.22469E-01 0.11553E+02     14025    8  180   37
 0.11990E+01 0.45473E-02 0.23609E-01 0.11091E+02     14030    6  371   37
 0.15439E+01 0.45343E-02 0.22526E-01 0.11553E+02     14035    8  180   37
 0.14626E+01 0.45079E-02 0.23602E-01 0.11091E+02     14040    8  180   36
 0.15834E+01 0.44897E-02 0.22546E-01 0.11553E+02     14045    8  180   37
 0.13110E+01 0.44693E-02 0.23582E-01 0.11091E+02     14050    8  179   35
 0.11737E+01 0.44590E-02 0.22535E-01 0.11552E+02     14055    8  180   37
 0.14008E+01 0.44431E-02 0.23557E-01 0.11091E+02     14060    8  179   35
 0.13053E+01 0.44364E-02 0.22509E-01 0.11552E+02     14065    8  179   36
 0.12909E+01 0.44279E-02 0.23538E-01 0.11091E+02     14070    8  179   35
 0.11573E+01 0.44334E-02 0.22493E-01 0.11552E+02     14075    8  179   36
 0.13353E+01 0.44285E-02 0.23526E-01 0.11091E+02     14080    8  179   37
 0.11343E+01 0.44331E-02 0.22496E-01 0.11552E+02     14085    7  375   37
 0.13062E+01 0.44324E-02 0.23524E-01 0.11091E+02     14090    8  179   37
 0.13518E+01 0.44462E-02 0.22514E-01 0.11552E+02     14095    7  375   37
 0.14352E+01 0.44424E-02 0.23518E-01 0.11091E+02     14100    7  375   37
 0.10380E+01 0.44471E-02 0.22537E-01 0.11552E+02     14105    8  178   35
 0.11329E+01 0.44339E-02 0.23519E-01 0.11091E+02     14110    8  179   37
 0.11402E+01 0.44343E-02 0.22565E-01 0.11552E+02     14115    8  178   35
 0.11297E+01 0.44175E-02 0.23529E-01 0.11091E+02     14120    7  374   37
 0.12106E+01 0.44075E-02 0.22579E-01 0.11552E+02     14125    7  374   37
 0.12863E+01 0.43943E-02 0.23529E-01 0.11091E+02     14130    7  374   37
 0.13552E+01 0.43900E-02 0.22569E-01 0.11551E+02     14135    7  374   37
 0.13004E+01 0.43767E-02 0.23520E-01 0.11092E+02     14140    5  183   36
 0.12719E+01 0.43610E-02 0.22529E-01 0.11551E+02     14145    5  183   35
 0.13656E+01 0.43501E-02 0.23517E-01 0.11092E+02     14150    9  181   37
 0.13395E+01 0.43356E-02 0.22460E-01 0.11551E+02     14155    8  177   35
 0.15634E+01 0.43272E-02 0.23504E-01 0.11092E+02     14160    9  181   37
 0.13626E+01 0.43177E-02 0.22363E-01 0.11551E+02     14165    9  180   36
 0.17185E+01 0.43152E-02 0.23490E-01 0.11092E+02     14170    9  181   37
 0.14954E+01 0.43088E-02 0.22247E-01 0.11551E+02     14175    9  180   36
 0.13865E+01 0.42990E-02 0.23495E-01 0.11092E+02     14180    9  180   37
 0.15451E+01 0.42869E-02 0.22111E-01 0.11551E+02     14185    9  180   36
 0.16249E+01 0.42797E-02 0.23505E-01 0.11092E+02     14190    9  180   35
 0.11589E+01 0.42668E-02 0.21978E-01 0.11551E+02     14195    5  182   36
 0.12902E+01 0.42539E-02 0.23522E-01 0.11092E+02     14200    9  180   35
 0.11804E+01 0.42392E-02 0.21841E-01 0.11551E+02     14205    5  182   35
 0.11669E+01 0.42239E-02 0.23546E-01 0.11092E+02     14210    9  176   35
 0.12269E+01 0.42101E-02 0.21694E-01 0.11551E+02     14215    6  183   35
 0.13089E+01 0.41988E-02 0.23565E-01 0.11092E+02     14220    9  176   35
 0.14646E+01 0.41825E-02 0.21650E-01 0.11551E+02     14225    9  179   35
 0.13849E+01 0.41642E-02 0.23578E-01 0.11092E+02     14230    9  176   35
 0.16300E+01 0.41487E-02 0.21762E-01 0.11552E+02     14235    9  179   35
 0.13453E+01 0.41304E-02 0.23587E-01 0.11092E+02     14240    9  178   35
 0.13528E+01 0.41131E-02 0.21846E-01 0.11552E+02     14245    9  177   35
 0.15306E+01 0.41008E-02 0.23593E-01 0.11092E+02     14250    9  178   35
 0.14312E+01 0.40778E-02 0.21907E-01 0.11552E+02     14255    9  177   35
 0.16220E+01 0.40669E-02 0.23606E-01 0.11092E+02     14260    9  178   35
 0.93595E+00 0.40588E-02 0.21926E-01 0.11552E+02     14265    6  182   36
 0.10707E+01 0.40578E-02 0.23603E-01 0.11092E+02     14270    6  182   35
-0.91186E+00 0.40596E-02 0.21908E-01 0.11552E+02     14275    7  374   37
 0.12076E+01 0.40644E-02 0.23714E-01 0.11091E+02     14280    6  182   35
 0.10201E+01 0.40696E-02 0.21858E-01 0.11552E+02     14285    5  181   35
 0.11836E+01 0.40784E-02 0.23865E-01 0.11092E+02     14290    6  182   35
 0.11444E+01 0.40759E-02 0.21760E-01 0.11552E+02     14295    5  181   35
 0.98840E+00 0.40800E-02 0.24083E-01 0.11092E+02     14300   10  181   36
 0.11383E+01 0.40837E-02 0.21742E-01 0.11552E+02     14305    8  186   36
 0.11020E+01 0.40860E-02 0.24253E-01 0.11092E+02     14310    5  180   35
 0.10245E+01 0.40785E-02 0.21714E-01 0.11552E+02     14315   10  181   36
 0.12468E+01 0.40813E-02 0.24364E-01 0.11092E+02     14320    5  180   35
 0.99164E+00 0.40743E-02 0.21615E-01 0.11551E+02     14325   10  181   36
 0.13704E+01 0.40731E-02 0.24407E-01 0.11092E+02     14330    5  180   35
 0.12131E+01 0.40573E-02 0.21459E-01 0.11551E+02     14335    8  185   36
 0.14364E+01 0.40647E-02 0.24400E-01 0.11093E+02     14340    5  180   35
 0.13075E+01 0.40526E-02 0.21260E-01 0.11551E+02     14345    8  185   37
 0.15222E+01 0.40595E-02 0.24340E-01 0.11093E+02     14350    5  180   37
 0.12316E+01 0.40524E-02 0.21240E-01 0.11550E+02     14355    8  185   37
 0.15999E+01 0.40590E-02 0.24249E-01 0.11093E+02     14360    5  180   37
 0.11087E+01 0.40553E-02 0.21242E-01 0.11551E+02     14365    5  179   36
 0.16702E+01 0.40574E-02 0.24144E-01 0.11093E+02     14370    5  180   37
 0.12159E+01 0.40499E-02 0.21239E-01 0.11551E+02     14375    5  179   36
 0.12113E+01 0.40453E-02 0.24000E-01 0.11093E+02     14380    5  179   37
 0.13127E+01 0.40462E-02 0.21232E-01 0.11551E+02     14385    5  179   36
 0.13110E+01 0.40492E-02 0.23863E-01 0.11093E+02     14390    5  179   37
 0.14011E+01 0.40493E-02 0.21248E-01 0.11551E+02     14395    5  179   36
 0.13252E+01 0.40359E-02 0.23716E-01 0.11093E+02     14400    5  179   37
 0.13842E+01 0.40304E-02 0.21277E-01 0.11551E+02     14405    5  179   36
 0.12704E+01 0.40164E-02 0.23559E-01 0.11092E+02     14410    5  179   37
 0.13524E+01 0.40049E-02 0.21505E-01 0.11552E+02     14415    5  179   36
 0.12435E+01 0.39926E-02 0.23563E-01 0.11092E+02     14420    5  179   37
 0.96583E+00 0.39780E-02 0.21892E-01 0.11552E+02     14425    6  180   35
 0.10578E+01 0.39735E-02 0.23586E-01 0.11092E+02     14430    6  180   36
 0.10311E+01 0.39608E-02 0.22195E-01 0.11552E+02     14435    6  180   35
 0.11764E+01 0.39566E-02 0.23606E-01 0.11091E+02     14440    6  180   36
 0.10753E+01 0.39510E-02 0.22412E-01 0.11553E+02     14445    6  374   37
 0.13056E+01 0.39438E-02 0.23620E-01 0.11091E+02     14450    6  180   36
 0.13269E+01 0.39354E-02 0.22508E-01 0.11553E+02     14455    6  180   35
 0.14010E+01 0.39232E-02 0.23624E-01 0.11091E+02     14460    6  180   36
 0.11830E+01 0.39174E-02 0.22499E-01 0.11553E+02     14465    6  180   35
 0.13596E+01 0.39061E-02 0.23610E-01 0.11091E+02     14470    6  180   37
 0.15141E+01 0.39144E-02 0.22430E-01 0.11552E+02     14475    6  180   35
 0.14089E+01 0.39114E-02 0.23583E-01 0.11091E+02     14480    6  180   37
 0.10782E+01 0.39080E-02 0.22403E-01 0.11552E+02     14485    5  178   36
 0.15494E+01 0.39080E-02 0.23563E-01 0.11091E+02     14490    6  180   37
 0.11115E+01 0.39131E-02 0.22322E-01 0.11552E+02     14495    5  176   35
 0.12315E+01 0.39170E-02 0.23546E-01 0.11091E+02     14500    5  176   36
 0.12167E+01 0.39251E-02 0.22193E-01 0.11552E+02     14505    5  176   35
 0.13363E+01 0.39310E-02 0.23533E-01 0.11091E+02     14510    5  176   36
 0.13441E+01 0.39465E-02 0.22033E-01 0.11551E+02     14515    7  375   37
 0.14246E+01 0.39489E-02 0.23513E-01 0.11092E+02     14520    7  375   37
 0.12035E+01 0.39575E-02 0.21859E-01 0.11551E+02     14525    6  179   36
 0.14603E+01 0.39619E-02 0.23500E-01 0.11092E+02     14530    6  179   35
 0.13720E+01 0.39610E-02 0.21694E-01 0.11551E+02     14535    8  183   37
 0.13919E+01 0.39628E-02 0.23489E-01 0.11092E+02     14540    6  179   35
 0.13541E+01 0.39619E-02 0.21544E-01 0.11551E+02     14545    8  183   36
 0.12024E+01 0.39538E-02 0.23487E-01 0.11092E+02     14550    5  176   37
 0.14730E+01 0.39566E-02 0.21408E-01 0.11551E+02     14555    8  183   36
 0.13079E+01 0.39510E-02 0.23481E-01 0.11092E+02     14560    7  374   37
 0.10402E+01 0.39479E-02 0.21297E-01 0.11551E+02     14565    7  181   37
 0.11642E+01 0.39451E-02 0.23487E-01 0.11092E+02     14570    6  179   37
 0.11505E+01 0.39419E-02 0.21288E-01 0.11551E+02     14575    7  181   37
 0.11142E+01 0.39428E-02 0.23494E-01 0.11092E+02     14580    7  373   37
 0.11790E+01 0.39444E-02 0.21289E-01 0.11550E+02     14585    8  182   37
 0.11883E+01 0.39406E-02 0.23515E-01 0.11092E+02     14590    7  373   37
 0.12513E+01 0.39388E-02 0.21293E-01 0.11551E+02     14595    8  182   37
 0.11086E+01 0.39320E-02 0.23530E-01 0.11092E+02     14600    6  178   35
 0.14091E+01 0.39329E-02 0.21295E-01 0.11551E+02     14605    8  182   37
 0.10521E+01 0.39291E-02 0.23544E-01 0.11092E+02     14610    6  178   35
 0.96150E+00 0.39256E-02 0.21291E-01 0.11551E+02     14615    8  182   36
 0.10278E+01 0.39244E-02 0.23548E-01 0.11092E+02     14620    6  178   36
 0.94353E+00 0.39219E-02 0.21290E-01 0.11551E+02     14625    5  185   36
 0.12418E+01 0.39187E-02 0.23553E-01 0.11092E+02     14630    6  178   36
 0.10433E+01 0.39059E-02 0.21294E-01 0.11551E+02     14635    5  185   36
 0.12531E+01 0.38988E-02 0.23559E-01 0.11092E+02     14640    6  178   36
 0.10789E+01 0.38892E-02 0.21400E-01 0.11551E+02     14645    5  185   36
 0.12771E+01 0.38839E-02 0.23563E-01 0.11092E+02     14650    6  178   37
 0.10860E+01 0.38751E-02 0.21531E-01 0.11551E+02     14655    9  183   35
 0.12584E+01 0.38610E-02 0.23568E-01 0.11092E+02     14660    9  183   36
 0.13359E+01 0.38543E-02 0.21685E-01 0.11551E+02     14665    6  177   36
 0.14793E+01 0.38443E-02 0.23571E-01 0.11092E+02     14670    9  183   36
 0.13884E+01 0.38380E-02 0.21821E-01 0.11551E+02     14675    6  177   36
 0.14173E+01 0.38274E-02 0.23577E-01 0.11091E+02     14680    9  184   37
 0.13395E+01 0.38184E-02 0.21905E-01 0.11551E+02     14685    6  177   36
 0.16376E+01 0.38137E-02 0.23571E-01 0.11091E+02     14690    9  183   36
 0.10468E+01 0.38089E-02 0.21907E-01 0.11551E+02     14695    7  180   37
 0.15754E+01 0.38104E-02 0.23546E-01 0.11092E+02     14700    9  183   37
 0.91928E+00 0.38088E-02 0.21837E-01 0.11551E+02     14705    9  183   37
 0.17242E+01 0.38144E-02 0.23515E-01 0.11092E+02     14710    9  184   37
-0.81530E+00 0.38086E-02 0.21971E-01 0.11551E+02     14715    7  373   37
 0.12374E+01 0.38111E-02 0.23477E-01 0.11092E+02     14720    6  186   35
 0.89155E+00 0.38115E-02 0.22212E-01 0.11550E+02     14725    9  184   37
 0.11837E+01 0.38126E-02 0.23429E-01 0.11092E+02     14730    6  186   35
 0.98430E+00 0.38150E-02 0.22436E-01 0.11550E+02     14735    7  179   37
 0.11610E+01 0.38100E-02 0.23372E-01 0.11093E+02     14740    6  186   37
 0.11223E+01 0.38173E-02 0.22635E-01 0.11550E+02     14745    7  179   37
 0.92936E+00 0.38075E-02 0.23322E-01 0.11093E+02     14750    7  179   36
 0.11760E+01 0.38156E-02 0.22804E-01 0.11549E+02     14755    7  179   37
 0.11236E+01 0.38102E-02 0.23275E-01 0.11093E+02     14760    7  179   36
 0.11619E+01 0.38190E-02 0.22929E-01 0.11549E+02     14765    6  185   35
 0.93218E+00 0.38142E-02 0.23235E-01 0.11094E+02     14770    7  178   36
 0.94309E+00 0.38235E-02 0.23005E-01 0.11549E+02     14775    7  179   37
 0.94156E+00 0.38213E-02 0.23211E-01 0.11094E+02     14780    7  178   36
 0.10015E+01 0.38367E-02 0.23027E-01 0.11548E+02     14785    5  183   35
 0.10660E+01 0.38406E-02 0.23201E-01 0.11094E+02     14790    7  178   35
 0.10135E+01 0.38531E-02 0.23018E-01 0.11548E+02     14795    7  179   37
 0.11362E+01 0.38535E-02 0.23198E-01 0.11093E+02     14800    7  176   36
 0.10914E+01 0.38623E-02 0.22979E-01 0.11548E+02     14805    7  177   36
 0.12601E+01 0.38604E-02 0.23199E-01 0.11093E+02     14810    7  176   36
 0.12163E+01 0.38676E-02 0.22926E-01 0.11548E+02     14815    7  177   36
 0.11950E+01 0.38558E-02 0.23211E-01 0.11093E+02     14820    8  180   37
 0.12757E+01 0.38583E-02 0.22855E-01 0.11548E+02     14825    7  177   36
 0.12617E+01 0.38431E-02 0.23221E-01 0.11093E+02     14830    7  178   37
 0.12296E+01 0.38447E-02 0.22769E-01 0.11548E+02     14835    7  177   35
 0.12512E+01 0.38333E-02 0.23223E-01 0.11093E+02     14840    8  180   37
 0.10662E+01 0.38241E-02 0.22651E-01 0.11548E+02     14845    7  177   37
 0.13140E+01 0.38089E-02 0.23219E-01 0.11093E+02     14850    8  180   35
 0.10588E+01 0.37925E-02 0.22521E-01 0.11548E+02     14855    8  175   36
 0.12637E+01 0.37821E-02 0.23225E-01 0.11093E+02     14860    8  180   36
 0.11111E+01 0.37696E-02 0.22384E-01 0.11547E+02     14865    8  175   36
 0.15666E+01 0.37596E-02 0.23228E-01 0.11093E+02     14870    8  180   37
 0.10957E+01 0.37470E-02 0.22241E-01 0.11547E+02     14875    8  179   37
 0.15893E+01 0.37437E-02 0.23245E-01 0.11093E+02     14880    8  180   37
 0.11767E+01 0.37341E-02 0.22102E-01 0.11547E+02     14885    9  181   37
 0.12659E+01 0.37363E-02 0.23273E-01 0.11093E+02     14890    9  181   36
 0.13232E+01 0.37322E-02 0.21981E-01 0.11547E+02     14895    9  181   37
 0.13282E+01 0.37342E-02 0.23311E-01 0.11093E+02     14900    9  181   36
 0.14264E+01 0.37258E-02 0.21873E-01 0.11547E+02     14905    9  181   37
 0.13485E+01 0.37315E-02 0.23357E-01 0.11092E+02     14910    8  179   36
 0.15000E+01 0.37273E-02 0.21771E-01 0.11547E+02     14915    8  179   37
 0.12698E+01 0.37228E-02 0.23388E-01 0.11092E+02     14920    9  181   36
 0.12560E+01 0.37188E-02 0.21668E-01 0.11548E+02     14925    9  181   37
 0.12182E+01 0.37202E-02 0.23408E-01 0.11093E+02     14930    8  178   35
 0.14433E+01 0.37134E-02 0.21572E-01 0.11548E+02     14935    8  179   37
 0.12914E+01 0.37166E-02 0.23578E-01 0.11093E+02     14940    8  178   35
 0.13648E+01 0.37045E-02 0.21475E-01 0.11548E+02     14945    8  176   35
 0.12627E+01 0.37063E-02 0.23763E-01 0.11093E+02     14950    8  178   36
 0.14271E+01 0.36973E-02 0.21378E-01 0.11548E+02     14955    8  177   35
 0.14118E+01 0.36985E-02 0.23858E-01 0.11093E+02     14960    7  375   37
 0.15994E+01 0.36912E-02 0.21288E-01 0.11548E+02     14965    8  177   35
 0.14445E+01 0.37014E-02 0.23841E-01 0.11093E+02     14970    9  180   36
 0.14025E+01 0.36946E-02 0.21221E-01 0.11548E+02     14975    9  180   37
 0.14091E+01 0.37097E-02 0.23710E-01 0.11094E+02     14980    9  180   36
 0.13564E+01 0.37028E-02 0.21211E-01 0.11547E+02     14985    9  180   37
 0.14873E+01 0.37117E-02 0.23506E-01 0.11094E+02     14990    9  180   35
 0.12944E+01 0.37070E-02 0.21243E-01 0.11547E+02     14995    7  374   37
 0.17452E+01 0.37172E-02 0.23368E-01 0.11094E+02     15000    9  180   35
 0.12678E+01 0.37174E-02 0.21261E-01 0.11547E+02     15005    8  186   37
 0.11806E+01 0.37273E-02 0.23369E-01 0.11094E+02     15010    9  176   35
 0.13886E+01 0.37347E-02 0.21273E-01 0.11547E+02     15015    8  186   37
 0.14459E+01 0.37419E-02 0.23378E-01 0.11094E+02     15020    9  179   35
 0.13741E+01 0.37435E-02 0.21295E-01 0.11548E+02     15025    9  179   36
 0.14264E+01 0.37456E-02 0.23378E-01 0.11094E+02     15030    9  179   35
 0.14978E+01 0.37375E-02 0.21357E-01 0.11548E+02     15035    9  179   36
 0.16703E+01 0.37404E-02 0.23383E-01 0.11094E+02     15040    9  179   35
 0.14217E+01 0.37313E-02 0.21411E-01 0.11548E+02     15045    9  177   35
 0.15174E+01 0.37292E-02 0.23369E-01 0.11094E+02     15050    9  178   35
 0.15419E+01 0.37232E-02 0.21449E-01 0.11548E+02     15055    9  177   35
 0.16345E+01 0.37161E-02 0.23356E-01 0.11094E+02     15060    9  178   35
 0.16783E+01 0.37101E-02 0.21483E-01 0.11548E+02     15065    9  177   35
 0.17054E+01 0.37022E-02 0.23345E-01 0.11094E+02     15070    9  178   35
 0.15530E+01 0.36982E-02 0.21494E-01 0.11548E+02     15075    9  177   35
 0.10297E+01 0.36900E-02 0.23334E-01 0.11094E+02     15080   10  181   37
 0.10506E+01 0.36915E-02 0.21478E-01 0.11548E+02     15085   10  181   37
 0.11454E+01 0.36869E-02 0.23418E-01 0.11094E+02     15090    8  184   37
 0.10593E+01 0.36858E-02 0.21453E-01 0.11548E+02     15095    5  180   36
 0.11273E+01 0.36791E-02 0.23502E-01 0.11094E+02     15100    8  184   37
 0.95558E+00 0.36786E-02 0.21429E-01 0.11548E+02     15105    5  180   35
 0.10552E+01 0.36813E-02 0.23584E-01 0.11094E+02     15110    8  184   37
 0.10909E+01 0.36879E-02 0.21461E-01 0.11549E+02     15115    5  180   35
 0.91934E+00 0.36915E-02 0.23637E-01 0.11093E+02     15120    8  184   37
 0.11234E+01 0.36951E-02 0.21471E-01 0.11549E+02     15125    5  180   35
 0.10433E+01 0.36995E-02 0.23668E-01 0.11093E+02     15130    8  184   37
 0.98544E+00 0.37036E-02 0.21473E-01 0.11549E+02     15135   10  176   35
 0.10437E+01 0.37042E-02 0.23670E-01 0.11093E+02     15140    5  179   36
 0.10825E+01 0.37040E-02 0.21588E-01 0.11549E+02     15145    5  179   37
 0.11677E+01 0.37058E-02 0.23642E-01 0.11093E+02     15150    5  179   36
 0.12257E+01 0.37040E-02 0.21628E-01 0.11549E+02     15155    4  370   37
 0.12222E+01 0.36979E-02 0.23584E-01 0.11093E+02     15160    5  179   36
 0.12463E+01 0.36880E-02 0.21604E-01 0.11549E+02     15165   10  177   35
 0.12372E+01 0.36788E-02 0.23522E-01 0.11093E+02     15170    5  179   36
 0.12502E+01 0.36694E-02 0.21509E-01 0.11548E+02     15175   10  177   35
 0.11412E+01 0.36611E-02 0.23490E-01 0.11093E+02     15180   10  178   35
 0.11338E+01 0.36543E-02 0.21349E-01 0.11548E+02     15185   10  177   35
 0.11463E+01 0.36480E-02 0.23473E-01 0.11094E+02     15190   10  178   35
 0.11494E+01 0.36483E-02 0.21149E-01 0.11548E+02     15195   10  177   35
 0.11029E+01 0.36452E-02 0.23406E-01 0.11094E+02     15200   10  178   35
 0.10139E+01 0.36486E-02 0.21039E-01 0.11547E+02     15205    6  180   36
 0.10890E+01 0.36526E-02 0.23381E-01 0.11095E+02     15210    6  180   37
 0.11718E+01 0.36631E-02 0.21017E-01 0.11547E+02     15215    6  180   36
 0.12558E+01 0.36688E-02 0.23389E-01 0.11095E+02     15220    6  180   37
 0.12830E+01 0.36825E-02 0.21002E-01 0.11547E+02     15225    6  180   36
 0.13687E+01 0.36949E-02 0.23402E-01 0.11095E+02     15230    6  180   37
 0.94300E+00 0.37001E-02 0.20994E-01 0.11547E+02     15235    5  370   36
 0.87536E+00 0.37101E-02 0.23423E-01 0.11095E+02     15240   10  179   37
 0.86638E+00 0.37153E-02 0.21129E-01 0.11547E+02     15245   11  177   35
 0.87925E+00 0.37173E-02 0.23442E-01 0.11095E+02     15250    5  373   36
 0.90830E+00 0.37214E-02 0.21335E-01 0.11547E+02     15255   11  177   35
 0.91276E+00 0.37267E-02 0.23457E-01 0.11095E+02     15260   11  176   35
 0.93798E+00 0.37267E-02 0.21572E-01 0.11548E+02     15265   11  177   35
 0.98111E+00 0.37290E-02 0.23477E-01 0.11095E+02     15270   11  176   35
 0.93963E+00 0.37207E-02 0.21834E-01 0.11548E+02     15275   11  178   35
 0.98554E+00 0.37186E-02 0.23498E-01 0.11095E+02     15280   11  176   35
 0.98531E+00 0.37116E-02 0.22094E-01 0.11548E+02     15285   11  180   35
 0.96979E+00 0.37124E-02 0.23501E-01 0.11095E+02     15290   11  176   35
 0.97669E+00 0.37167E-02 0.22326E-01 0.11549E+02     15295   11  179   35
-0.76175E+00 0.37234E-02 0.23488E-01 0.11095E+02     15300   10  182   37
 0.99465E+00 0.37275E-02 0.22528E-01 0.11549E+02     15305   11  179   35
 0.92220E+00 0.37336E-02 0.23460E-01 0.11095E+02     15310    6  374   37
 0.10087E+01 0.37410E-02 0.22699E-01 0.11549E+02     15315    6  374   37
 0.11210E+01 0.37406E-02 0.23443E-01 0.11095E+02     15320    6  373   37
 0.10212E+01 0.37477E-02 0.22847E-01 0.11549E+02     15325    6  372   37
 0.10854E+01 0.37481E-02 0.23414E-01 0.11095E+02     15330    6  372   37
 0.99869E+00 0.37512E-02 0.22951E-01 0.11549E+02     15335    6  371   37
 0.11150E+01 0.37526E-02 0.23383E-01 0.11095E+02     15340    6  371   37
 0.12250E+01 0.37550E-02 0.23021E-01 0.11548E+02     15345    6  371   37
 0.10377E+01 0.37480E-02 0.23355E-01 0.11095E+02     15350    6  371   36
 0.77671E+00 0.37391E-02 0.23061E-01 0.11548E+02     15355    7  375   36
 0.92403E+00 0.37315E-02 0.23329E-01 0.11095E+02     15360    7  375   36
 0.10608E+01 0.37213E-02 0.23060E-01 0.11548E+02     15365    7  375   36
 0.10958E+01 0.37188E-02 0.23281E-01 0.11096E+02     15370    7  375   37
 0.12166E+01 0.37180E-02 0.23023E-01 0.11548E+02     15375    7  375   37
 0.13356E+01 0.37150E-02 0.23247E-01 0.11096E+02     15380    7  375   37
 0.14342E+01 0.37219E-02 0.22966E-01 0.11548E+02     15385    7  375   37
 0.10431E+01 0.37223E-02 0.23212E-01 0.11096E+02     15390    5  177   37
 0.95233E+00 0.37337E-02 0.22865E-01 0.11547E+02     15395    7  374   37
 0.10261E+01 0.37348E-02 0.23195E-01 0.11096E+02     15400    7  374   37
 0.10832E+01 0.37463E-02 0.22763E-01 0.11547E+02     15405    7  374   37
 0.11570E+01 0.37470E-02 0.23208E-01 0.11095E+02     15410    7  374   37
 0.12279E+01 0.37598E-02 0.22653E-01 0.11548E+02     15415    7  374   37
 0.12987E+01 0.37676E-02 0.23236E-01 0.11095E+02     15420    7  374   37
 0.10259E+01 0.37771E-02 0.22533E-01 0.11548E+02     15425    7  373   37
 0.10899E+01 0.37831E-02 0.23285E-01 0.11094E+02     15430    7  373   37
 0.11232E+01 0.37990E-02 0.22398E-01 0.11548E+02     15435    7  373   37
 0.11268E+01 0.38073E-02 0.23327E-01 0.11094E+02     15440    7  373   37
 0.11397E+01 0.38235E-02 0.22247E-01 0.11549E+02     15445    7  373   37
 0.11799E+01 0.38326E-02 0.23361E-01 0.11093E+02     15450    7  373   37
 0.12379E+01 0.38519E-02 0.22082E-01 0.11549E+02     15455    7  373   37
 0.93188E+00 0.38615E-02 0.23392E-01 0.11093E+02     15460    7  372   37
 0.88221E+00 0.38759E-02 0.21905E-01 0.11549E+02     15465    7  372   37
 0.81508E+00 0.38786E-02 0.23416E-01 0.11093E+02     15470    7  372   37
 0.85025E+00 0.38863E-02 0.21776E-01 0.11549E+02     15475    9  183   36
 0.79131E+00 0.38778E-02 0.23431E-01 0.11092E+02     15480    7  179   37
 0.84281E+00 0.38827E-02 0.21798E-01 0.11549E+02     15485    7  179   37
 0.89844E+00 0.38727E-02 0.23439E-01 0.11092E+02     15490    6  177   36
-0.84913E+00 0.38744E-02 0.21804E-01 0.11549E+02     15495    8  181   37
 0.96866E+00 0.38661E-02 0.23437E-01 0.11092E+02     15500    6  177   36
-0.78656E+00 0.38645E-02 0.21796E-01 0.11549E+02     15505    6  372   36
 0.10022E+01 0.38596E-02 0.23443E-01 0.11092E+02     15510    6  177   37
-0.78123E+00 0.38575E-02 0.21777E-01 0.11549E+02     15515    6  372   36
 0.11308E+01 0.38552E-02 0.23448E-01 0.11092E+02     15520    6  177   36
-0.74560E+00 0.38503E-02 0.21817E-01 0.11549E+02     15525    6  372   36
 0.78597E+00 0.38523E-02 0.23458E-01 0.11092E+02     15530    8  374   37
 0.78710E+00 0.38623E-02 0.21855E-01 0.11549E+02     15535    6  177   35
 0.74945E+00 0.38720E-02 0.23468E-01 0.11093E+02     15540    8  180   35
-0.77609E+00 0.38841E-02 0.21872E-01 0.11549E+02     15545    7  372   37
-0.81503E+00 0.38945E-02 0.23490E-01 0.11092E+02     15550    7  372   37
 0.80551E+00 0.38994E-02 0.21912E-01 0.11549E+02     15555    7  179   36
 0.86838E+00 0.39047E-02 0.23500E-01 0.11093E+02     15560    9  182   35
 0.91184E+00 0.39129E-02 0.22041E-01 0.11549E+02     15565    8  180   36
 0.96655E+00 0.39207E-02 0.23480E-01 0.11093E+02     15570    8  180   37
 0.10926E+01 0.39224E-02 0.22097E-01 0.11548E+02     15575    8  180   36
 0.12037E+01 0.39310E-02 0.23454E-01 0.11093E+02     15580    8  180   37
 0.12525E+01 0.39310E-02 0.22100E-01 0.11548E+02     15585    8  180   36
 0.13936E+01 0.39383E-02 0.23441E-01 0.11094E+02     15590    8  180   37
 0.13610E+01 0.39370E-02 0.22071E-01 0.11548E+02     15595    8  180   36
 0.14877E+01 0.39446E-02 0.23449E-01 0.11094E+02     15600    8  180   37
 0.13116E+01 0.39383E-02 0.22010E-01 0.11548E+02     15605    8  180   36
 0.14507E+01 0.39441E-02 0.23449E-01 0.11094E+02     15610    8  180   37
 0.12311E+01 0.39390E-02 0.21914E-01 0.11548E+02     15615    8  180   35
 0.13992E+01 0.39513E-02 0.23450E-01 0.11094E+02     15620    8  180   37
 0.13444E+01 0.39565E-02 0.21821E-01 0.11548E+02     15625    8  180   36
 0.15354E+01 0.39778E-02 0.23461E-01 0.11094E+02     15630    8  180   37
 0.10927E+01 0.39856E-02 0.21873E-01 0.11548E+02     15635    7  177   36
 0.11515E+01 0.40058E-02 0.23472E-01 0.11094E+02     15640    7  178   37
 0.10608E+01 0.40172E-02 0.21939E-01 0.11548E+02     15645    8  179   35
 0.11674E+01 0.40359E-02 0.23465E-01 0.11094E+02     15650    7  178   37
 0.11492E+01 0.40456E-02 0.21981E-01 0.11548E+02     15655    8  179   37
 0.12121E+01 0.40610E-02 0.23443E-01 0.11094E+02     15660    8  179   36
 0.11446E+01 0.40688E-02 0.22016E-01 0.11548E+02     15665    8  179   35
 0.12170E+01 0.40862E-02 0.23438E-01 0.11095E+02     15670    8  179   36
 0.11942E+01 0.40874E-02 0.22075E-01 0.11548E+02     15675    8  179   37
 0.12355E+01 0.40994E-02 0.23450E-01 0.11094E+02     15680    8  179   36
 0.12362E+01 0.40960E-02 0.22128E-01 0.11548E+02     15685    8  179   37
 0.11204E+01 0.41080E-02 0.23457E-01 0.11094E+02     15690    9  181   37
 0.12752E+01 0.41075E-02 0.22146E-01 0.11548E+02     15695    8  179   37
 0.11057E+01 0.41153E-02 0.23467E-01 0.11094E+02     15700    8  179   36
 0.12545E+01 0.41205E-02 0.22109E-01 0.11548E+02     15705    8  179   37
 0.11241E+01 0.41273E-02 0.23484E-01 0.11094E+02     15710    8  178   35
 0.12333E+01 0.41216E-02 0.22039E-01 0.11549E+02     15715    8  179   37
 0.12240E+01 0.41249E-02 0.23513E-01 0.11094E+02     15720    8  178   35
 0.12518E+01 0.41191E-02 0.21954E-01 0.11549E+02     15725    8  178   36
 0.12897E+01 0.41320E-02 0.23560E-01 0.11094E+02     15730    8  178   35
 0.11359E+01 0.41317E-02 0.21844E-01 0.11550E+02     15735    8  178   36
 0.12812E+01 0.41479E-02 0.23590E-01 0.11094E+02     15740    8  178   35
 0.12550E+01 0.41436E-02 0.21704E-01 0.11550E+02     15745    8  178   36
 0.13482E+01 0.41635E-02 0.23680E-01 0.11094E+02     15750    9  180   36
 0.12179E+01 0.41542E-02 0.21533E-01 0.11550E+02     15755    9  180   35
 0.13930E+01 0.41785E-02 0.23784E-01 0.11094E+02     15760    9  180   37
 0.12707E+01 0.41633E-02 0.21349E-01 0.11550E+02     15765    9  180   35
 0.15475E+01 0.41756E-02 0.23930E-01 0.11094E+02     15770    9  180   36
 0.13012E+01 0.41530E-02 0.21319E-01 0.11550E+02     15775    8  176   35
 0.13558E+01 0.41612E-02 0.24049E-01 0.11094E+02     15780    8  177   35
 0.14082E+01 0.41375E-02 0.21240E-01 0.11550E+02     15785    9  180   35
 0.13035E+01 0.41477E-02 0.24144E-01 0.11094E+02     15790    6  371   37
 0.11967E+01 0.41262E-02 0.21170E-01 0.11550E+02     15795    7  376   37
 0.12165E+01 0.41275E-02 0.24495E-01 0.11094E+02     15800    7  376   37
 0.94854E+00 0.41067E-02 0.21170E-01 0.11550E+02     15805   10  182   37
 0.10088E+01 0.41143E-02 0.24880E-01 0.11094E+02     15810    9  179   37
 0.11397E+01 0.41018E-02 0.21171E-01 0.11550E+02     15815    7  375   36
 0.11030E+01 0.41069E-02 0.25191E-01 0.11094E+02     15820    7  375   37
 0.12035E+01 0.40962E-02 0.21177E-01 0.11550E+02     15825    7  375   37
 0.12944E+01 0.41122E-02 0.25397E-01 0.11094E+02     15830    7  375   37
 0.13725E+01 0.41093E-02 0.21190E-01 0.11551E+02     15835    7  375   37
 0.14287E+01 0.41204E-02 0.25494E-01 0.11094E+02     15840    7  375   37
 0.11019E+01 0.41132E-02 0.21211E-01 0.11551E+02     15845    9  178   36
 0.13803E+01 0.41258E-02 0.25484E-01 0.11094E+02     15850    9  176   35
 0.12585E+01 0.41217E-02 0.21246E-01 0.11552E+02     15855    9  178   35
 0.14457E+01 0.41284E-02 0.25372E-01 0.11094E+02     15860    9  176   35
 0.14184E+01 0.41227E-02 0.21294E-01 0.11552E+02     15865    9  177   35
 0.12671E+01 0.41333E-02 0.25152E-01 0.11093E+02     15870    7  374   37
 0.15456E+01 0.41249E-02 0.21336E-01 0.11553E+02     15875    9  177   35
 0.11265E+01 0.41360E-02 0.24818E-01 0.11093E+02     15880    7  373   37
 0.16154E+01 0.41291E-02 0.21359E-01 0.11553E+02     15885    9  177   35
 0.11198E+01 0.41379E-02 0.24416E-01 0.11093E+02     15890    7  373   37
 0.11625E+01 0.41258E-02 0.21378E-01 0.11553E+02     15895    7  373   37
 0.12185E+01 0.41371E-02 0.23987E-01 0.11093E+02     15900    7  373   37
 0.12731E+01 0.41326E-02 0.21372E-01 0.11553E+02     15905    7  373   37
 0.11002E+01 0.41450E-02 0.23876E-01 0.11093E+02     15910    7  383   37
 0.10721E+01 0.41414E-02 0.21362E-01 0.11553E+02     15915    7  383   37
 0.96524E+00 0.41511E-02 0.23807E-01 0.11093E+02     15920    7  383   37
 0.98166E+00 0.41507E-02 0.21460E-01 0.11553E+02     15925    8  384   37
 0.98321E+00 0.41614E-02 0.23764E-01 0.11093E+02     15930    8  384   37
 0.96152E+00 0.41627E-02 0.21592E-01 0.11553E+02     15935    6  180   35
 0.10963E+01 0.41681E-02 0.23721E-01 0.11094E+02     15940    6  180   36
 0.12036E+01 0.41705E-02 0.21710E-01 0.11553E+02     15945    6  180   35
 0.11978E+01 0.41786E-02 0.23692E-01 0.11094E+02     15950    6  180   36
 0.12299E+01 0.41852E-02 0.21821E-01 0.11553E+02     15955    6  180   35
 0.89501E+00 0.41912E-02 0.23673E-01 0.11094E+02     15960    7  182   36
 0.10096E+01 0.41955E-02 0.21938E-01 0.11553E+02     15965   10  177   35
 0.84645E+00 0.41945E-02 0.23661E-01 0.11093E+02     15970    7  182   35
 0.10331E+01 0.41904E-02 0.22052E-01 0.11553E+02     15975   10  178   35
 0.84256E+00 0.41809E-02 0.23659E-01 0.11093E+02     15980   10  176   35
 0.10880E+01 0.41766E-02 0.22155E-01 0.11553E+02     15985   10  177   35
-0.82312E+00 0.41598E-02 0.23651E-01 0.11093E+02     15990    6  380   37
 0.10796E+01 0.41549E-02 0.22220E-01 0.11553E+02     15995   10  177   35
 0.94743E+00 0.41361E-02 0.23641E-01 0.11092E+02     16000    6  179   36
 0.11179E+01 0.41377E-02 0.22246E-01 0.11554E+02     16005    8  183   37
 0.98194E+00 0.41174E-02 0.23637E-01 0.11092E+02     16010    6  179   36
 0.11080E+01 0.41240E-02 0.22222E-01 0.11554E+02     16015    6  179   37
 0.90180E+00 0.41079E-02 0.23629E-01 0.11092E+02     16020    6  179   36
 0.12074E+01 0.41214E-02 0.22144E-01 0.11554E+02     16025    6  179   37
 0.11153E+01 0.41177E-02 0.23626E-01 0.11091E+02     16030    4  370   37
 0.10462E+01 0.41333E-02 0.22025E-01 0.11554E+02     16035    4  373   37
 0.12537E+01 0.41406E-02 0.23628E-01 0.11091E+02     16040    4  382   37
 0.11178E+01 0.41404E-02 0.21886E-01 0.11554E+02     16045    8  183   36
 0.93672E+00 0.41391E-02 0.23633E-01 0.11091E+02     16050    4  379   37
 0.11186E+01 0.41571E-02 0.21722E-01 0.11554E+02     16055    8  183   36
 0.10492E+01 0.41510E-02 0.23663E-01 0.11090E+02     16060    8  182   37
 0.10127E+01 0.41617E-02 0.21779E-01 0.11554E+02     16065    8  182   36
 0.11859E+01 0.41615E-02 0.23690E-01 0.11090E+02     16070    8  182   37
 0.11025E+01 0.41728E-02 0.21870E-01 0.11554E+02     16075    8  182   36
 0.97991E+00 0.41728E-02 0.23710E-01 0.11090E+02     16080    7  181   37
 0.11125E+01 0.41835E-02 0.21965E-01 0.11554E+02     16085    8  182   36
 0.99085E+00 0.41772E-02 0.23732E-01 0.11090E+02     16090   11  180   35
 0.10024E+01 0.41836E-02 0.22049E-01 0.11553E+02     16095    8  182   35
 0.87335E+00 0.41840E-02 0.23749E-01 0.11090E+02     16100    5  374   37
 0.10088E+01 0.41926E-02 0.22120E-01 0.11553E+02     16105   11  179   35
 0.10719E+01 0.41968E-02 0.23757E-01 0.11090E+02     16110    5  374   37
 0.12279E+01 0.41998E-02 0.22151E-01 0.11553E+02     16115    8  182   36
 0.83371E+00 0.41982E-02 0.23766E-01 0.11089E+02     16120    6  383   35
 0.96350E+00 0.42049E-02 0.22129E-01 0.11553E+02     16125    5  372   37
 0.96445E+00 0.42010E-02 0.23768E-01 0.11089E+02     16130    5  177   36
 0.10913E+01 0.42063E-02 0.22071E-01 0.11554E+02     16135    7  180   37
 0.10245E+01 0.42129E-02 0.23777E-01 0.11089E+02     16140    5  177   36
 0.10834E+01 0.42207E-02 0.21981E-01 0.11554E+02     16145    6  385   37
 0.13178E+01 0.42225E-02 0.23775E-01 0.11089E+02     16150    9  183   37
 0.13989E+01 0.42243E-02 0.21850E-01 0.11553E+02     16155    9  183   36
 0.12682E+01 0.42268E-02 0.23759E-01 0.11090E+02     16160    6  383   37
 0.14441E+01 0.42341E-02 0.21690E-01 0.11553E+02     16165    9  183   36
 0.14793E+01 0.42382E-02 0.23743E-01 0.11090E+02     16170    7  382   37
 0.12185E+01 0.42436E-02 0.21502E-01 0.11553E+02     16175    5  177   37
 0.12070E+01 0.42507E-02 0.23718E-01 0.11090E+02     16180    8  386   37
 0.13148E+01 0.42548E-02 0.21575E-01 0.11553E+02     16185    5  177   35
 0.13406E+01 0.42556E-02 0.23704E-01 0.11090E+02     16190    5  176   36
 0.10478E+01 0.42566E-02 0.21625E-01 0.11553E+02     16195    5  176   35
 0.12270E+01 0.42616E-02 0.23705E-01 0.11090E+02     16200    6  374   37
 0.11441E+01 0.42549E-02 0.21721E-01 0.11553E+02     16205    6  373   37
 0.11330E+01 0.42486E-02 0.23703E-01 0.11091E+02     16210    6  372   37
 0.11468E+01 0.42439E-02 0.21918E-01 0.11553E+02     16215    6  372   37
 0.11427E+01 0.42403E-02 0.23686E-01 0.11091E+02     16220    6  371   37
 0.12735E+01 0.42376E-02 0.22085E-01 0.11552E+02     16225    6  371   37
 0.10272E+01 0.42347E-02 0.23661E-01 0.11091E+02     16230    8  384   37
 0.10036E+01 0.42275E-02 0.22218E-01 0.11552E+02     16235    8  384   37
 0.98313E+00 0.42246E-02 0.23635E-01 0.11091E+02     16240    8  384   37
 0.98091E+00 0.42148E-02 0.22351E-01 0.11552E+02     16245    8  382   37
 0.10480E+01 0.42180E-02 0.23610E-01 0.11091E+02     16250    8  382   37
 0.10958E+01 0.42191E-02 0.22583E-01 0.11552E+02     16255    7  375   37
 0.12232E+01 0.42208E-02 0.23567E-01 0.11091E+02     16260    7  375   37
 0.13495E+01 0.42233E-02 0.22798E-01 0.11552E+02     16265    7  375   37
 0.14571E+01 0.42290E-02 0.23515E-01 0.11092E+02     16270    7  375   37
 0.15256E+01 0.42336E-02 0.22970E-01 0.11552E+02     16275    7  375   37
-0.92315E+00 0.42353E-02 0.23476E-01 0.11092E+02     16280    7  384   37
 0.95163E+00 0.42369E-02 0.23126E-01 0.11552E+02     16285    7  374   37
 0.10370E+01 0.42320E-02 0.23467E-01 0.11091E+02     16290    8  180   37
 0.10669E+01 0.42246E-02 0.23266E-01 0.11552E+02     16295    7  374   37
 0.13330E+01 0.42083E-02 0.23483E-01 0.11091E+02     16300    6  177   36
 0.12532E+01 0.41976E-02 0.23384E-01 0.11553E+02     16305    7  374   37
 0.13945E+01 0.41794E-02 0.23513E-01 0.11090E+02     16310    8  180   37
 0.13761E+01 0.41656E-02 0.23475E-01 0.11553E+02     16315    6  177   37
 0.14959E+01 0.41464E-02 0.23563E-01 0.11089E+02     16320    8  180   37
 0.12772E+01 0.41399E-02 0.23542E-01 0.11553E+02     16325    6  176   36
 0.15503E+01 0.41303E-02 0.23617E-01 0.11089E+02     16330    8  180   37
 0.11318E+01 0.41269E-02 0.23560E-01 0.11554E+02     16335    7  373   37
 0.15406E+01 0.41166E-02 0.23653E-01 0.11088E+02     16340    8  180   37
 0.12957E+01 0.41266E-02 0.23537E-01 0.11554E+02     16345    6  184   37
 0.10786E+01 0.41113E-02 0.23682E-01 0.11088E+02     16350    6  183   37
 0.11506E+01 0.41219E-02 0.23468E-01 0.11554E+02     16355    6  183   36
 0.10523E+01 0.41188E-02 0.23688E-01 0.11088E+02     16360    6  183   37
 0.12198E+01 0.41372E-02 0.23331E-01 0.11554E+02     16365    6  183   36
 0.12204E+01 0.41462E-02 0.23663E-01 0.11088E+02     16370    8  180   37
 0.12843E+01 0.41650E-02 0.23130E-01 0.11553E+02     16375    6  183   35
 0.96973E+00 0.41732E-02 0.23640E-01 0.11088E+02     16380    9  181   36
 0.12420E+01 0.41845E-02 0.22883E-01 0.11553E+02     16385    6  183   35
 0.10959E+01 0.41869E-02 0.23620E-01 0.11088E+02     16390    9  181   36
 0.10713E+01 0.41946E-02 0.22606E-01 0.11552E+02     16395    8  179   36
 0.11997E+01 0.41954E-02 0.23599E-01 0.11088E+02     16400    9  181   36
 0.13496E+01 0.42016E-02 0.22305E-01 0.11552E+02     16405    9  181   37
 0.12617E+01 0.41942E-02 0.23581E-01 0.11089E+02     16410    9  181   36
 0.13330E+01 0.41938E-02 0.21986E-01 0.11552E+02     16415    9  181   37
 0.12534E+01 0.41791E-02 0.23575E-01 0.11089E+02     16420    9  181   36
 0.12340E+01 0.41784E-02 0.21676E-01 0.11552E+02     16425    9  181   37
 0.11717E+01 0.41672E-02 0.23597E-01 0.11089E+02     16430    7  177   35
 0.10629E+01 0.41688E-02 0.21595E-01 0.11551E+02     16435    7  177   36
 0.11748E+01 0.41678E-02 0.23617E-01 0.11089E+02     16440    7  177   35
 0.12029E+01 0.41677E-02 0.21526E-01 0.11551E+02     16445    7  176   36
 0.13964E+01 0.41675E-02 0.23668E-01 0.11089E+02     16450    7  177   35
 0.99215E+00 0.41639E-02 0.21451E-01 0.11551E+02     16455    9  180   35
 0.10684E+01 0.41658E-02 0.23865E-01 0.11089E+02     16460    9  180   36
 0.97828E+00 0.41580E-02 0.21449E-01 0.11551E+02     16465    7  184   36
 0.12232E+01 0.41620E-02 0.23999E-01 0.11089E+02     16470    9  180   36
 0.12825E+01 0.41538E-02 0.21472E-01 0.11551E+02     16475    9  180   35
 0.13774E+01 0.41512E-02 0.24054E-01 0.11089E+02     16480    9  180   36
 0.14203E+01 0.41445E-02 0.21506E-01 0.11551E+02     16485    9  180   35
 0.12731E+01 0.41373E-02 0.24020E-01 0.11089E+02     16490    6  383   37
 0.13049E+01 0.41297E-02 0.21538E-01 0.11551E+02     16495    6  383   37
 0.12583E+01 0.41312E-02 0.24015E-01 0.11090E+02     16500    6  383   37
 0.12335E+01 0.41257E-02 0.21576E-01 0.11551E+02     16505    7  183   35
 0.11152E+01 0.41282E-02 0.23905E-01 0.11090E+02     16510    8  381   37
 0.11429E+01 0.41250E-02 0.21631E-01 0.11551E+02     16515    8  381   37
 0.11267E+01 0.41206E-02 0.23762E-01 0.11090E+02     16520    8  381   37
 0.11251E+01 0.41099E-02 0.21678E-01 0.11552E+02     16525    8  382   37
 0.11494E+01 0.41128E-02 0.23779E-01 0.11090E+02     16530    8  385   37
 0.12537E+01 0.41038E-02 0.21692E-01 0.11552E+02     16535    8  385   37
 0.14162E+01 0.41064E-02 0.23795E-01 0.11090E+02     16540    8  385   37
 0.15614E+01 0.41090E-02 0.21666E-01 0.11552E+02     16545    8  385   37
 0.16877E+01 0.41160E-02 0.23805E-01 0.11090E+02     16550    8  385   37
 0.13663E+01 0.41121E-02 0.21601E-01 0.11552E+02     16555    8  384   37
 0.14846E+01 0.41175E-02 0.23816E-01 0.11091E+02     16560    8  177   35
 0.15154E+01 0.41202E-02 0.21509E-01 0.11552E+02     16565    8  384   37
 0.10803E+01 0.41350E-02 0.23829E-01 0.11091E+02     16570    8  184   36
-0.10195E+01 0.41380E-02 0.21392E-01 0.11552E+02     16575    6  384   37
 0.10738E+01 0.41612E-02 0.23837E-01 0.11092E+02     16580    8  186   36
 0.10623E+01 0.41717E-02 0.21358E-01 0.11552E+02     16585    8  177   37
 0.97364E+00 0.41861E-02 0.23825E-01 0.11092E+02     16590    8  186   36
 0.10840E+01 0.41918E-02 0.21330E-01 0.11552E+02     16595    8  177   37
 0.10688E+01 0.41999E-02 0.23832E-01 0.11092E+02     16600   10  181   37
 0.11759E+01 0.42081E-02 0.21317E-01 0.11552E+02     16605    8  176   37
 0.11496E+01 0.42211E-02 0.23810E-01 0.11093E+02     16610   10  181   37
 0.11677E+01 0.42350E-02 0.21300E-01 0.11551E+02     16615    9  178   35
 0.11980E+01 0.42388E-02 0.23775E-01 0.11093E+02     16620   10  181   37
 0.11828E+01 0.42412E-02 0.21285E-01 0.11551E+02     16625   10  181   37
 0.11974E+01 0.42423E-02 0.23732E-01 0.11093E+02     16630    9  176   35
 0.12095E+01 0.42379E-02 0.21282E-01 0.11551E+02     16635    9  178   35
 0.12494E+01 0.42331E-02 0.23678E-01 0.11093E+02     16640    6  180   35
 0.11063E+01 0.42226E-02 0.21353E-01 0.11551E+02     16645    6  373   37
 0.13586E+01 0.42142E-02 0.23622E-01 0.11093E+02     16650    9  177   35
 0.11234E+01 0.41939E-02 0.21411E-01 0.11551E+02     16655    6  371   37
 0.14800E+01 0.41865E-02 0.23734E-01 0.11093E+02     16660    9  177   35
 0.10134E+01 0.41730E-02 0.21472E-01 0.11551E+02     16665    7  376   37
 0.15579E+01 0.41684E-02 0.23802E-01 0.11093E+02     16670    9  177   35
 0.11860E+01 0.41593E-02 0.21518E-01 0.11551E+02     16675    7  376   37
 0.10328E+01 0.41557E-02 0.23807E-01 0.11093E+02     16680    5  383   37
 0.10898E+01 0.41546E-02 0.21569E-01 0.11551E+02     16685    7  375   36
 0.12003E+01 0.41580E-02 0.23745E-01 0.11093E+02     16690    7  375   36
 0.11542E+01 0.41576E-02 0.21600E-01 0.11551E+02     16695    7  375   37
 0.12575E+01 0.41657E-02 0.23608E-01 0.11093E+02     16700    7  375   37
 0.13473E+01 0.41699E-02 0.21593E-01 0.11551E+02     16705    7  375   37
 0.14231E+01 0.41777E-02 0.23603E-01 0.11093E+02     16710    7  375   37
 0.99434E+00 0.41804E-02 0.21591E-01 0.11551E+02     16715    7  374   37
 0.10782E+01 0.41824E-02 0.23613E-01 0.11092E+02     16720    7  374   37
 0.11421E+01 0.41797E-02 0.21564E-01 0.11551E+02     16725    7  374   37
 0.12273E+01 0.41780E-02 0.23617E-01 0.11092E+02     16730    7  374   37
 0.12998E+01 0.41761E-02 0.21538E-01 0.11552E+02     16735    7  374   37
 0.13678E+01 0.41768E-02 0.23633E-01 0.11092E+02     16740    7  374   37
 0.11017E+01 0.41758E-02 0.21479E-01 0.11552E+02     16745    7  373   37
 0.11304E+01 0.41777E-02 0.23712E-01 0.11092E+02     16750    7  373   37
 0.13046E+01 0.41813E-02 0.21407E-01 0.11552E+02     16755    6  384   37
 0.12501E+01 0.41881E-02 0.23898E-01 0.11092E+02     16760    6  384   37
 0.12066E+01 0.41850E-02 0.21350E-01 0.11552E+02     16765    7  373   37
 0.12761E+01 0.41948E-02 0.24018E-01 0.11092E+02     16770    7  373   37
 0.11456E+01 0.41992E-02 0.21354E-01 0.11552E+02     16775   10  178   35
 0.10768E+01 0.42121E-02 0.24055E-01 0.11092E+02     16780   10  177   35
 0.98418E+00 0.42160E-02 0.21360E-01 0.11552E+02     16785   10  178   35
 0.91648E+00 0.42320E-02 0.24024E-01 0.11092E+02     16790    8  382   36
 0.10822E+01 0.42454E-02 0.21375E-01 0.11552E+02     16795    8  385   37
 0.13979E+01 0.42587E-02 0.23915E-01 0.11092E+02     16800    8  385   37
 0.16521E+01 0.42688E-02 0.21378E-01 0.11552E+02     16805    8  385   37
 0.15148E+01 0.42779E-02 0.23722E-01 0.11092E+02     16810    8  384   37
 0.12874E+01 0.42749E-02 0.21431E-01 0.11552E+02     16815    8  383   37
 0.12166E+01 0.42802E-02 0.23631E-01 0.11091E+02     16820    8  383   37
-0.92935E+00 0.42813E-02 0.21602E-01 0.11552E+02     16825    6  381   37
 0.88348E+00 0.42863E-02 0.23639E-01 0.11091E+02     16830    8  375   37
-0.93806E+00 0.42831E-02 0.21753E-01 0.11552E+02     16835    7  383   37
-0.10768E+01 0.42821E-02 0.23652E-01 0.11091E+02     16840    7  383   37
-0.11536E+01 0.42686E-02 0.21889E-01 0.11552E+02     16845    7  383   37
-0.12368E+01 0.42603E-02 0.23673E-01 0.11091E+02     16850    7  383   37
-0.12433E+01 0.42525E-02 0.22023E-01 0.11553E+02     16855    7  383   37
-0.11636E+01 0.42469E-02 0.23685E-01 0.11091E+02     16860    7  383   37
-0.10808E+01 0.42371E-02 0.22142E-01 0.11553E+02     16865    7  383   37
-0.10345E+01 0.42367E-02 0.23687E-01 0.11090E+02     16870    7  383   37
 0.11622E+01 0.42409E-02 0.22242E-01 0.11553E+02     16875    8  181   37
 0.10642E+01 0.42440E-02 0.23686E-01 0.11090E+02     16880    5  183   35
 0.11663E+01 0.42443E-02 0.22324E-01 0.11553E+02     16885    8  181   37
-0.10857E+01 0.42389E-02 0.23690E-01 0.11090E+02     16890    8  383   37
-0.12012E+01 0.42406E-02 0.22320E-01 0.11553E+02     16895    8  383   37
-0.12712E+01 0.42300E-02 0.23683E-01 0.11090E+02     16900    8  383   37
-0.12580E+01 0.42290E-02 0.22251E-01 0.11553E+02     16905    8  383   37
-0.11864E+01 0.42096E-02 0.23696E-01 0.11089E+02     16910    8  383   37
 0.11848E+01 0.41994E-02 0.22139E-01 0.11553E+02     16915    4  373   37
-0.11136E+01 0.41924E-02 0.23724E-01 0.11089E+02     16920    8  383   37
-0.10754E+01 0.42018E-02 0.21999E-01 0.11554E+02     16925    8  383   37
 0.11523E+01 0.41925E-02 0.23749E-01 0.11089E+02     16930    7  379   37
 0.13039E+01 0.41930E-02 0.21843E-01 0.11554E+02     16935    6  382   37
 0.14936E+01 0.41932E-02 0.23777E-01 0.11088E+02     16940    6  382   37
 0.85251E+00 0.41970E-02 0.21812E-01 0.11554E+02     16945    4  372   36
 0.99878E+00 0.42010E-02 0.23804E-01 0.11088E+02     16950    6  381   37
 0.10481E+01 0.42098E-02 0.21772E-01 0.11554E+02     16955    7  384   37
 0.93324E+00 0.42142E-02 0.23834E-01 0.11087E+02     16960    7  378   36
 0.83836E+00 0.42271E-02 0.21689E-01 0.11554E+02     16965    7  385   37
 0.92649E+00 0.42380E-02 0.23839E-01 0.11087E+02     16970    9  182   37
 0.10628E+01 0.42532E-02 0.21674E-01 0.11554E+02     16975    9  182   37
 0.11587E+01 0.42597E-02 0.23859E-01 0.11087E+02     16980    9  182   37
 0.12536E+01 0.42692E-02 0.21706E-01 0.11554E+02     16985    7  383   37
 0.15965E+01 0.42651E-02 0.23889E-01 0.11087E+02     16990    7  383   37
 0.13138E+01 0.42712E-02 0.21767E-01 0.11555E+02     16995    7  382   37
 0.13406E+01 0.42678E-02 0.23931E-01 0.11087E+02     17000    7  382   37
 0.13242E+01 0.42733E-02 0.21801E-01 0.11555E+02     17005    5  180   35
 0.14862E+01 0.42835E-02 0.23973E-01 0.11086E+02     17010    9  182   36
 0.13750E+01 0.42935E-02 0.21785E-01 0.11555E+02     17015    8  385   37
 0.12930E+01 0.43047E-02 0.23993E-01 0.11086E+02     17020    5  178   35
 0.16261E+01 0.43090E-02 0.21764E-01 0.11555E+02     17025    5  179   35
 0.17211E+01 0.43194E-02 0.24020E-01 0.11086E+02     17030    9  182   36
 0.16294E+01 0.43169E-02 0.21840E-01 0.11555E+02     17035    8  384   37
 0.17030E+01 0.43171E-02 0.24067E-01 0.11086E+02     17040    8  384   37
 0.16082E+01 0.43129E-02 0.21828E-01 0.11555E+02     17045    8  383   37
 0.15396E+01 0.43192E-02 0.24076E-01 0.11086E+02     17050    8  383   37
 0.13191E+01 0.43198E-02 0.21772E-01 0.11555E+02     17055    9  182   35
 0.14363E+01 0.43334E-02 0.24061E-01 0.11086E+02     17060    6  180   35
 0.10963E+01 0.43366E-02 0.21755E-01 0.11555E+02     17065    8  185   36
 0.17189E+01 0.43492E-02 0.24055E-01 0.11087E+02     17070    6  180   35
 0.12560E+01 0.43456E-02 0.21810E-01 0.11555E+02     17075    8  185   36
 0.15712E+01 0.43521E-02 0.24039E-01 0.11087E+02     17080    6  179   35
 0.13102E+01 0.43558E-02 0.21904E-01 0.11555E+02     17085    6  179   36
 0.15144E+01 0.43717E-02 0.24023E-01 0.11087E+02     17090    6  179   35
 0.13986E+01 0.43785E-02 0.22014E-01 0.11555E+02     17095    6  179   36
 0.18153E+01 0.43921E-02 0.23993E-01 0.11088E+02     17100    6  179   35
 0.12396E+01 0.43934E-02 0.22144E-01 0.11554E+02     17105    6  179   37
-0.11566E+01 0.43972E-02 0.23980E-01 0.11088E+02     17110    8  381   37
 0.11989E+01 0.44012E-02 0.22299E-01 0.11554E+02     17115    6  179   37
-0.11872E+01 0.44045E-02 0.23961E-01 0.11088E+02     17120    8  382   37
 0.14195E+01 0.44073E-02 0.22472E-01 0.11554E+02     17125    7  180   35
 0.11795E+01 0.44081E-02 0.23959E-01 0.11088E+02     17130    6  178   37
 0.15324E+01 0.44059E-02 0.22664E-01 0.11554E+02     17135    7  180   35
 0.13035E+01 0.44036E-02 0.23965E-01 0.11088E+02     17140    7  375   37
 0.16224E+01 0.43960E-02 0.22884E-01 0.11555E+02     17145    7  180   35
 0.14782E+01 0.43908E-02 0.23977E-01 0.11088E+02     17150    7  375   37
 0.11673E+01 0.43743E-02 0.23084E-01 0.11555E+02     17155    5  381   37
 0.12148E+01 0.43672E-02 0.23987E-01 0.11088E+02     17160    6  177   35
 0.12172E+01 0.43485E-02 0.23287E-01 0.11555E+02     17165    7  374   37
 0.12952E+01 0.43374E-02 0.24011E-01 0.11087E+02     17170    7  374   37
 0.13659E+01 0.43089E-02 0.23468E-01 0.11556E+02     17175    7  374   37
 0.14120E+01 0.43009E-02 0.24042E-01 0.11087E+02     17180    6  177   35
 0.12563E+01 0.42790E-02 0.23619E-01 0.11556E+02     17185    7  179   35
 0.12126E+01 0.42676E-02 0.24074E-01 0.11087E+02     17190    6  382   37
 0.13154E+01 0.42577E-02 0.23732E-01 0.11556E+02     17195    7  179   35
 0.12004E+01 0.42592E-02 0.24102E-01 0.11086E+02     17200    6  382   37
 0.11576E+01 0.42613E-02 0.23810E-01 0.11557E+02     17205    6  382   37
 0.12401E+01 0.42648E-02 0.24145E-01 0.11086E+02     17210    7  383   37
 0.16307E+01 0.42724E-02 0.23862E-01 0.11557E+02     17215    7  383   37
 0.18991E+01 0.42834E-02 0.24198E-01 0.11085E+02     17220    7  383   37
 0.14919E+01 0.42860E-02 0.23872E-01 0.11558E+02     17225    7  383   37
 0.15845E+01 0.42979E-02 0.24250E-01 0.11085E+02     17230    7  382   37
 0.17474E+01 0.43046E-02 0.23835E-01 0.11558E+02     17235    7  382   37
 0.18498E+01 0.43125E-02 0.24305E-01 0.11084E+02     17240    7  382   37
 0.12782E+01 0.43128E-02 0.23758E-01 0.11559E+02     17245    8  180   37
 0.14081E+01 0.43148E-02 0.24365E-01 0.11083E+02     17250    8  180   36
 0.13410E+01 0.43138E-02 0.23659E-01 0.11560E+02     17255    7  381   37
 0.14890E+01 0.43169E-02 0.24422E-01 0.11083E+02     17260    7  381   37
 0.15856E+01 0.43199E-02 0.23517E-01 0.11560E+02     17265    7  381   37
 0.15970E+01 0.43214E-02 0.24447E-01 0.11082E+02     17270    8  180   35
 0.14493E+01 0.43224E-02 0.23316E-01 0.11560E+02     17275    8  385   37
 0.16375E+01 0.43247E-02 0.24469E-01 0.11082E+02     17280    8  385   37
 0.14454E+01 0.43208E-02 0.23082E-01 0.11560E+02     17285    8  384   37
 0.16124E+01 0.43264E-02 0.24501E-01 0.11082E+02     17290    8  384   37
 0.13287E+01 0.43314E-02 0.22879E-01 0.11561E+02     17295    7  177   35
 0.13864E+01 0.43396E-02 0.24536E-01 0.11082E+02     17300    7  380   37
 0.13050E+01 0.43510E-02 0.22873E-01 0.11561E+02     17305    8  383   37
 0.13402E+01 0.43595E-02 0.24579E-01 0.11081E+02     17310    8  383   37
 0.13622E+01 0.43693E-02 0.22859E-01 0.11561E+02     17315    8  383   37
 0.11675E+01 0.43785E-02 0.24722E-01 0.11081E+02     17320    8  179   35
 0.13215E+01 0.43789E-02 0.22813E-01 0.11562E+02     17325    8  179   36
 0.14356E+01 0.43780E-02 0.24886E-01 0.11081E+02     17330    8  179   35
 0.14032E+01 0.43815E-02 0.22718E-01 0.11562E+02     17335    8  179   36
 0.14515E+01 0.43779E-02 0.24992E-01 0.11081E+02     17340    8  179   35
 0.14277E+01 0.43673E-02 0.22666E-01 0.11561E+02     17345    8  179   37
 0.14400E+01 0.43571E-02 0.25155E-01 0.11081E+02     17350    8  179   35
 0.14803E+01 0.43446E-02 0.22727E-01 0.11561E+02     17355    8  179   37
 0.14514E+01 0.43376E-02 0.25428E-01 0.11081E+02     17360    8  179   35
 0.14941E+01 0.43282E-02 0.22753E-01 0.11561E+02     17365    8  179   37
 0.14655E+01 0.43123E-02 0.25663E-01 0.11081E+02     17370    8  179   35
 0.15689E+01 0.42882E-02 0.22739E-01 0.11561E+02     17375    8  176   35
 0.14043E+01 0.42796E-02 0.25835E-01 0.11082E+02     17380    8  178   35
 0.14539E+01 0.42728E-02 0.22656E-01 0.11561E+02     17385    8  179   37
 0.15070E+01 0.42760E-02 0.25911E-01 0.11082E+02     17390    8  178   35
 0.13207E+01 0.42727E-02 0.22539E-01 0.11561E+02     17395    8  178   36
 0.16657E+01 0.42912E-02 0.25886E-01 0.11083E+02     17400    8  178   35
 0.14029E+01 0.42877E-02 0.22413E-01 0.11561E+02     17405    8  177   36
 0.17032E+01 0.43054E-02 0.25751E-01 0.11083E+02     17410    8  177   35
 0.15291E+01 0.43053E-02 0.22269E-01 0.11560E+02     17415    9  180   35
 0.13028E+01 0.43245E-02 0.25503E-01 0.11084E+02     17420    9  180   36
 0.16501E+01 0.43354E-02 0.22133E-01 0.11560E+02     17425    9  180   35
 0.12556E+01 0.43525E-02 0.25178E-01 0.11084E+02     17430    9  176   35
 0.16515E+01 0.43515E-02 0.22066E-01 0.11560E+02     17435    9  180   35
 0.15946E+01 0.43517E-02 0.24779E-01 0.11084E+02     17440    9  180   36
 0.19083E+01 0.43389E-02 0.22083E-01 0.11560E+02     17445    9  180   35
 0.14448E+01 0.43432E-02 0.24906E-01 0.11085E+02     17450    9  176   35
 0.19993E+01 0.43376E-02 0.22082E-01 0.11560E+02     17455    9  180   35
 0.15353E+01 0.43460E-02 0.25008E-01 0.11085E+02     17460    9  176   35
 0.10289E+01 0.43336E-02 0.22052E-01 0.11560E+02     17465    9  179   36
 0.13261E+01 0.43352E-02 0.25063E-01 0.11085E+02     17470    9  179   35
 0.11561E+01 0.43367E-02 0.22041E-01 0.11560E+02     17475    9  179   36
 0.13933E+01 0.43526E-02 0.25044E-01 0.11085E+02     17480    9  177   35
 0.12239E+01 0.43658E-02 0.22021E-01 0.11560E+02     17485    9  178   35
 0.15784E+01 0.43789E-02 0.25009E-01 0.11085E+02     17490    9  177   35
 0.13902E+01 0.43899E-02 0.22008E-01 0.11560E+02     17495    9  178   35
 0.16850E+01 0.43973E-02 0.24968E-01 0.11085E+02     17500    9  177   35
 0.14815E+01 0.44076E-02 0.22001E-01 0.11560E+02     17505    9  178   35
 0.13043E+01 0.44090E-02 0.24903E-01 0.11085E+02     17510    6  371   37
 0.16895E+01 0.44183E-02 0.21993E-01 0.11560E+02     17515    9  178   35
 0.89637E+00 0.44240E-02 0.24825E-01 0.11086E+02     17520    7  185   35
 0.10885E+01 0.44309E-02 0.22182E-01 0.11559E+02     17525   10  181   35
 0.96640E+00 0.44356E-02 0.24729E-01 0.11086E+02     17530    5  380   37
 0.11706E+01 0.44408E-02 0.22361E-01 0.11559E+02     17535   10  181   35
-0.10568E+01 0.44414E-02 0.24634E-01 0.11086E+02     17540    5  370   37
 0.11702E+01 0.44463E-02 0.22507E-01 0.11559E+02     17545    8  386   37
 0.13264E+01 0.44439E-02 0.24524E-01 0.11086E+02     17550    8  386   37
 0.12122E+01 0.44414E-02 0.22617E-01 0.11559E+02     17555    8  386   37
 0.12383E+01 0.44326E-02 0.24399E-01 0.11086E+02     17560    7  376   37
 0.13385E+01 0.44358E-02 0.22745E-01 0.11558E+02     17565    7  376   37
 0.14951E+01 0.44338E-02 0.24262E-01 0.11086E+02     17570    7  384   37
 0.10955E+01 0.44363E-02 0.22870E-01 0.11558E+02     17575   10  177   35
 0.12542E+01 0.44234E-02 0.24103E-01 0.11087E+02     17580    7  375   37
 0.13748E+01 0.44247E-02 0.22983E-01 0.11558E+02     17585    7  375   37
 0.14670E+01 0.44062E-02 0.24056E-01 0.11087E+02     17590    7  375   37
